{"data":{"usCongressBioId":"A000066","familyName":"Ainslie","givenName":"George","unaccentedFamilyName":"Ainslie","unaccentedGivenName":"George","birthDate":"1838","birthCirca":false,"deathDate":"1913","deathCirca":false,"profileText":"A Delegate from the Territory of Idaho; born near Boonville, Cooper County, Mo., October 30, 1838; attended the common schools, and St. Louis (Mo.) University in 1856 and 1857; was graduated from the Jesuit College at St. Louis; studied law; was admitted to the bar in 1860 and commenced practice in Boonville, Mo.; moved to Colorado the same year, and in 1862 moved to that portion of the Territory of Washington that later became the Territory of Idaho; engaged in mining and also practiced law; member of the Idaho Territorial house of representatives in 1865 and 1866; edited the Idaho World from 1869 to 1873; district attorney of the second district in 1874 and 1876; elected as a Democrat to the Forty-sixth and Forty-seventh Congresses (March 4, 1879-March 3, 1883); unsuccessful candidate for reelection in 1882 to the Forty-eighth Congress; built the first electric street railway in Boise City, Idaho; settled in Oakland, Calif., and retired from active business pursuits; died in Oakland, Calif., May 19, 1913; the remains were cremated and the ashes deposited in the columbarium, Odd Fellows Cemetery, San Francisco, Calif.","relationship":[],"asset":[],"jobPositions":[{"job":{"name":"Delegate","jobType":"CongressMemberJob"},"congressAffiliation":{"congress":{"name":"The 46th United States Congress","congressNumber":46,"congressType":"USCongress","startDate":"1879-03-18","endDate":"1881-03-03"},"partyAffiliation":[{"party":{"name":"Democrat"}}],"caucusAffiliation":[{"party":{"name":"Democrat"}}],"represents":{"regionType":"StateRegion","regionCode":"ID"}}},{"job":{"name":"Delegate","jobType":"CongressMemberJob"},"congressAffiliation":{"congress":{"name":"The 47th United States Congress","congressNumber":47,"congressType":"USCongress","startDate":"1881-03-04","endDate":"1883-03-03"},"partyAffiliation":[{"party":{"name":"Democrat"}}],"caucusAffiliation":[{"party":{"name":"Democrat"}}],"represents":{"regionType":"StateRegion","regionCode":"ID"}}}],"creativeWork":[],"researchRecord":[{"name":"In the Sue L. McBeth Papers, 1859-1874, 70 items.","recordType":["Papers"],"description":"Includes correspondence between George Ainslie and Sue L. McBeth. A finding aid is available in the repository.","recordLocation":{"name":"Oklahoma Historical Society","location":{"addressLocality":"Oklahoma City","addressRegion":"OK"}}},{"name":"1889-1904, 7 items.","recordType":["Papers"],"description":"Deeds for real estate in Ada County and quartz mining location notices in the Seven Devils Mining Districts, Idaho. Individuals represented include George Ainslie.","recordLocation":{"name":"Special Collections, University of Idaho Libraries","location":{"addressLocality":"Moscow","addressRegion":"ID"},"parentRecordLocation":{"name":"University of Idaho","location":{"addressLocality":"Moscow","addressRegion":"ID"}}}}]}}
