{"data":{"usCongressBioId":"A000317","familyName":"Ashmun","givenName":"Eli","middleName":"Porter","unaccentedFamilyName":"Ashmun","unaccentedGivenName":"Eli","unaccentedMiddleName":"Porter","birthDate":"1770-06-24","birthCirca":false,"deathDate":"1819-05-10","deathCirca":false,"profileText":"(Father of George Ashmun), a Senator from Massachusetts; born in a small village north of Albany on the Hudson River, June 24, 1770; attended the village school; member of the State house of representatives 1803-1804; graduated from Middlebury College, Middlebury, Vt., in 1807; studied law; admitted to the bar and commenced practice in Blandford; moved to Northampton, Mass., in 1807 and continued the practice of law; member, State senate 1808-1810, 1813; member, Governor's council 1816; elected to the United States Senate to fill the vacancy caused by the resignation of Christopher Gore and served from June 12, 1816, to May 10, 1818, when he resigned; died in Northampton, Mass., May 10, 1819; interment in Bridge Street Cemetery in Northampton.","relationship":[],"asset":[],"jobPositions":[{"job":{"name":"Senator","jobType":"CongressMemberJob"},"congressAffiliation":{"congress":{"name":"The 14th United States Congress","congressNumber":14,"congressType":"USCongress","startDate":"1815-12-04","endDate":"1817-03-03"},"partyAffiliation":[{"party":{"name":"Federalist"}}],"caucusAffiliation":[{"party":{"name":"Federalist"}}],"represents":{"regionType":"StateRegion","regionCode":"MA"}},"startCirca":false,"startDate":"1816-06-12"},{"job":{"name":"Senator","jobType":"CongressMemberJob"},"congressAffiliation":{"congress":{"name":"The 15th United States Congress","congressNumber":15,"congressType":"USCongress","startDate":"1817-03-04","endDate":"1819-03-03"},"partyAffiliation":[{"party":{"name":"Federalist"}}],"caucusAffiliation":[{"party":{"name":"Federalist"}}],"represents":{"regionType":"StateRegion","regionCode":"MA"}},"endCirca":false,"endDate":"1818-05-10"}],"creativeWork":[{"freeFormCitationText":"<i>Hampshire Gazette</i> (Northampton, Mass.), July 6, 1819; <i>The National Cyclopaedia of American Biography</i>."}],"researchRecord":[{"name":"1799-1816. 5 letters.","recordType":["Papers"],"recordLocation":{"name":"Massachusetts Historical Society","url":"http://thomasjeffersonpapers.org/independence","location":{"addressLocality":"Boston","addressRegion":"MA"}}},{"recordLocation":{"name":"Massachusetts Historical Society","url":"http://thomasjeffersonpapers.org/independence","location":{"addressLocality":"Boston","addressRegion":"MA"}}}],"deleted":false}}
