{"data":{"usCongressBioId":"A000241","familyName":"Andrew","givenName":"Benjamin","unaccentedFamilyName":"Andrew","unaccentedGivenName":"Benjamin","birthDate":"1730","birthCirca":false,"deathDate":"1799","deathCirca":false,"profileText":"A Delegate from Georgia; born in Dorchester, S.C., in 1730; moved to Georgia in 1754 and became a planter in St. John's Parish; president of State Executive Council in 1777; elected as a Delegate to the Continental Congress in 1780; associate justice for the County of Liberty for several terms; died in Liberty County, Georgia, about 1799.","relationship":[],"asset":[],"jobPositions":[],"creativeWork":[],"researchRecord":[{"name":"In the Continental Congress collection, 1773-1798, 8 items.","recordType":["Papers"],"description":"Persons represented include Benjamin Andrew.","recordLocation":{"name":"Special Collections Libraries","location":{"addressLocality":"Athens","addressRegion":"GA"},"parentRecordLocation":{"name":"University of Georgia","url":"http://www.libs.uga.edu/russell","location":{"addressLocality":"Athens","addressRegion":"GA"}}}}]}}
