{"data":{"usCongressBioId":"B000369","familyName":"Bennet","givenName":"Hiram","middleName":"Pitt","honorificPrefix":"Mr.","unaccentedFamilyName":"Bennet","unaccentedGivenName":"Hiram","unaccentedMiddleName":"Pitt","birthDate":"1826-09-02","birthCirca":false,"deathDate":"1914-11-11","deathCirca":false,"profileText":"A Delegate from the Territory of Colorado; born in Carthage, Franklin County, Maine, September 2, 1826; moved to Ohio with his parents, who settled in Richland County in 1831; attended public and private schools and the Ohio Wesleyan University at Delaware; taught school in northwestern Missouri in 1850; studied law; was admitted to the bar in 1851 and practiced in western Iowa and later at Glenwood, Iowa; judge of the circuit court of Iowa in 1852; moved to Nebraska Territory in 1854, settled in Nebraska City, and continued the practice of law; unsuccessfully contested in 1855 as a Republican the election of Bird B. Chapman to the Thirty-fourth Congress; member of the Territorial council in 1856; member of the Territorial house of representatives in 1858 and served as speaker; moved to Denver, Colo., in 1859 and continued the practice of law; upon the admission of the Territory to representation was elected as a Conservative Republican, a Delegate to the Thirty-seventh Congress; reelected to the Thirty-eighth Congress and served from August 19, 1861, to March 3, 1865; was not a candidate for renomination in 1864; secretary of state of Colorado in 1867; appointed postmaster of Denver, Colo., on March 26, 1869, and served until May 27, 1874, when a successor was appointed; member of the first State senate in 1876; appointed ``State agent'' in 1888, and served until 1895 in recovering lands belonging to the State of Colorado which had been wrongfully disposed of; retired in 1899 and resided in Denver, Colo., until his death, November 11, 1914; interment in Riverside Cemetery.","relationship":[],"asset":[],"jobPositions":[{"job":{"name":"Delegate","jobType":"CongressMemberJob"},"congressAffiliation":{"congress":{"name":"The 37th United States Congress","congressNumber":37,"congressType":"USCongress","startDate":"1861-03-04","endDate":"1863-03-03"},"partyAffiliation":[{"party":{"name":"Conservative Republican"}}],"caucusAffiliation":[{"party":{"name":"Conservative Republican"}}],"represents":{"regionType":"StateRegion","regionCode":"CO"},"note":[{"type":"Note","noteType":"FootNote","content":"Took his seat December 2, 1861."}]}},{"job":{"name":"Delegate","jobType":"CongressMemberJob"},"startDate":"1863-03-04","startCirca":false,"congressAffiliation":{"congress":{"name":"The 38th United States Congress","congressNumber":38,"congressType":"USCongress","startDate":"1863-03-04","endDate":"1865-03-04"},"partyAffiliation":[{"party":{"name":"Conservative Republican"}}],"caucusAffiliation":[{"party":{"name":"Conservative Republican"}}],"represents":{"regionType":"StateRegion","regionCode":"CO"}}}],"creativeWork":[{"freeFormCitationText":"Bennet, Hiram Pitt.<i> Hiram Pitt Bennet: Pioneer, Frontier Lawyer, Politician</i>. Edited by Liston E. Leyendecker; co-editors, Conrad Woodall, Holley R. Lange, Susan L. Hoskinson. Denver, Colo.: Colorado Historical Society, 1988"},{"freeFormCitationText":"Silverman, Jason H. \"Making Brick Out of Straw: Delegate Hiram P. Bennet.\" <i>Colorado Magazine</i> 53 (Fall 1976): 310-27."}],"researchRecord":[{"name":"1865, 2 pages.","recordType":["Papers"],"description":"A letter written on January 30, 1865 by Hiram Pitt Bennet to John P. Slough concerning the Sand Creek Massacre.","recordLocation":{"name":"Beinecke Rare Book and Manuscript Library","location":{"addressLocality":"New Haven","addressRegion":"CT"},"parentRecordLocation":{"name":"Yale University","location":{"addressLocality":"New Haven","addressRegion":"CT"}}}},{"name":"In the Colorado Territorial Delegates collection, 1864-1867, 4 items.","recordType":["Papers"],"description":"Includes an autobiographical letter from Hiram P. Bennet. A finding aid in is available in the repository.","recordLocation":{"name":"Archives Department, Norlin Library","location":{"addressLocality":"Boulder","addressRegion":"CO"},"parentRecordLocation":{"name":"University of Colorado at Boulder","location":{"addressLocality":"Boulder","addressRegion":"CO"}}}},{"name":"1862, 1 item.","recordType":["Papers"],"description":"A letter from Hiram Pitt Bennet to Pres. Abraham Lincoln requesting the removal of Copeland Townsend as U.S. Marshal, Colorado Territory.","recordLocation":{"name":"Western History and Genealogy, Central Library","location":{"addressLocality":"Denver","addressRegion":"CO"},"parentRecordLocation":{"name":"Denver Public Library","location":{"addressLocality":"Denver","addressRegion":"CO"}}}},{"name":"In the Irving Wallace Stanton Papers, 1862-1880, 20 items.","recordType":["Papers"],"description":"Correspondents include Hiram P. Bennet.","recordLocation":{"name":"Western History and Genealogy, Central Library","location":{"addressLocality":"Denver","addressRegion":"CO"},"parentRecordLocation":{"name":"Denver Public Library","location":{"addressLocality":"Denver","addressRegion":"CO"}}}}]}}
