{"data":{"usCongressBioId":"B001030","familyName":"Buckner","givenName":"Alexander","unaccentedFamilyName":"Buckner","unaccentedGivenName":"Alexander","birthDate":"1785","birthCirca":false,"deathDate":"1833","deathCirca":false,"profileText":"A Senator from Missouri; born in Jefferson County, Ky., in 1785; studied law; moved to Charleston, Clark County, Ind., in 1812; moved to Missouri in 1818 and settled near Jackson, Cape Girardeau County; practiced law and also engaged in agricultural pursuits; appointed by the Territorial Governor as circuit attorney for the Cape Girardeau district; president of the State constitutional convention in 1820; member, State senate 1822-1826; elected to the United States Senate and served from March 4, 1831, until his death due to cholera in Cape Girardeau County, Mo., June 6, 1833; interment on his farm in Cape Girardeau County; reinterment in City Cemetery, Cape Girardeau, Mo., in 1897.","relationship":[],"asset":[],"jobPositions":[{"job":{"name":"Senator","jobType":"CongressMemberJob"},"congressAffiliation":{"congress":{"name":"The 22nd United States Congress","congressNumber":22,"congressType":"USCongress","startDate":"1831-12-05","endDate":"1833-03-02"},"partyAffiliation":[{"party":{"name":"Jacksonian"}}],"caucusAffiliation":[{"party":{"name":"Jacksonian"}}],"represents":{"regionType":"StateRegion","regionCode":"MO"}},"startCirca":false,"startDate":"1831-03-04"},{"job":{"name":"Senator","jobType":"CongressMemberJob"},"congressAffiliation":{"congress":{"name":"The 23rd United States Congress","congressNumber":23,"congressType":"USCongress","startDate":"1833-12-02","endDate":"1835-03-03"},"partyAffiliation":[{"party":{"name":"Jacksonian"}}],"caucusAffiliation":[{"party":{"name":"Jacksonian"}}],"represents":{"regionType":"StateRegion","regionCode":"MO"}},"endCirca":false,"endDate":"1833-06-06"}],"creativeWork":[],"researchRecord":[{"name":"1806-1864. 10 items.","recordType":["Papers"],"recordLocation":{"name":"Missouri Historical Society","location":{"addressLocality":"St. Louis","addressRegion":"MO"}}},{"name":"Miscellaneous items in various collections.","recordType":["Papers"],"recordLocation":{"name":"Missouri State Archives","location":{"addressLocality":"Jefferson City","addressRegion":"MO"}}},{"recordLocation":{"name":"Missouri State Archives","location":{"addressLocality":"Jefferson City","addressRegion":"MO"}}}]}}
