{"data":{"usCongressBioId":"C000273","familyName":"Chalmers","givenName":"Joseph","middleName":"Williams","unaccentedFamilyName":"Chalmers","unaccentedGivenName":"Joseph","unaccentedMiddleName":"Williams","birthDate":"1806","birthCirca":false,"deathDate":"1853","deathCirca":false,"profileText":"(Father of James Ronald Chalmers), a Senator from Mississippi; born in Halifax County, Va., 1806; studied law in the University of Virginia at Charlottesville, and in Richmond; admitted to the bar and practiced; moved to Jackson, Tenn., in 1835 and to Holly Springs, Miss., in 1839, practicing law in both places; vice chancellor of the northern Mississippi district in 1842 and 1843; appointed and subsequently elected as a Democrat to the United States Senate to fill the vacancy caused by the resignation of Robert J. Walker and served from November 3, 1845, to March 3, 1847; chairman, Committee on Engrossed Bills (Twenty-ninth Congress); engaged in the practice of law in Holly Springs, Marshall County, Miss., until his death on June 16, 1853; interment in Hill Crest Cemetery.","relationship":[],"asset":[],"jobPositions":[{"job":{"name":"Senator","jobType":"CongressMemberJob"},"congressAffiliation":{"congress":{"name":"The 29th United States Congress","congressNumber":29,"congressType":"USCongress","startDate":"1845-03-04","endDate":"1847-03-03"},"partyAffiliation":[{"party":{"name":"Democrat"}}],"caucusAffiliation":[{"party":{"name":"Democrat"}}],"represents":{"regionType":"StateRegion","regionCode":"MS"}},"startCirca":false,"startDate":"1845-11-03"}],"creativeWork":[],"researchRecord":[{"name":"1846. 2 letters.","recordType":["Papers"],"recordLocation":{"name":"Mississippi Department of Archives and History","location":{"addressLocality":"Jackson","addressRegion":"MS"}}}]}}
