{"data":{"usCongressBioId":"C000400","familyName":"Clagett","givenName":"William","middleName":"Horace","unaccentedFamilyName":"Clagett","unaccentedGivenName":"William","unaccentedMiddleName":"Horace","birthDate":"1838-09-21","birthCirca":false,"deathDate":"1901-08-03","deathCirca":false,"profileText":"a Delegate from the Territory of Montana; born in Upper Marlboro, Prince George's County, Md., September 21, 1838; moved with his father to Keokuk, Iowa, in 1850; attended the public schools; studied law in Keokuk and at the law school in Albany, N.Y.; was admitted to the bar in 1858 and commenced practice in Keokuk; moved to Carson City, Nev., in 1861 and Humboldt, Nev., in 1862 and continued the practice of law; member of the Territorial house of representatives in 1862 and 1863 and of the State house of representatives in 1864 and 1865; practiced law in Virginia City, Nev., Helena, Mont., and Deer Lodge, Mont.; elected as a Republican a Delegate from Montana to the Forty-second Congress (March 4, 1871-March 3, 1873); unsuccessful candidate for reelection in 1872 to the Forty-third Congress; resumed the practice of law in Deer Lodge, Mont., Denver, Colo., Deadwood, Dakota Territory, Portland, Oreg., and Coeur d'alene, Idaho; president of the constitutional convention of Idaho in 1889; unsuccessful candidate for election to the United States Senate from Idaho in 1891 and again in 1895; moved to Spokane, Wash., resumed the practice of law, and died there August 3, 1901; interment in Greenwood Cemetery.","relationship":[{"relatedTo":{"usCongressBioId":"P000268","familyName":"Pettengill","givenName":"Samuel","middleName":"Barrett","honorificPrefix":"Mr.","unaccentedFamilyName":"Pettengill","unaccentedGivenName":"Samuel","unaccentedMiddleName":"Barrett","birthDate":"1886-01-19","birthCirca":false,"deathDate":"1974-03-20","deathCirca":false},"relationshipType":"uncle"}],"asset":[],"jobPositions":[{"job":{"name":"Delegate","jobType":"CongressMemberJob"},"congressAffiliation":{"congress":{"name":"The 42nd United States Congress","congressNumber":42,"congressType":"USCongress","startDate":"1871-03-04","endDate":"1873-03-03"},"partyAffiliation":[{"party":{"name":"Republican"}}],"caucusAffiliation":[{"party":{"name":"Republican"}}],"represents":{"regionType":"StateRegion","regionCode":"MT"}}}],"creativeWork":[{"freeFormCitationText":"Clagett, William Horace. <i>Money, banks, panics, and prosperity</i>. [Washington, D.C.: Cromwell Bros., 1898]."},{"freeFormCitationText":"------. <i>Territorial courts. Speech of Hon. William H. Clagett, of Montana, in the House of Representatives, March 16, 1872</i>. [Washington: Printed at the <i>Congressional Globe</i> Office, 1872]."}],"researchRecord":[{"name":"In the William R. Marshall Papers, 1853-1894, 1 cubic foot.","recordType":["Papers"],"description":"The papers contain a letter from W. H. Clagett to William Marshall concerning Yellowstone National Park (July 14, 1894).","recordLocation":{"name":"Minnesota Historical Society","location":{"addressLocality":"St. Paul","addressRegion":"MN"}}},{"name":"1872, 1 item.","recordType":["Papers"],"description":"The letter, written by William Clagett and addressed from Washington, D.C., is to Seth Bullock in Helena and discusses the introduction of a bill to establish an assay office in Helena, and other political news.","recordLocation":{"name":"Library and Archives Department","location":{"addressLocality":"Helena","addressRegion":"MT"},"parentRecordLocation":{"name":"Montana Historical Society","location":{"addressLocality":"Helena","addressRegion":"MT"}}}},{"name":"ca. 1872-1894, 0.1 linear foot.","recordType":["Papers"],"description":"The William Clagett Collection includes four letters (1872) to Robert E. Fisk concerning <i>Helena Herald</i> business and his work in Congress; and photocopies of four letters (1894) concerning the founding of Yellowstone National Park, including two with the Minnesota Historical Society and two with Nathaniel P. Langford.","recordLocation":{"name":"Library and Archives Department","location":{"addressLocality":"Helena","addressRegion":"MT"},"parentRecordLocation":{"name":"Montana Historical Society","location":{"addressLocality":"Helena","addressRegion":"MT"}}}}],"deleted":false}}
