{"data":{"usCongressBioId":"D000472","familyName":"Downing","givenName":"Charles","honorificPrefix":"Mr.","unaccentedFamilyName":"Downing","unaccentedGivenName":"Charles","birthCirca":false,"birthDateUnknown":true,"deathDate":"1841-10-24","deathCirca":false,"profileText":"A Delegate from Florida; born in Virginia, birth date unknown; studied law; was admitted to the bar and practiced in St. Augustine, Fla.; member of the legislative council of the Territory of Florida, 1837; elected to the Twenty-fifth and Twenty-sixth Congresses (March 4, 1837-March 3, 1841); died on October 24, 1841, in St. Augustine, Fla.","relationship":[],"asset":[],"jobPositions":[{"job":{"name":"Delegate","jobType":"CongressMemberJob"},"startDate":"1837-03-04","startCirca":false,"congressAffiliation":{"congress":{"name":"The 25th United States Congress","congressNumber":25,"congressType":"USCongress","startDate":"1837-03-04","endDate":"1839-03-03"},"represents":{"regionType":"StateRegion","regionCode":"FL"}}},{"job":{"name":"Delegate","jobType":"CongressMemberJob"},"startDate":"1839-03-04","startCirca":false,"congressAffiliation":{"congress":{"name":"The 26th United States Congress","congressNumber":26,"congressType":"USCongress","startDate":"1839-12-02","endDate":"1841-03-03"},"represents":{"regionType":"StateRegion","regionCode":"FL"}}}],"creativeWork":[],"researchRecord":[{"name":"March 29, 1840. 1 letter.","recordType":["Papers"],"description":"Official correspondence. Finding aid in repository.","recordLocation":{"name":"New-York Historical Society","location":{"addressLocality":"New York","addressRegion":"NY"}}}],"deleted":false}}
