{"data":{"usCongressBioId":"D000006","familyName":"Daily","givenName":"Samuel","middleName":"Gordon","honorificPrefix":"Mr.","unaccentedFamilyName":"Daily","unaccentedGivenName":"Samuel","unaccentedMiddleName":"Gordon","birthDate":"1823","birthCirca":true,"deathDate":"1866-08-15","deathCirca":false,"profileText":"A Delegate from the Territory of Nebraska; born in Trimble County, Ky., in 1823; moved with his parents to Jefferson County, Ind., in 1824; attended the common schools and Hanover (Ind.) College; studied law; was admitted to the bar at Indianapolis and commenced practice in Madison, Ind.; unsuccessful candidate of the Free-Soil Party for election to the State legislature; moved to Indianapolis and engaged in the cooperage business; moved to Nebraska Territory in 1857 and settled in Peru, Nemaha County; built a sawmill on the Missouri River; member of the Territorial house of representatives in 1858; successfully contested as a Republican the election of Experience Estabrook to the Thirty-sixth Congress; reelected to the Thirty-seventh and Thirty-eighth Congresses and served from May 18, 1860, to March 3, 1865; appointed deputy collector of customs in New Orleans at the special request of President Lincoln in March 1865, which position he held until his death in New Orleans, La., August 15, 1866; interment in Mount Vernon Cemetery, Peru, Nebr.","relationship":[],"asset":[],"jobPositions":[{"job":{"name":"Delegate","jobType":"CongressMemberJob"},"startDate":"1860-05-18","startCirca":false,"congressAffiliation":{"congress":{"name":"The 36th United States Congress","congressNumber":36,"congressType":"USCongress","startDate":"1859-03-04","endDate":"1861-03-03"},"partyAffiliation":[{"party":{"name":"Republican"}}],"caucusAffiliation":[{"party":{"name":"Republican"}}],"represents":{"regionType":"StateRegion","regionCode":"NE"},"note":[{"type":"Note","noteType":"FootNote","content":"Successfully contested the election of Experience Estabrook, and took his seat May 18, 1860."}]}},{"job":{"name":"Delegate","jobType":"CongressMemberJob"},"startDate":"1861-03-04","startCirca":false,"congressAffiliation":{"congress":{"name":"The 37th United States Congress","congressNumber":37,"congressType":"USCongress","startDate":"1861-03-04","endDate":"1863-03-03"},"partyAffiliation":[{"party":{"name":"Republican"}}],"caucusAffiliation":[{"party":{"name":"Republican"}}],"represents":{"regionType":"StateRegion","regionCode":"NE"},"note":[{"type":"Note","noteType":"FootNote","content":"Election unsuccessfully contested by J. Sterling Morton."}]}},{"job":{"name":"Delegate","jobType":"CongressMemberJob"},"startDate":"1863-03-04","startCirca":false,"congressAffiliation":{"congress":{"name":"The 38th United States Congress","congressNumber":38,"congressType":"USCongress","startDate":"1863-03-04","endDate":"1865-03-04"},"partyAffiliation":[{"party":{"name":"Republican"}}],"caucusAffiliation":[{"party":{"name":"Republican"}}],"represents":{"regionType":"StateRegion","regionCode":"NE"}}}],"creativeWork":[],"researchRecord":[]}}
