{"data":{"usCongressBioId":"E000249","familyName":"Evans","givenName":"Josiah","middleName":"James","unaccentedFamilyName":"Evans","unaccentedGivenName":"Josiah","unaccentedMiddleName":"James","birthDate":"1786","birthCirca":false,"deathDate":"1858","deathCirca":false,"image":[{"caption":"Library of Congress"}],"profileText":"A Senator from South Carolina; born in Marlboro District, S.C., November 27, 1786; graduated from South Carolina College at Columbia in 1808; studied law; admitted to the bar and began practice in Marlboro District in 1811; member, State house of representatives 1812-1813; moved to Darlington District in 1816; member, State house of representatives; State solicitor for the northern district of South Carolina 1816-1829; judge of the circuit court 1829-1835; judge of the State supreme court 1829-1852; elected as a Democrat to the United States Senate and served from March 4, 1853, until his death in Washington, D.C., May 6, 1858; chairman, Committee to Audit and Control the Contingent Expenses (Thirty-third through Thirty-fifth Congresses), Committee on Revolutionary Claims (Thirty-fourth and Thirty-fifth Congresses); interment in a private cemetery at his ancestral home at Society Hill, Darlington County, S.C.","relationship":[],"asset":[],"jobPositions":[{"job":{"name":"Senator","jobType":"CongressMemberJob"},"congressAffiliation":{"congress":{"name":"The 33rd United States Congress","congressNumber":33,"congressType":"USCongress","startDate":"1853-03-04","endDate":"1855-03-03"},"partyAffiliation":[{"party":{"name":"Democrat"}}],"caucusAffiliation":[{"party":{"name":"Democrat"}}],"represents":{"regionType":"StateRegion","regionCode":"SC"}}},{"job":{"name":"Senator","jobType":"CongressMemberJob"},"congressAffiliation":{"congress":{"name":"The 34th United States Congress","congressNumber":34,"congressType":"USCongress","startDate":"1855-12-03","endDate":"1857-03-03"},"partyAffiliation":[{"party":{"name":"Democrat"}}],"caucusAffiliation":[{"party":{"name":"Democrat"}}],"represents":{"regionType":"StateRegion","regionCode":"SC"}}},{"job":{"name":"Senator","jobType":"CongressMemberJob"},"congressAffiliation":{"congress":{"name":"The 35th United States Congress","congressNumber":35,"congressType":"USCongress","startDate":"1857-03-04","endDate":"1859-03-03"},"partyAffiliation":[{"party":{"name":"Democrat"}}],"caucusAffiliation":[{"party":{"name":"Democrat"}}],"represents":{"regionType":"StateRegion","regionCode":"SC"}},"endCirca":false,"endDate":"1858-05-06"}],"creativeWork":[],"researchRecord":[{"name":"1 item.","recordType":["Papers"],"recordLocation":{"name":"Boston Public Library","location":{"addressLocality":"Boston","addressRegion":"MA"}}},{"name":"1854-1858. 6 items. Includes sketch of his career written for Charles Lanman.","recordType":["Papers"],"recordLocation":{"name":"South Caroliniana Library","location":{"addressLocality":"Columbia","addressRegion":"SC"},"parentRecordLocation":{"name":"University of South Carolina","location":{"addressLocality":"Columbia","addressRegion":"SC"}}}},{"name":"2 letters (1854, 1856) to his brother Abel E. Evans in Abel E. Evans family papers, 1848-1882. Relate to economic and political matters, including slavery. Finding aid.","recordType":["Papers"],"recordLocation":{"name":"Louisiana Tech University Library","location":{"addressLocality":"Ruston","addressRegion":"LA"}}}]}}
