{"data":{"usCongressBioId":"F000389","familyName":"Fromentin","givenName":"Eligius","unaccentedFamilyName":"Fromentin","unaccentedGivenName":"Eligius","birthDateUnknown":true,"deathDate":"1822","deathCirca":false,"profileText":"A Senator from Louisiana; born in France; pursued classical studies; ordained a Catholic priest; exercised his ministry at Etampes, France; fled from France during the Reign of Terror and immigrated to the United States, settling in Pennsylvania; moved to Maryland, where he taught school; studied law; subsequently left the church and moved to Louisiana; admitted to the bar and commenced practice in New Orleans; clerk to house of representatives of Orleans Territory 1807-1811; secretary of the State constitutional convention 1812; secretary of the State senate 1812-1813; elected to the United States Senate as a Democratic Republican and served from March 4, 1813, to March 3, 1819; appointed judge of the criminal court of New Orleans in 1821; appointed United States judge for west Florida and east Florida westward of the cape in May 1821, but soon resigned; resumed the practice of law in New Orleans and died there October 6, 1822.","relationship":[],"asset":[],"jobPositions":[{"job":{"name":"Senator","jobType":"CongressMemberJob"},"congressAffiliation":{"congress":{"name":"The 13th United States Congress","congressNumber":13,"congressType":"USCongress","startDate":"1813-05-24","endDate":"1815-03-03"},"partyAffiliation":[{"party":{"name":"Democratic Republican"}}],"caucusAffiliation":[{"party":{"name":"Republican"}}],"represents":{"regionType":"StateRegion","regionCode":"LA"}},"startCirca":false,"startDate":"1813-03-04"},{"job":{"name":"Senator","jobType":"CongressMemberJob"},"congressAffiliation":{"congress":{"name":"The 14th United States Congress","congressNumber":14,"congressType":"USCongress","startDate":"1815-12-04","endDate":"1817-03-03"},"partyAffiliation":[{"party":{"name":"Democratic Republican"}}],"caucusAffiliation":[{"party":{"name":"Republican"}}],"represents":{"regionType":"StateRegion","regionCode":"LA"}}},{"job":{"name":"Senator","jobType":"CongressMemberJob"},"congressAffiliation":{"congress":{"name":"The 15th United States Congress","congressNumber":15,"congressType":"USCongress","startDate":"1817-03-04","endDate":"1819-03-03"},"partyAffiliation":[{"party":{"name":"Democratic Republican"}}],"caucusAffiliation":[{"party":{"name":"Republican"}}],"represents":{"regionType":"StateRegion","regionCode":"LA"}}}],"creativeWork":[],"researchRecord":[{"name":"1816. 1 letter.","recordType":["Papers"],"recordLocation":{"name":"Manuscript Division","location":{"addressLocality":"Washington","addressRegion":"DC"},"parentRecordLocation":{"name":"Library of Congress","location":{"addressLocality":"Washington","addressRegion":"DC"}}}}]}}
