{"data":{"usCongressBioId":"F000080","familyName":"Ferguson","givenName":"Fenner","honorificPrefix":"Mr.","unaccentedFamilyName":"Ferguson","unaccentedGivenName":"Fenner","birthDate":"1814-04-25","birthCirca":false,"deathDate":"1859-10-11","deathCirca":false,"profileText":"A Delegate from the Territory of Nebraska; born in Nassau, Rensselaer County, N.Y., April 25, 1814; attended the common schools; studied law; was admitted to the bar in 1840 and commenced practice in Albany, N.Y.; moved to Albion, Mich., in 1846 and continued the practice of law; served successively as master in chancery, district attorney, and member of the State house of representatives 1854-1859; appointed by President Pierce as chief justice of the Territory of Nebraska in 1854; moved to Bellevue, Nebr., in October 1854; organized the first district and supreme courts of Nebraska; assisted the first Territorial legislature in drafting the first code of laws enacted for the government of the Territory; resigned as chief justice, having been elected as a Democrat to the Thirty-fifth Congress (March 4, 1857-March 3, 1859); was not a candidate for renomination in 1858; died in Bellevue, Nebr., on October 11, 1859; interment in Bellevue Cemetery.","relationship":[],"asset":[],"jobPositions":[{"job":{"name":"Delegate","jobType":"CongressMemberJob"},"startDate":"1857-03-04","startCirca":false,"congressAffiliation":{"congress":{"name":"The 35th United States Congress","congressNumber":35,"congressType":"USCongress","startDate":"1857-03-04","endDate":"1859-03-03"},"partyAffiliation":[{"party":{"name":"Democrat"}}],"caucusAffiliation":[{"party":{"name":"Democrat"}}],"represents":{"regionType":"StateRegion","regionCode":"NE"},"note":[{"type":"Note","noteType":"FootNote","content":"Election unsuccessfully contested by Bird B. Chapman."}]}}],"creativeWork":[],"researchRecord":[{"name":"1833-1859. ca. 50 items.","recordType":["Papers"],"description":"Biographical material and papers relating to his legal career and service in Congress.","recordLocation":{"name":"Nebraska State Historical Society","location":{"addressLocality":"Lincoln","addressRegion":"NE"}}}]}}
