{"data":{"usCongressBioId":"G000583","familyName":"Gottheimer","givenName":"Josh","middleName":"S.","unaccentedFamilyName":"Gottheimer","unaccentedGivenName":"Josh","unaccentedMiddleName":"S.","birthDate":"1975-03-08","birthCirca":false,"birthDateUnknown":false,"deathCirca":false,"deathDateUnknown":false,"profileText":"a Representative from New Jersey; born in North Caldwell, Essex County, N.J., March 8, 1975; graduated from West Essex Senior High School, North Caldwell, N.J., 1993; B.A., University of Pennsylvania, Philadelphia, Pa., 1997; J.D., Harvard Law School, Cambridge, Mass., 2004; special assistant and speechwriter for President William J. Clinton, 1998-2001; staff, Wesley Clark presidential campaign, 2004; staff, John Kerry presidential campaign, 2004; business executive; senior counselor to the chairman of the Federal Communications Commission, 2010-2012; elected as a Democrat to the One Hundred Fifteenth and to the four succeeding Congresses (January 3, 2017-present).","relationship":[],"asset":[],"jobPositions":[{"job":{"name":"Representative","jobType":"CongressMemberJob"},"congressAffiliation":{"congress":{"name":"The 115th United States Congress","congressNumber":115,"congressType":"USCongress","startDate":"2017-01-03","endDate":"2019-01-03"},"partyAffiliation":[{"party":{"name":"Democrat"}}],"caucusAffiliation":[{"party":{"name":"Democrat"}}],"represents":{"regionType":"StateRegion","regionCode":"NJ"}}},{"job":{"name":"Representative","jobType":"CongressMemberJob"},"congressAffiliation":{"congress":{"name":"The 116th United States Congress","congressNumber":116,"congressType":"USCongress","startDate":"2019-01-03","endDate":"2021-01-03"},"partyAffiliation":[{"party":{"name":"Democrat"}}],"caucusAffiliation":[{"party":{"name":"Democrat"}}],"represents":{"regionType":"StateRegion","regionCode":"NJ"}}},{"job":{"name":"Representative","jobType":"CongressMemberJob"},"startCirca":false,"endCirca":false,"congressAffiliation":{"congress":{"name":"The 117th United States Congress","congressNumber":117,"congressType":"USCongress","startDate":"2021-01-03","endDate":"2023-01-03"},"partyAffiliation":[{"party":{"name":"Democrat"},"startCirca":false,"endCirca":false}],"represents":{"regionType":"DistrictRegion","regionCode":"NJ"}}},{"job":{"name":"Representative","jobType":"CongressMemberJob"},"startCirca":false,"endCirca":false,"congressAffiliation":{"congress":{"congressNumber":118,"congressType":"USCongress","name":"The 118th United States Congress","startDate":"2023-01-03","endDate":"2025-01-03"},"partyAffiliation":[{"party":{"name":"Democrat"},"startCirca":false,"endCirca":false}],"caucusAffiliation":[{"party":{"name":"Democrat"},"startCirca":false,"endCirca":false}],"represents":{"regionType":"DistrictRegion","regionCode":"NJ"}}},{"job":{"name":"Representative","jobType":"CongressMemberJob"},"startDate":"2025-01-03","startCirca":false,"endCirca":false,"congressAffiliation":{"congress":{"name":"The 119th United States Congress","congressNumber":119,"congressType":"USCongress","startDate":"2025-01-03"},"electionType":"General","partyAffiliation":[{"party":{"name":"Democrat"},"startCirca":false,"endCirca":false}],"caucusAffiliation":[{"party":{"name":"Democrat"},"startCirca":false,"endCirca":false}],"represents":{"regionType":"DistrictRegion","regionCode":"NJ"}}}],"creativeWork":[],"researchRecord":[],"deleted":false}}
