{"data":{"usCongressBioId":"G000526","familyName":"Gunn","givenName":"James","unaccentedFamilyName":"Gunn","unaccentedGivenName":"James","birthDate":"1753","birthCirca":false,"deathDate":"1801","deathCirca":false,"profileText":"A Delegate and a Senator from Georgia; born in Virginia, March 13, 1753; attended the common schools; studied law; admitted to the bar and commenced practice in Savannah, Ga.; served during the Revolutionary War and, as a captain of dragoons, participated in the relief of Savannah, Ga., in 1782; served in county and state militia, becoming brigadier general in the latter; elected to the Continental Congress in 1787 but did not serve; elected to the United States Senate in 1789; reelected in 1795 and served from March 4, 1789, to March 3, 1801; died in Louisville, Jefferson County, Ga., July 30, 1801; interment in Old Capitol Cemetery.","relationship":[],"asset":[],"jobPositions":[{"job":{"name":"Senator","jobType":"CongressMemberJob"},"congressAffiliation":{"congress":{"name":"The 1st United States Congress","congressNumber":1,"congressType":"USCongress","startDate":"1789-03-04","endDate":"1791-03-03"},"partyAffiliation":[{"party":{"name":"Anti-Administration"}}],"caucusAffiliation":[{"party":{"name":"Anti-Administration"}}],"represents":{"regionType":"StateRegion","regionCode":"GA"}}},{"job":{"name":"Senator","jobType":"CongressMemberJob"},"congressAffiliation":{"congress":{"name":"The 2nd United States Congress","congressNumber":2,"congressType":"USCongress","startDate":"1791-03-04","endDate":"1793-03-02"},"partyAffiliation":[{"party":{"name":"Anti-Administration"}}],"caucusAffiliation":[{"party":{"name":"Anti-Administration"}}],"represents":{"regionType":"StateRegion","regionCode":"GA"}}},{"job":{"name":"Senator","jobType":"CongressMemberJob"},"congressAffiliation":{"congress":{"name":"The 3rd United States Congress","congressNumber":3,"congressType":"USCongress","startDate":"1793-03-04","endDate":"1795-03-03"},"partyAffiliation":[{"party":{"name":"Anti-Administration"}}],"caucusAffiliation":[{"party":{"name":"Anti-Administration"}}],"represents":{"regionType":"StateRegion","regionCode":"GA"}}},{"job":{"name":"Senator","jobType":"CongressMemberJob"},"congressAffiliation":{"congress":{"name":"The 4th United States Congress","congressNumber":4,"congressType":"USCongress","startDate":"1795-06-08","endDate":"1797-03-03"},"partyAffiliation":[{"party":{"name":"Anti-Administration"}}],"caucusAffiliation":[{"party":{"name":"Anti-Administration"}}],"represents":{"regionType":"StateRegion","regionCode":"GA"}}},{"job":{"name":"Senator","jobType":"CongressMemberJob"},"congressAffiliation":{"congress":{"name":"The 5th United States Congress","congressNumber":5,"congressType":"USCongress","startDate":"1797-03-04","endDate":"1799-03-03"},"partyAffiliation":[{"party":{"name":"Federalist"}}],"caucusAffiliation":[{"party":{"name":"Anti-Administration"}}],"represents":{"regionType":"StateRegion","regionCode":"GA"}}},{"job":{"name":"Senator","jobType":"CongressMemberJob"},"congressAffiliation":{"congress":{"name":"The 6th United States Congress","congressNumber":6,"congressType":"USCongress","startDate":"1799-12-02","endDate":"1801-03-03"},"partyAffiliation":[{"party":{"name":"Federalist"}}],"caucusAffiliation":[{"party":{"name":"Anti-Administration"}}],"represents":{"regionType":"StateRegion","regionCode":"GA"}}}],"creativeWork":[{"freeFormCitationText":"Lamplugh, George R. \"The Importance of Being Truculent: James Gunn, the Chatham Militia, and Georgia Politics, 1782-1789. <i>Georgia Historical Quarterly</i> 80 (Summer 1996): 227-45."},{"freeFormCitationText":"Mellichamp, Josephine. \"James Gunn.'' In <i>Senators from Georgia</i>, pp. 23-26. Huntsville, AL: Strode Publishers, 1976."}],"researchRecord":[{"name":"4 items. Letters, letterbook, autograph.","recordType":["Papers"],"recordLocation":{"name":"Georgia Historical Society","location":{"addressLocality":"Savannah","addressRegion":"GA"}}},{"name":"1 item (January 26, 1791) in Keith Reid collection.","recordType":["Papers"],"recordLocation":{"name":"Hargrett Library for Rare Books and Manuscripts","location":{"addressLocality":"Athens","addressRegion":"GA"},"parentRecordLocation":{"name":"University of Georgia","url":"http://www.libs.uga.edu/russell","location":{"addressLocality":"Athens","addressRegion":"GA"}}}},{"name":"1 item (November 11, 1790) in George Washington papers.","recordType":["Papers"],"recordLocation":{"name":"Manuscript Division","location":{"addressLocality":"Washington","addressRegion":"DC"},"parentRecordLocation":{"name":"Library of Congress","location":{"addressLocality":"Washington","addressRegion":"DC"}}}}]}}
