{"data":{"usCongressBioId":"H000870","familyName":"Howland","givenName":"Benjamin","unaccentedFamilyName":"Howland","unaccentedGivenName":"Benjamin","birthDate":"1755","birthCirca":false,"deathDate":"1821","deathCirca":false,"profileText":"A Senator from Rhode Island; born in Tiverton, R.I., July 27, 1755; attended the common schools; engaged in agricultural pursuits; collector of taxes 1801; town auditor 1802; town moderator 1805; member, State house of representatives 1810; general in the State militia during the War of 1812; elected as a Democratic Republican to the United States Senate to fill the vacancy caused by the death of Samuel J. Potter and served from October 29, 1804, until March 3, 1809; died in Tiverton, R.I., May 1, 1821; interment in the family lot on his estate.","relationship":[],"asset":[],"jobPositions":[{"job":{"name":"Senator","jobType":"CongressMemberJob"},"congressAffiliation":{"congress":{"name":"The 8th United States Congress","congressNumber":8,"congressType":"USCongress","startDate":"1803-10-17","endDate":"1805-03-03"},"partyAffiliation":[{"party":{"name":"Democratic Republican"}}],"caucusAffiliation":[{"party":{"name":"Republican"}}],"represents":{"regionType":"StateRegion","regionCode":"RI"}},"startCirca":false,"startDate":"1804-10-29"},{"job":{"name":"Senator","jobType":"CongressMemberJob"},"congressAffiliation":{"congress":{"name":"The 9th United States Congress","congressNumber":9,"congressType":"USCongress","startDate":"1805-12-02","endDate":"1807-03-03"},"partyAffiliation":[{"party":{"name":"Democratic Republican"}}],"caucusAffiliation":[{"party":{"name":"Republican"}}],"represents":{"regionType":"StateRegion","regionCode":"RI"}}},{"job":{"name":"Senator","jobType":"CongressMemberJob"},"congressAffiliation":{"congress":{"name":"The 10th United States Congress","congressNumber":10,"congressType":"USCongress","startDate":"1807-10-26","endDate":"1809-03-03"},"partyAffiliation":[{"party":{"name":"Democratic Republican"}}],"caucusAffiliation":[{"party":{"name":"Republican"}}],"represents":{"regionType":"StateRegion","regionCode":"RI"}}}],"creativeWork":[],"researchRecord":[{"name":"1784-1816. 15 autograph letters.","recordType":["Papers"],"recordLocation":{"name":"Rhode Island Historical Society","location":{"addressLocality":"Providence","addressRegion":"RI"}}},{"name":"1 to 10 items in various collections.","recordType":["Papers"],"recordLocation":{"name":"Brown University","location":{"addressLocality":"Providence","addressRegion":"RI"}}}]}}
