{"data":{"usCongressBioId":"L000387","familyName":"Locke","givenName":"Francis","unaccentedFamilyName":"Locke","unaccentedGivenName":"Francis","birthDate":"1776","birthCirca":false,"deathDate":"1823","deathCirca":false,"profileText":"(Nephew of Matthew Locke), a Senator from North Carolina; born in Rowan County, N.C., October 31, 1776; attended Zion-Parnassus Academy and the University of North Carolina at Chapel Hill; studied law; admitted to the bar and practiced; elected judge of the superior court of North Carolina in 1803 and served until 1814, when he resigned; elected to the United States Senate in 1814 to fill the vacancy caused by the resignation of David Stone, but resigned December 5, 1815, without having qualified; died in Rowan County, N.C., on January 8, 1823; interment in the Thyatira Churchyard, near Salisbury, N.C.","relationship":[],"asset":[],"jobPositions":[{"job":{"name":"Senator","jobType":"CongressMemberJob"},"congressAffiliation":{"congress":{"name":"The 13th United States Congress","congressNumber":13,"congressType":"USCongress","startDate":"1813-05-24","endDate":"1815-03-03"},"partyAffiliation":[{"party":{"name":"Unknown"}}],"caucusAffiliation":[{"party":{"name":"Unknown"}}],"represents":{"regionType":"StateRegion","regionCode":"NC"}}},{"job":{"name":"Senator","jobType":"CongressMemberJob"},"congressAffiliation":{"congress":{"name":"The 14th United States Congress","congressNumber":14,"congressType":"USCongress","startDate":"1815-12-04","endDate":"1817-03-03"},"partyAffiliation":[{"party":{"name":"Unknown"}}],"caucusAffiliation":[{"party":{"name":"Unknown"}}],"represents":{"regionType":"StateRegion","regionCode":"NC"}},"endCirca":false,"endDate":"1815-12-05"}],"creativeWork":[],"researchRecord":[{"name":"Life and papers discussed in a note from John Scott to Archibald D. Murphey in John W. Clark collection, 1777-1786.","recordType":["Papers"],"recordLocation":{"name":"North Carolina Department of Archives and History","location":{"addressLocality":"Raleigh","addressRegion":"NC"}}}]}}
