{"data":{"usCongressBioId":"L000377","familyName":"Lloyd","givenName":"James","unaccentedFamilyName":"Lloyd","unaccentedGivenName":"James","birthDate":"1756","birthCirca":false,"deathDate":"1830","deathCirca":false,"profileText":"A Senator from Maryland; born at \"Farley,\" near Chestertown, Kent County, Md., in 1756; pursued classical studies; studied law; admitted to the bar and practiced; commissioned second lieutenant in the Kent County Militia in 1776, and served during the Revolutionary War; general in the War of 1812; elected as a Federalist to the United States Senate to fill the vacancy caused by the resignation of John Henry and served from December 8, 1797, until December 1, 1800, when he resigned; engaged in the practice of law; died at \"Ratclift Manor,\" near Easton, Talbot County, Md., September 20, 1830; interment at \"Clover,\" the estate of his daughter, in Queen Annes County, Md.","relationship":[],"asset":[],"jobPositions":[{"job":{"name":"Senator","jobType":"CongressMemberJob"},"congressAffiliation":{"congress":{"name":"The 5th United States Congress","congressNumber":5,"congressType":"USCongress","startDate":"1797-03-04","endDate":"1799-03-03"},"partyAffiliation":[{"party":{"name":"Federalist"}}],"caucusAffiliation":[{"party":{"name":"Federalist"}}],"represents":{"regionType":"StateRegion","regionCode":"MD"}},"startCirca":false,"startDate":"1797-12-08"},{"job":{"name":"Senator","jobType":"CongressMemberJob"},"congressAffiliation":{"congress":{"name":"The 6th United States Congress","congressNumber":6,"congressType":"USCongress","startDate":"1799-12-02","endDate":"1801-03-03"},"partyAffiliation":[{"party":{"name":"Federalist"}}],"caucusAffiliation":[{"party":{"name":"Federalist"}}],"represents":{"regionType":"StateRegion","regionCode":"MD"}},"endCirca":false,"endDate":"1800-12-01"}],"creativeWork":[],"researchRecord":[{"name":"1 letter (August 11, 1806), Henry Knox to James Lloyd in Washington Irving's Life of George Washington, Volume XIV, Miscellany, 1784-1860.","recordType":["Papers"],"recordLocation":{"name":"Rare Book and Manuscript Collections","location":{"addressLocality":"Ithaca","addressRegion":"NY"},"parentRecordLocation":{"name":"Cornell University","location":{"addressLocality":"Ithaca","addressRegion":"NY"}}}}]}}
