{"data":{"usCongressBioId":"M000551","familyName":"McLean","givenName":"Samuel","honorificPrefix":"Mr.","unaccentedFamilyName":"McLean","unaccentedGivenName":"Samuel","birthDate":"1826-08-07","birthCirca":false,"deathDate":"1877-07-16","deathCirca":false,"profileText":"A Delegate from the Territory of Montana; born at Summit Hill, Carbon County, Pa., August 7, 1826; attended the select schools of Wyoming Valley, Pa., and Lafayette College, Easton, Pa.; studied law; was admitted to the bar in 1849 and commenced practice in Mauch Chunk, Pa.; prosecuting attorney of Carbon County, Pa., 1855-1860; attorney general of the provisional Territory of Jefferson (afterward Colorado) in 1860; moved to Bannock, Mont., in 1862; when the Territory of Montana was formed was elected as a Democrat to the Thirty-eighth and Thirty-ninth Congresses and served from January 6, 1865, to March 3, 1867; was not a candidate for renomination in 1866; president of McLean Silver Mining Co. in 1870; moved to Virginia and settled on a plantation near Burkeville in 1870; died in Burkeville, Nottoway County, Va., July 16, 1877; interment in the churchyard of the Presbyterian Church.","relationship":[],"asset":[],"jobPositions":[{"job":{"name":"Delegate","jobType":"CongressMemberJob"},"startDate":"1865-01-06","startCirca":false,"congressAffiliation":{"congress":{"name":"The 38th United States Congress","congressNumber":38,"congressType":"USCongress","startDate":"1863-03-04","endDate":"1865-03-04"},"partyAffiliation":[{"party":{"name":"Democrat"}}],"caucusAffiliation":[{"party":{"name":"Democrat"}}],"represents":{"regionType":"StateRegion","regionCode":"MT"},"note":[{"type":"Note","noteType":"FootNote","content":"Took his seat January 6, 1865."}]}},{"job":{"name":"Delegate","jobType":"CongressMemberJob"},"startDate":"1865-03-04","startCirca":false,"congressAffiliation":{"congress":{"name":"The 39th United States Congress","congressNumber":39,"congressType":"USCongress","startDate":"1865-03-04","endDate":"1867-03-03"},"partyAffiliation":[{"party":{"name":"Democrat"}}],"caucusAffiliation":[{"party":{"name":"Democrat"}}],"represents":{"regionType":"StateRegion","regionCode":"MT"}}}],"creativeWork":[],"researchRecord":[]}}
