{"data":{"usCongressBioId":"P000207","familyName":"Pendleton","givenName":"Nathaniel","unaccentedFamilyName":"Pendleton","unaccentedGivenName":"Nathaniel","birthDate":"1756","birthCirca":false,"deathDate":"1821","deathCirca":false,"profileText":"(Nephew of Edmund Pendleton and cousin of John Penn), a Delegate from Georgia; born in New Kent County, Va., in 1756; entered the Revolutionary Army at the age of 19 years; aide-de-camp to Gen. Nathanael Greene in the campaigns in the southern states; at the close of the war settled in Georgia and studied law, ultimately becoming a district judge; elected a delegate to the Federal Convention of 1787 but did not attend; appointed to a Federal judgeship in Georgia in 1789 and served until 1796 when he resigned; elected to the Continental Congress in 1789 but did not attend; moved to New York City in 1796 and practiced law; served as a second to Alexander Hamilton in Hamilton's duel with Aaron Burr; died in Hyde Park, N.Y., October 20, 1821; interment in St. James' Churchyard.","relationship":[],"asset":[],"jobPositions":[],"creativeWork":[],"researchRecord":[{"name":"In the Miscellaneous Manuscripts Collection, 1781-1910, 8 items.","recordType":["Papers"],"description":"These items include papers of Nathaniel Pendleton dating from 1781-1910.","recordLocation":{"name":"Manuscript Division","location":{"addressLocality":"Washington","addressRegion":"DC"},"parentRecordLocation":{"name":"Library of Congress","location":{"addressLocality":"Washington","addressRegion":"DC"}}}},{"name":"n.d., 1 item.","recordType":["Papers"],"description":"A memorandum signed by Nathaniel Pendleton but is an undated agreement between Richard Call and William Price.","recordLocation":{"name":"Department of Literary and Historical Manuscripts","location":{"addressLocality":"New York","addressRegion":"NY"},"parentRecordLocation":{"name":"The Morgan Library","location":{"addressLocality":"New York","addressRegion":"NY"}}}},{"name":"1785, 1 item.","recordType":["Papers"],"description":"A printed document signed by Nathaniel Pendleton on January 26, 1785.","recordLocation":{"name":"Department of Literary and Historical Manuscripts","location":{"addressLocality":"New York","addressRegion":"NY"},"parentRecordLocation":{"name":"The Morgan Library","location":{"addressLocality":"New York","addressRegion":"NY"}}}},{"name":"1787, 1 item.","recordType":["Papers"],"description":"A memorandum signed by Nathaniel Pendleton but is an agreement dated May 18, 1787, between Richard Call and Thomas Washington.","recordLocation":{"name":"Department of Literary and Historical Manuscripts","location":{"addressLocality":"New York","addressRegion":"NY"},"parentRecordLocation":{"name":"The Morgan Library","location":{"addressLocality":"New York","addressRegion":"NY"}}}},{"name":"1816, 1 item.","recordType":["Papers"],"description":"A letter from Nathaniel Pendleton to A. McIntyre written on October 11, 1816.","recordLocation":{"name":"Department of Literary and Historical Manuscripts","location":{"addressLocality":"New York","addressRegion":"NY"},"parentRecordLocation":{"name":"The Morgan Library","location":{"addressLocality":"New York","addressRegion":"NY"}}}},{"name":"1784, 1 item.","recordType":["Papers"],"description":"A letter from Nathaniel Pendleton to an unidentified recipient. In the letter, Nathaniel Pendleton writes that General Greene's letter indicates they will see him soon. Nathaniel Pendleton also discusses Georgia, admission to the bar, and women.","recordLocation":{"name":"Connecticut Historical Society","location":{"addressLocality":"Hartford","addressRegion":"CT"}}},{"name":"1767-1848, approximately 200 items.","recordType":["Papers"],"description":"The papers of Nathaniel Pendleton include correspondence, licenses and certificates, land papers, legal and financial documents, and a few family papers of jurist and Revolutionary War officer Nathaniel Pendleton of Virginia, Georgia, and New York City. The correspondence contains letters sent and received to and from various legal clients, judges, fellow attorney's, and professional associates concerning professional appointments, progress of individual suits and cases, including court martial proceedings against General Edmund Pendleton Gaines, land transactions, finances matters, and military and political affairs. The papers also include materials pertaining to Nathaniel Pendleton's friendship with Alexander Hamilton and his role as Alexander Hamilton's second in his duel with Aaron Burr, as well as maps and papers of Nathaniel Pendleton's father-in-law, Dr. John Bard. Papers of Nathaniel Pendleton's son, Edmund H. Pendleton, consists of correspondence with his wife Fanny, letters from Henry Clay, a document signed by Edmund H. Pendleton manumitting Paul Ray, July 5, 1822, born a slave to his father; and materials concerning the settlement of the estate inherited in part by Mary Jauncey de Varaigne of Paris, 1837-1848. Also present is a 17 page description of Georgia, written by Nathaniel Pendleton in 1800, entitled \"A Short Account of the Sea Coast of Georgia, in Respect to Agriculture, Ship-Building, Navigation and the Timber Trade.\"","recordLocation":{"name":"The New-York Historical Society Library","location":{"addressLocality":"New York","addressRegion":"NY"}}},{"name":"In the William Peter Van Ness Papers, 1800-1825, 0.4 linear foot.","recordType":["Papers"],"description":"Correspondents include Nathaniel Pendleton.","recordLocation":{"name":"The New-York Historical Society Library","location":{"addressLocality":"New York","addressRegion":"NY"}}}]}}
