{"data":{"usCongressBioId":"P000458","familyName":"Poston","givenName":"Charles","middleName":"Debrille","unaccentedFamilyName":"Poston","unaccentedGivenName":"Charles","unaccentedMiddleName":"Debrille","birthDate":"1825","birthCirca":false,"deathDate":"1902","deathCirca":false,"profileText":"A Delegate from the Territory of Arizona; born near Elizabethtown, Hardin County, Ky., April 20, 1825; attended the public schools; clerk in the county clerk's office; clerk of the supreme court at Nashville, Tenn.; moved to California in 1850 and settled in San Francisco; clerk in the customhouse at San Francisco 1850-1853; moved to Arizona in 1854 and became interested in silver mining; appointed by President Lincoln superintendent of Indian affairs in 1863 and was civilian aide to General Heintzelman the same year; when Arizona Territory was formed was elected as a Republican to the Thirty-eighth Congress and served from December 5, 1864, to March 3, 1865; unsuccessful candidate for reelection in 1864 to the Thirty-ninth Congress; studied law; was admitted to the bar in 1867 and commenced the practice of his profession in Washington, D.C.; appointed by President Hayes register of the United States land office at Florence, Ariz., in 1878; consular agent at El Paso, Tex., in 1890; died in Phoenix, Ariz., June 24, 1902; interment in Arizona Cemetery; reinterment under a rock cairn erected by the State of Arizona at the summit of Poston Butte, overlooking the town of Florence, Ariz., April 26, 1925.","relationship":[],"asset":[],"jobPositions":[{"job":{"name":"Delegate","jobType":"CongressMemberJob"},"congressAffiliation":{"congress":{"name":"The 38th United States Congress","congressNumber":38,"congressType":"USCongress","startDate":"1863-03-04","endDate":"1865-03-04"},"partyAffiliation":[{"party":{"name":"Republican"}}],"caucusAffiliation":[{"party":{"name":"Republican"}}],"represents":{"regionType":"StateRegion","regionCode":"AZ"},"note":[{"type":"Note","noteType":"FootNote","content":"Took his seat December 5, 1864."}]}}],"creativeWork":[{"freeFormCitationText":"Poston, Lawrence, III, ed. \"Poston vs. Goodwin: A Document on the Congressional Election of 1865.\" <i>Arizona and the West</i> 3 (Winter 1961): 351-54."},{"freeFormCitationText":"Poston, Charles Debrille. <i>Apache-land</i>. San Francisco: A. L. Bancroft &amp; Company, printers, 1878."},{"freeFormCitationText":"___. <i>Speech of Hon. Charles D. Poston, of Arizona, on Indian affairs. Delivered in the House of Representatives, Thursday, March 2, 1865</i>. New York: E. Jones &amp; Co., printers, 1865."},{"freeFormCitationText":"Goff, John S. <i>Charles D. Poston</i>. Cave Creek, AZ: Black Mountain Press, 1995."},{"freeFormCitationText":"Gressinger, A. W. <i>Charles D. Poston, Sunland Seer.</i> Globe, Ariz.: D. S. King, 1961."},{"freeFormCitationText":"Storms, C. Gilbert. <em>Reconnaissance in Sonora: Charles D. Poston's 1854 Exploration of Mexico and the Gadsden Purchase</em>. Tucson: University of Arizona Press, 2015."}],"researchRecord":[{"name":"2 boxes.","recordType":["Papers"],"description":"Correspondence concerning his biography, land records, and newspaper articles.","recordLocation":{"name":"Arizona Historical Society","location":{"addressLocality":"Tucson","addressRegion":"AZ"}}}]}}
