{"data":{"usCongressBioId":"R000554","familyName":"Ryall","givenName":"Daniel","middleName":"Bailey","honorificPrefix":"Mr.","unaccentedFamilyName":"Ryall","unaccentedGivenName":"Daniel","unaccentedMiddleName":"Bailey","birthDate":"1798-01-30","birthCirca":false,"deathDate":"1864-12-17","deathCirca":false,"profileText":"A Representative from New Jersey; born in Trenton, N.J., January 30, 1798; completed preparatory studies at Trenton, N.J.; attended Trenton Academy; studied law; was admitted to the bar in 1820 and commenced practice in Freehold, N.J.; member of the State general assembly 1831 and 1833-1835 and served as speaker 1833-1835; elected as a Democrat to the Twenty-sixth Congress (March 4, 1839-March 3, 1841); resumed the practice of law; died in Freehold, Monmouth County, N.J., December 17, 1864; interment in Maplewood Cemetery.","relationship":[],"asset":[],"jobPositions":[{"job":{"name":"Representative","jobType":"CongressMemberJob"},"startDate":"1839-03-04","startCirca":false,"congressAffiliation":{"congress":{"name":"The 26th United States Congress","congressNumber":26,"congressType":"USCongress","startDate":"1839-12-02","endDate":"1841-03-03"},"partyAffiliation":[{"party":{"name":"Democrat"}}],"caucusAffiliation":[{"party":{"name":"Democrat"}}],"represents":{"regionType":"StateRegion","regionCode":"NJ"}}}],"creativeWork":[],"researchRecord":[]}}
