{"data":{"usCongressBioId":"R000346","familyName":"Robinson","givenName":"Jonathan","unaccentedFamilyName":"Robinson","unaccentedGivenName":"Jonathan","birthDate":"1756","birthCirca":false,"deathDate":"1819","deathCirca":false,"profileText":"(Brother of Moses Robinson), a Senator from Vermont; born in Hardwick, Mass., August 11, 1756; received a limited schooling; moved to Bennington, Vt., in 1761; studied law; admitted to the bar in 1796 and commenced practice in Bennington, Vt.; town clerk 1795-1801; member, State house of representatives 1789-1802; judge of the Vermont probate court 1795-1798; chief justice of the supreme court of Vermont 1801-1807; elected in 1807 as a Democratic Republican to the United States Senate to fill the vacancy caused by the resignation of Israel Smith; reelected in 1809 and served from October 10, 1807, to March 3, 1815; was not a candidate for reelection in 1814; again judge of the probate court 1815-1819; member, State house of representatives in 1818; died in Bennington, Vt., on November 3, 1819; interment in the Old Bennington Cemetery, Bennington, Vt.","relationship":[],"asset":[],"jobPositions":[{"job":{"name":"Senator","jobType":"CongressMemberJob"},"congressAffiliation":{"congress":{"name":"The 10th United States Congress","congressNumber":10,"congressType":"USCongress","startDate":"1807-10-26","endDate":"1809-03-03"},"partyAffiliation":[{"party":{"name":"Democratic Republican"}}],"caucusAffiliation":[{"party":{"name":"Republican"}}],"represents":{"regionType":"StateRegion","regionCode":"VT"}},"startCirca":false,"startDate":"1807-10-10"},{"job":{"name":"Senator","jobType":"CongressMemberJob"},"congressAffiliation":{"congress":{"name":"The 11th United States Congress","congressNumber":11,"congressType":"USCongress","startDate":"1809-03-04","endDate":"1811-03-03"},"partyAffiliation":[{"party":{"name":"Democratic Republican"}}],"caucusAffiliation":[{"party":{"name":"Republican"}}],"represents":{"regionType":"StateRegion","regionCode":"VT"}}},{"job":{"name":"Senator","jobType":"CongressMemberJob"},"congressAffiliation":{"congress":{"name":"The 12th United States Congress","congressNumber":12,"congressType":"USCongress","startDate":"1811-11-04","endDate":"1813-03-03"},"partyAffiliation":[{"party":{"name":"Democratic Republican"}}],"caucusAffiliation":[{"party":{"name":"Republican"}}],"represents":{"regionType":"StateRegion","regionCode":"VT"}}},{"job":{"name":"Senator","jobType":"CongressMemberJob"},"congressAffiliation":{"congress":{"name":"The 13th United States Congress","congressNumber":13,"congressType":"USCongress","startDate":"1813-05-24","endDate":"1815-03-03"},"partyAffiliation":[{"party":{"name":"Democratic Republican"}}],"caucusAffiliation":[{"party":{"name":"Republican"}}],"represents":{"regionType":"StateRegion","regionCode":"VT"}}}],"creativeWork":[],"researchRecord":[{"name":"3 items.","recordType":["Papers"],"recordLocation":{"name":"Bailey/Howe Library","location":{"addressLocality":"Burlington","addressRegion":"VT"},"parentRecordLocation":{"name":"University of Vermont","location":{"addressLocality":"Burlington","addressRegion":"VT"}}}},{"name":"1 item.","recordType":["Papers"],"recordLocation":{"name":"Boston Public Library","location":{"addressLocality":"Boston","addressRegion":"MA"}}}]}}
