{"data":{"usCongressBioId":"R000546","familyName":"Rutherford","givenName":"Albert","middleName":"Greig","honorificPrefix":"Mr.","unaccentedFamilyName":"Rutherford","unaccentedGivenName":"Albert","unaccentedMiddleName":"Greig","birthDate":"1879-01-03","birthCirca":false,"deathDate":"1941-08-10","deathCirca":false,"profileText":"A Representative from Pennsylvania; born in Watford, Ontario Province, Canada, January 3, 1879; immigrated to the United States in 1883 with his parents, who settled in Carbondale, Pa.; attended the public schools, Blair Academy, Blairstown, N.J., and Scranton-Lackawanna Business College; was graduated from the law department of the University of Pennsylvania at Philadelphia in 1904; was admitted to the bar October 10, 1904, and commenced practice in Scranton, Pa.; affiliated with the Democratic Party; served as deputy prothonotary of Lackawanna County, Pa., 1907-1914; moved to Honesdale, Wayne County, Pa., in 1918 and continued the practice of law; enlisted in the Pennsylvania National Guard in 1904; served as a lieutenant colonel of the Second Pennsylvania Reserve Militia in 1918; elected as a Republican to the Seventy-fifth, Seventy-sixth, and Seventy-seventh Congresses and served from January 3, 1937, until his death in Washington, D.C., on August 10, 1941; interment in Glen Dyberry Cemetery, Honesdale, Pa.","relationship":[],"asset":[],"jobPositions":[{"job":{"name":"Representative","jobType":"CongressMemberJob"},"startDate":"1937-01-03","startCirca":false,"congressAffiliation":{"congress":{"name":"The 75th United States Congress","congressNumber":75,"congressType":"USCongress","startDate":"1937-01-03","endDate":"1939-01-03"},"partyAffiliation":[{"party":{"name":"Republican"}}],"caucusAffiliation":[{"party":{"name":"Republican"}}],"represents":{"regionType":"DistrictRegion","regionCode":"PA"}}},{"job":{"name":"Representative","jobType":"CongressMemberJob"},"startDate":"1939-01-03","startCirca":false,"congressAffiliation":{"congress":{"name":"The 76th United States Congress","congressNumber":76,"congressType":"USCongress","startDate":"1939-01-03","endDate":"1941-01-03"},"partyAffiliation":[{"party":{"name":"Republican"}}],"caucusAffiliation":[{"party":{"name":"Republican"}}],"represents":{"regionType":"DistrictRegion","regionCode":"PA"}}},{"job":{"name":"Representative","jobType":"CongressMemberJob"},"startDate":"1941-01-03","startCirca":false,"congressAffiliation":{"congress":{"name":"The 77th United States Congress","congressNumber":77,"congressType":"USCongress","startDate":"1941-01-03","endDate":"1943-01-03"},"partyAffiliation":[{"party":{"name":"Republican"}}],"caucusAffiliation":[{"party":{"name":"Republican"}}],"represents":{"regionType":"DistrictRegion","regionCode":"PA"}}}],"creativeWork":[],"researchRecord":[]}}
