{"data":{"usCongressBioId":"R000528","familyName":"Russell","givenName":"Jeremiah","honorificPrefix":"Mr.","unaccentedFamilyName":"Russell","unaccentedGivenName":"Jeremiah","birthDate":"1786-01-26","birthCirca":false,"deathDate":"1867-09-30","deathCirca":false,"profileText":"A Representative from New York; born in Saugerties, N.Y., January 26, 1786; received a limited schooling; engaged in mercantile pursuits, the real estate business, and banking; served several times as supervisor; member of the State assembly in 1842; elected as a Democrat to the Twenty-eighth Congress (March 4, 1843-March 3, 1845); unsuccessful candidate for reelection in 1844 to the Twenty-ninth Congress; resumed banking; died in Saugerties, Ulster County, N.Y., September 30, 1867; interment in Mountain View Cemetery.","relationship":[{"relationshipType":"father","relatedTo":{"usCongressBioId":"R000542","familyName":"Russell","givenName":"William","middleName":"Fiero","honorificPrefix":"Mr.","unaccentedFamilyName":"Russell","unaccentedGivenName":"William","unaccentedMiddleName":"Fiero","birthDate":"1812-01-14","birthCirca":false,"deathDate":"1896-04-29","deathCirca":false}}],"asset":[],"jobPositions":[{"job":{"name":"Representative","jobType":"CongressMemberJob"},"startDate":"1843-03-04","startCirca":false,"congressAffiliation":{"congress":{"name":"The 28th United States Congress","congressNumber":28,"congressType":"USCongress","startDate":"1843-12-04","endDate":"1845-03-03"},"partyAffiliation":[{"party":{"name":"Democrat"}}],"caucusAffiliation":[{"party":{"name":"Democrat"}}],"represents":{"regionType":"DistrictRegion","regionCode":"NY"}}}],"creativeWork":[],"researchRecord":[]}}
