{"data":{"usCongressBioId":"S000542","familyName":"Smith","givenName":"Gerrit","honorificPrefix":"Mr.","unaccentedFamilyName":"Smith","unaccentedGivenName":"Gerrit","birthDate":"1797-03-06","birthCirca":false,"birthDateUnknown":false,"deathDate":"1874-12-28","deathCirca":false,"deathDateUnknown":false,"profileText":"A Representative from New York; born in Utica, N.Y., March 6, 1797; moved to Peterboro in 1806; attended an academy in Clinton, N.Y.; was graduated from Hamilton College, Clinton, N.Y., in 1818; studied law; engaged in the management of a large estate which he inherited; delegate to the State conventions in 1824 and 1828; unsuccessful Liberty Party candidate for governor in 1840; unsuccessful presidential candidate in 1848; was admitted to the bar in 1853 and commenced practice in Peterboro, N.Y.; elected as a Free Soiler to the Thirty-third Congress, until his resignation on August 7, 1854 (March 4, 1853-August 7, 1854); resumed the practice of his profession, and was a publicist and philanthropist; he revived the Anti-Dramshop Party, but was a delegate to the Republican National Convention in 1872 and supported Grant; died in New York City December 28, 1874; interment in Peterboro Cemetery, Peterboro, Madison County, N.Y.","relationship":[],"asset":[],"jobPositions":[{"job":{"name":"Representative","jobType":"CongressMemberJob"},"startDate":"1853-03-04","startCirca":false,"endDate":"1854-08-07","endCirca":false,"departureReason":"Resigned","congressAffiliation":{"congress":{"name":"The 33rd United States Congress","congressNumber":33,"congressType":"USCongress","startDate":"1853-03-04","endDate":"1855-03-03"},"departureReason":"Resigned","partyAffiliation":[{"party":{"name":"Free Soil"},"startCirca":false,"endCirca":false}],"represents":{"regionType":"DistrictRegion","regionCode":"NY"},"note":[{"type":"Note","content":"Resigned August 7, 1854.","noteType":"FootNote"}]}}],"creativeWork":[{"freeFormCitationText":"Goodell, William.<i> Address of the Macedon Convention, by William Goodell; and letters of Gerrit Smith</i>. Albany: S. W. Green, 1847."},{"freeFormCitationText":"Frothingham, Octavius Brooks. <i>Gerrit Smith; A Biography</i>. New York: G.P. Putnam's Sons, 1878. Reprint, New York: Negro Universities Press, [1969]."},{"freeFormCitationText":"Hammond, Charles Addison. <i>Gerrit Smith. The story of a noble man life</i>. Geneva, N.Y.: Press of W. F. Humphrey, 1900."},{"freeFormCitationText":"Harlow, Ralph Volney. <i>Gerrit Smith, Philanthropist and Reformer</i>. New York: H. Holt and Co., 1939. Reprint, New York: Russell &amp; Russell, [1972]."},{"freeFormCitationText":"Huch, Ronald K. \"Patriotism Versus Philanthropy: A Letter From Gerrit Smith to Frederick Douglass.\" <i>New York History</i> 49 (July 1968): 327-35."},{"freeFormCitationText":"Smith, Gerrit. <i>Abstract of the argument on the Fugitive Slave Law, made by Gerrit Smith in Syracuse, June, 1852, on the trial of Henry W. Allen, U.S. Deputy Marshal, for Kidnapping</i>. Syracuse: Printed at the <i>Daily Journal</i> Office, [1852]."},{"freeFormCitationText":"------. <i>An address. Reported by Gerrit Smith to the</i> \"Christian Union Convention\" <i>held in Syracuse, August 21st, 1838</i>. [Syracuse, N.Y.?: N.p., 1838]."},{"freeFormCitationText":"------.<i> Be natural!: A discourse. By Gerrit Smith in Peterboro, November 20, 1864</i>. New York: American News, 1864."},{"freeFormCitationText":"------. <i>Compensated emancipation: A speech by Gerrit Smith, in the National Compensation Convention, held in Cleveland, Ohio, August 25, 26 and 27, 1857</i>. [Cleveland, Ohio?: N.p., 1857]."},{"freeFormCitationText":"------. <i>Controversy between </i>New-York Tribune<i> and Gerrit Smith</i>. New-York: Printed by J. A. Gray, 1855."},{"freeFormCitationText":"------. <i>Correspondence of Gerrit Smith with Albert Barnes</i>. 1868. New-York: American News Company; Philadelphia: A. Winch; [etc., etc., 1868?]"},{"freeFormCitationText":"------. <i>Extract from a speech of Hon. Gerrit Smith, to his neighbors, in Peterboro, New York, June 22, 1872</i>. [New York?: N.p., 1872]."},{"freeFormCitationText":"------. <i>Gerrit Smith on McClellan's nomination and acceptance</i>. New York: Loyal Publication Society, 1864."},{"freeFormCitationText":"------. <i>Gerrit Smith on religion</i>. New York: S. Tousey, 1863."},{"freeFormCitationText":"------. <i>Gerrit Smith on the Fort Pillow and Plymouth massacres</i>. [Peterboro? N.Y.: N.p., 1864]."},{"freeFormCitationText":"------. <i>Homes for all</i>. Washington, D.C.: Buell &amp; Blanchard printers, 1854."},{"freeFormCitationText":"------.<i> Nature the basis of a true theology : existing theologies false, because lacking this basis</i>. 2nd ed. Peterboro, New-York: For sale by Rev. J.W. West, 1867."},{"freeFormCitationText":"------.<i> No treason in civil war. Speech of Gerrit Smith, at Cooper Institute. New York, June 8, 1865</i>. New York: For sale by The American News Company, 1865."},{"freeFormCitationText":"------.<i> The one test of character. A discourse by Gerrit Smith, in Peterboro, July twenty-second, 1860</i>. New York: Ross &amp; Tousey, 1860."},{"freeFormCitationText":"------. <i>Personal liberty bill, March 1859</i>. [United States: N.p., 1859]."},{"freeFormCitationText":"------. <i>A petition, to the Congress of the United States, from the towns of Smithfield and Fenner, Madison County, (N.Y.) on the subject of Sabbath mails, etc</i>. [Peterboro, N.Y.?: N.p., 1829]."},{"freeFormCitationText":"------. <i>Religion of reason</i>. New-York: American News Company, 1864."},{"freeFormCitationText":"------. <i>Report from the county of Madison: To abolitionists</i>. [Peterboro, N.Y.?: N.p., 1843]."},{"freeFormCitationText":"------. <i>Sermons and speeches of Gerrit Smith</i>. New York: Ross &amp; Tousey, 1861. Reprint, New York: Arno Press, 1969."},{"freeFormCitationText":"------. <i>Spain--Cuba</i>. [Peterboro, N.Y.?: N.p., 1873]."},{"freeFormCitationText":"------. <i>Speech of Gerrit Smith, in Congress, on the reference of the President's message. December 20, 1853</i>. Washington, D.C.: Buell &amp; Blanchard, Printers, 1853."},{"freeFormCitationText":"------. <i>Speech of Gerrit Smith, made in the National Liberty Party Convention at Buffalo, September 17th, 1851, when the following resolutions were under discussion</i>. [Buffalo, N.Y.?: N.p., 1851]."},{"freeFormCitationText":"------. <i>Speech of Gerrit Smith, on the country, delivered at the Cooper Institute, New York, December 21, 1862</i>. New York: Baker &amp; Godwin, printers, 1862."},{"freeFormCitationText":"------.<i> Speech of Gerrit Smith: To his neighbors in Peterboro, N.Y., June 22d 1872</i>. [N.p., 1872?]"},{"freeFormCitationText":"------. <i>Speeches and letters of Gerrit Smith ... on the rebellion</i>. New York: J. A. Gray &amp; Green, printers [etc.], 1864-65."},{"freeFormCitationText":"------. <i>Speeches of Gerrit Smith in Congress [1853-1854]</i>. New-York: Mason Brothers, 1856."},{"freeFormCitationText":"------. <i>Substance of the speech made by Gerrit Smith, in the Capitol of the State of New York, March 11th and 12th, 1850</i>. 2d ed. enl. Syracuse: V. W. Smith &amp; Co., Printers, 1850."},{"freeFormCitationText":"------. <i>Three discourses on the religion of reason</i>. New York: Ross &amp; Tousey, 1859."},{"freeFormCitationText":"------. <i>The true office of civil government. A speech in the city of Troy</i>. New York: Printed by S. W. Benedict, 1851."}],"researchRecord":[{"name":"177 items.","recordType":["Papers"],"recordLocation":{"name":"Boston Public Library","location":{"addressLocality":"Boston","addressRegion":"MA"}}},{"name":"1834-1874. 45 letters.","recordType":["Papers"],"recordLocation":{"name":"New-York Historical Society","location":{"addressLocality":"New York","addressRegion":"NY"}}},{"name":"1819-1874. In Smith family papers, 1769-1907.","recordType":["Papers"],"description":"2 boxes. Includes family letters, printed circular letters, and political speeches. Described in published guide.","recordLocation":{"name":"New York Public Library","url":"http://www.nypl.org/research/chss/spe/rbk/mss","location":{"addressLocality":"New York","addressRegion":"NY"}}},{"name":"1840-1873. 12 items.","recordType":["Papers"],"recordLocation":{"name":"Manuscript Division","location":{"addressLocality":"Washington","addressRegion":"DC"},"parentRecordLocation":{"name":"Library of Congress","location":{"addressLocality":"Washington","addressRegion":"DC"}}}},{"name":"In Franklin Benjamin Sanborn papers, 1852-1879. 121 items.","recordType":["Papers"],"description":"Correspondence (1857-1872) with Smith and correspondence (1877-1879) with Octavius Brooks Frothingham concerning biography of Smith.","recordLocation":{"name":"Manuscript Division","location":{"addressLocality":"Washington","addressRegion":"DC"},"parentRecordLocation":{"name":"Library of Congress","location":{"addressLocality":"Washington","addressRegion":"DC"}}}},{"name":"1775-1924. 77 reels of microfilm.","recordType":["Papers"],"description":"Originals in the George Arents Research Library, Syracuse University.","recordLocation":{"name":"Manuscript Division","location":{"addressLocality":"Washington","addressRegion":"DC"},"parentRecordLocation":{"name":"Library of Congress","location":{"addressLocality":"Washington","addressRegion":"DC"}}}},{"name":"8 letters (1852-1863) in the Sydney Howard Gay collection.","recordType":["Papers"],"description":"Finding aid in repository.","recordLocation":{"name":"Rare Book and Manuscript Library","location":{"addressLocality":"New York","addressRegion":"NY"},"parentRecordLocation":{"name":"Columbia University","location":{"addressLocality":"New York","addressRegion":"NY"}}}},{"name":"2 letters (1866-1869) in the Griffing collection.","recordType":["Papers"],"description":"Finding aid in repository.","recordLocation":{"name":"Rare Book and Manuscript Library","location":{"addressLocality":"New York","addressRegion":"NY"},"parentRecordLocation":{"name":"Columbia University","location":{"addressLocality":"New York","addressRegion":"NY"}}}},{"name":"1 letter (September 26, 1836) in the L.S. Alexander Gumby collection.","recordType":["Papers"],"description":"Finding aid in repository.","recordLocation":{"name":"Rare Book and Manuscript Library","location":{"addressLocality":"New York","addressRegion":"NY"},"parentRecordLocation":{"name":"Columbia University","location":{"addressLocality":"New York","addressRegion":"NY"}}}},{"name":"8 letters (1836-1844) in the John Jay collection.","recordType":["Papers"],"description":"Finding aid in repository.","recordLocation":{"name":"Rare Book and Manuscript Library","location":{"addressLocality":"New York","addressRegion":"NY"},"parentRecordLocation":{"name":"Columbia University","location":{"addressLocality":"New York","addressRegion":"NY"}}}},{"name":"7 letters (1843-1860) in the Jay family collection.","recordType":["Papers"],"description":"Finding aid in repository.","recordLocation":{"name":"Rare Book and Manuscript Library","location":{"addressLocality":"New York","addressRegion":"NY"},"parentRecordLocation":{"name":"Columbia University","location":{"addressLocality":"New York","addressRegion":"NY"}}}},{"name":"2 letters (January 11, 1840; August 10, 1855) in the Thomas W. Olcott collection.","recordType":["Papers"],"description":"Finding aid in repository.","recordLocation":{"name":"Rare Book and Manuscript Library","location":{"addressLocality":"New York","addressRegion":"NY"},"parentRecordLocation":{"name":"Columbia University","location":{"addressLocality":"New York","addressRegion":"NY"}}}},{"name":"In Gerrit Smith Miller papers, 1780-1880. 77 feet (40,000 items).","recordType":["Papers"],"description":"Name index in library. Described in published calendar.","recordLocation":{"name":"The George Arents Research Library","location":{"addressLocality":"Syracuse","addressRegion":"NY"},"parentRecordLocation":{"name":"Syracuse University","location":{"addressLocality":"Syracuse","addressRegion":"NY"}}}},{"name":"1853. 1 vote in the Thomas C. Bright autograph collection.","recordType":["Papers"],"description":"On proxies. Finding aid in repository.","recordLocation":{"name":"Jervis Public Library","location":{"addressLocality":"Rome","addressRegion":"NY"}}}],"deleted":false}}
