{"data":{"usCongressBioId":"S000633","familyName":"Smith","givenName":"William","middleName":"Loughton","honorificPrefix":"Mr.","unaccentedFamilyName":"Smith","unaccentedGivenName":"William","unaccentedMiddleName":"Loughton","birthDate":"1758","birthCirca":true,"deathDate":"1812-12-19","deathCirca":false,"profileText":"A Representative from South Carolina; born in Charleston, S.C., in 1758; attended preparatory schools in England 1770-1774; studied law in the Middle Temple at London, England, in 1774; pursued higher studies in Geneva 1774-1778; returned to Charleston, S.C., in 1783; was admitted to the bar in 1784 and commenced practice in Charleston; engaged in agricultural pursuits on his estate near Charleston; member of the privy council in 1784; member of the state house of representatives 1787-1788; warden of the city of Charleston in 1786; elected as a Pro-Administration candidate to the First, Second and Third Congresses and reelected as a Federalist to the Fourth and Fifth Congresses and served from March 4, 1789, until July 10, 1797, when he resigned; chairman, Committee on Elections (Third Congress), Committee on Ways and Means (Fourth and Fifth Congresses); appointed United States Minister to Portugal and Spain on July 10, 1797, and served until September 9, 1801, when he took leave of absence; commissioned Minister to the Ottoman Porte on February 11, 1799, but did not reach that court; returned to Charleston; unsuccessful Federalist candidate for election in 1804, 1806, and 1808 to the Ninth, Tenth, and Eleventh Congresses; lieutenant in the state militia in 1808; again a member of the state house of representatives in 1808; president of the Santee Canal Co.; vice president of the Charleston Library Society and of the St. Cecilia Society; died in Charleston, S.C., December 19, 1812; interment in St. Philip's Churchyard.","relationship":[],"asset":[],"jobPositions":[{"job":{"name":"Representative","jobType":"CongressMemberJob"},"startDate":"1789-03-04","startCirca":false,"congressAffiliation":{"congress":{"name":"The 1st United States Congress","congressNumber":1,"congressType":"USCongress","startDate":"1789-03-04","endDate":"1791-03-03"},"partyAffiliation":[{"party":{"name":"Pro-Administration"}}],"caucusAffiliation":[{"party":{"name":"Federalist"}}],"represents":{"regionType":"DistrictRegion","regionCode":"SC"},"note":[{"type":"Note","noteType":"FootNote","content":"Took his seat April 13, 1789; on April 15, 1789, David Ramsay presented a petition claiming that Smith was ineligible because at the time of his election he had not been a citizen of the United States the term of years required by the Constitution, which was referred to the Committee on Elections; the committee reported on April 18, 1789, and on May 22, 1789, the House adopted a resolution that Mr. Smith was eligible at the time he was elected."}]}},{"job":{"name":"Representative","jobType":"CongressMemberJob"},"startDate":"1791-10-24","startCirca":false,"congressAffiliation":{"congress":{"name":"The 2nd United States Congress","congressNumber":2,"congressType":"USCongress","startDate":"1791-03-04","endDate":"1793-03-02"},"partyAffiliation":[{"party":{"name":"Pro-Administration"}}],"caucusAffiliation":[{"party":{"name":"Federalist"}}],"represents":{"regionType":"DistrictRegion","regionCode":"SC"}}},{"job":{"name":"Representative","jobType":"CongressMemberJob"},"startDate":"1793-12-02","startCirca":false,"congressAffiliation":{"congress":{"name":"The 3rd United States Congress","congressNumber":3,"congressType":"USCongress","startDate":"1793-03-04","endDate":"1795-03-03"},"partyAffiliation":[{"party":{"name":"Pro-Administration"}}],"caucusAffiliation":[{"party":{"name":"Federalist"}}],"represents":{"regionType":"DistrictRegion","regionCode":"SC"}}},{"job":{"name":"Representative","jobType":"CongressMemberJob"},"startDate":"1795-12-07","startCirca":false,"congressAffiliation":{"congress":{"name":"The 4th United States Congress","congressNumber":4,"congressType":"USCongress","startDate":"1795-06-08","endDate":"1797-03-03"},"partyAffiliation":[{"party":{"name":"Federalist"}}],"caucusAffiliation":[{"party":{"name":"Federalist"}}],"represents":{"regionType":"DistrictRegion","regionCode":"SC"}}},{"job":{"name":"Representative","jobType":"CongressMemberJob"},"startDate":"1797-05-15","startCirca":false,"congressAffiliation":{"congress":{"name":"The 5th United States Congress","congressNumber":5,"congressType":"USCongress","startDate":"1797-03-04","endDate":"1799-03-03"},"partyAffiliation":[{"party":{"name":"Federalist"}}],"caucusAffiliation":[{"party":{"name":"Federalist"}}],"represents":{"regionType":"DistrictRegion","regionCode":"SC"},"note":[{"type":"Note","noteType":"FootNote","content":"Resigned July 10, 1797, having been appointed minister plenipotentiary to Portugal."},{"type":"Note","noteType":"FootNote","content":"Many biographical errors have resulted from the fact that Smith of Charleston district and Smith of Spartan district both formerly were known as ‘‘William Smith.’’ It was about this time that Smith of Charleston district changed his name to ‘‘William Loughton Smith.’’"}]}}],"creativeWork":[{"freeFormCitationText":"Madison, James. <i>Speech in the House of Representatives of the Congress of the United States, delivered January 14, 1794</i> / by James Madison of Virginia in support of his propositions for the promotion of the commerce of the United States, and in reply to William Smith of South-Carolina. New-York: Printed at Greenleaf's Press, 1794."},{"freeFormCitationText":"Rogers, George C. <i>Evolution of a Federalist: William Loughton Smith of Charleston (1758-1812)</i>. Columbia: University of South Carolina Press, 1962."},{"freeFormCitationText":"Smith, William Loughton.<i> An address from William Smith of South Carolina, to his constituents</i>. Philadelphia: N.p., printed in the year 1794."},{"freeFormCitationText":"------. <i>American arguments for British rights</i>. South Carolina: Printed at Charlestown, South Carolina, 1806."},{"freeFormCitationText":"------. <i>A candid examination of the objections to the treaty of amity, commerce, and navigation, between the United States and Great Britain: As stated in the report of the committee, appointed by the citizens of the United States, in Charleston, South-Carolina</i> / by a Citizen of South Carolina. Charleston: Printed by W.P. Young, July 31, 1795."},{"freeFormCitationText":"------. <i>A comparative view of the constitutions of the several states with each other</i>. City of Washington: Thompson and Homans, 1832."},{"freeFormCitationText":"------. <i>A comparative view of the constitutions of the several states with each other, and with that of the United States: Exhibiting in tables the prominent features of each constitution, and classing together their most important provisions under the several heads of administration: With notes and observations</i>. Philadelphia: Printed by John Thompson and sold by all the booksellers in the United States, 1796."},{"freeFormCitationText":"------. <i>Journal of William Loughton Smith, 1790-1791</i>. Edited by Albert Matthews. Cambridge: The University Press, 1917."},{"freeFormCitationText":"------. <i>An oration, delivered in St. Philip's Church</i>. Printed by W. P. Young, no.43, Broad-street, Charleston [1796]."},{"freeFormCitationText":"------. <i>The politicks and views of a certain party displayed</i>. [United States]: N.p., Printed in the year 1792."},{"freeFormCitationText":"------. <i>The pretensions of Thomas Jefferson to the presidency examined: And the charges against John Adams refuted: Addressed to the citizens of American in general, and particularly to the electors of the president</i>. United States: N.p., October[-November] 1796."},{"freeFormCitationText":"------. <i>The speech of Mr. Smith, of South Carolina: In the House of Representatives of the United States, on the subject of reduction of the public debt, December 1794</i>. [Philadelphia: N.p.,1795]."},{"freeFormCitationText":"------. <i>The speeches of Mr. Smith, of South Carolina, delivered in the House of Representatives of the United States, in January, 1794: On the subject of certain commercial regulations, proposed by Mr. Madison</i>. Philadelphia: N.p., 1794."}],"researchRecord":[{"name":"1788-1801. 1 container.","recordType":["Papers"],"recordLocation":{"name":"Manuscript Division","location":{"addressLocality":"Washington","addressRegion":"DC"},"parentRecordLocation":{"name":"Library of Congress","location":{"addressLocality":"Washington","addressRegion":"DC"}}}},{"name":"August 12, 1807; September 25, 1808. 2 letters.","recordType":["Papers"],"description":"Finding aid in repository.","recordLocation":{"name":"New-York Historical Society","location":{"addressLocality":"New York","addressRegion":"NY"}}},{"name":"At least 5 letters (1790) in the Coxe papers.","recordType":["Papers"],"recordLocation":{"name":"Historical Society of Pennsylvania","location":{"addressLocality":"Philadelphia","addressRegion":"PA"}}},{"name":"At least 1 item (1790).","recordType":["Papers"],"recordLocation":{"name":"Rosenbach Museum and Library","location":{"addressLocality":"Philadelphia","addressRegion":"PA"}}},{"name":"At least 1 item (1790) in the Thomas Addis Emmet collection.","recordType":["Papers"],"recordLocation":{"name":"New York Public Library","url":"http://www.nypl.org/research/chss/spe/rbk/mss","location":{"addressLocality":"New York","addressRegion":"NY"}}},{"name":"At least 1 item (1789) in the Legislative Papers.","recordType":["Papers"],"recordLocation":{"name":"South Carolina Department of Archives and History","location":{"addressLocality":"Columbia","addressRegion":"SC"}}},{"name":"1774-1832. 2 feet.","recordType":["Papers"],"description":"Correspondence, travel journals, financial accounts, estate papers, and writings.","recordLocation":{"name":"South Carolina Historical Society","location":{"addressLocality":"Charleston","addressRegion":"SC"}}}]}}
