{"data":{"usCongressBioId":"S000900","familyName":"Stewart","givenName":"Andrew","honorificPrefix":"Mr.","unaccentedFamilyName":"Stewart","unaccentedGivenName":"Andrew","birthDate":"1836-04-06","birthCirca":false,"deathDate":"1903-10-18","deathCirca":false,"profileText":"A Representative from Pennsylvania; born in Uniontown, Fayette County, Pa., April 6, 1836; attended Sewickley Academy, Sewickley, Pa., and Madison College, Uniontown, Pa.; studied medicine and attended Jefferson Medical College, Philadelphia, Pa.; during the Civil War enlisted as a private in the Eighty-fifth Regiment, Pennsylvania Volunteer Infantry, and served throughout the war; unsuccessful candidate for election in 1874 to the Forty-fourth Congress; presented credentials as a Republican Member-elect to the Fifty-second Congress and served from March 4, 1891, to February 26, 1892, when he was succeeded by Alexander K. Craig, who contested his election; unsuccessful candidate for election to the Fifty-second Congress to fill the vacancy caused by the death of Alexander K. Craig; engaged in the manufacture of paper pulp and lumber; died in Stewarton, Fayette County, Pa., October 18, 1903; interment in Union Cemetery, Uniontown, Pa.","relationship":[{"relationshipType":"son","relatedTo":{"usCongressBioId":"S000899","familyName":"Stewart","givenName":"Andrew","honorificPrefix":"Mr.","unaccentedFamilyName":"Stewart","unaccentedGivenName":"Andrew","birthDate":"1791-06-11","birthCirca":false,"birthDateUnknown":false,"deathDate":"1872-07-16","deathCirca":false,"deathDateUnknown":false,"deleted":false}}],"asset":[],"jobPositions":[{"job":{"name":"Representative","jobType":"CongressMemberJob"},"startDate":"1891-03-04","startCirca":false,"endDate":"1892-02-26","endCirca":false,"departureReason":"OtherDepartureReason","congressAffiliation":{"congress":{"name":"The 52nd United States Congress","congressNumber":52,"congressType":"USCongress","startDate":"1891-12-07","endDate":"1893-03-04"},"departureReason":"OtherDepartureReason","partyAffiliation":[{"party":{"name":"Republican"}}],"caucusAffiliation":[{"party":{"name":"Republican"}}],"represents":{"regionType":"DistrictRegion","regionCode":"PA"},"note":[{"type":"Note","noteType":"FootNote","content":"Served until February 26, 1892; succeeded by Alexander K. Craig who contested his election."}]}}],"creativeWork":[],"researchRecord":[],"deleted":false}}
