{"data":{"usCongressBioId":"S000975","familyName":"Storm","givenName":"John","middleName":"Brutzman","unaccentedFamilyName":"Storm","unaccentedGivenName":"John","unaccentedMiddleName":"Brutzman","birthDate":"1838","birthCirca":false,"deathDate":"1901","deathCirca":false,"profileText":"A Representative from Pennsylvania; born in Hamilton Township, Monroe County, Pa., September 19, 1838; attended the common schools, and was graduated from Dickinson College, Carlisle, Pa., in 1861; studied law; was admitted to the bar in 1863 and commenced practice in Stroudsburg, Monroe County; county superintendent of public schools for seven years; elected as a Democrat to the Forty-second and Forty-third Congresses (March 4, 1871-March 3, 1875); was not a candidate for renomination in 1874; elected to the Forty-eighth and Forty-ninth Congresses (March 4, 1883-March 3, 1887); was not a candidate for renomination in 1886; resumed the practice of law; president judge of the forty-third judicial district of Pennsylvania; died in Stroudsburg, Monroe County, Pa., on August 13, 1901; interment in Stroudsburg Cemetery.","relationship":[],"asset":[],"jobPositions":[{"job":{"name":"Representative","jobType":"CongressMemberJob"},"congressAffiliation":{"congress":{"name":"The 42nd United States Congress","congressNumber":42,"congressType":"USCongress","startDate":"1871-03-04","endDate":"1873-03-03"},"partyAffiliation":[{"party":{"name":"Democrat"}}],"caucusAffiliation":[{"party":{"name":"Democrat"}}],"represents":{"regionType":"StateRegion","regionCode":"PA"}}},{"job":{"name":"Representative","jobType":"CongressMemberJob"},"congressAffiliation":{"congress":{"name":"The 43rd United States Congress","congressNumber":43,"congressType":"USCongress","startDate":"1873-03-04","endDate":"1875-03-03"},"partyAffiliation":[{"party":{"name":"Democrat"}}],"caucusAffiliation":[{"party":{"name":"Democrat"}}],"represents":{"regionType":"StateRegion","regionCode":"PA"}}},{"job":{"name":"Representative","jobType":"CongressMemberJob"},"congressAffiliation":{"congress":{"name":"The 48th United States Congress","congressNumber":48,"congressType":"USCongress","startDate":"1883-12-03","endDate":"1885-03-04"},"partyAffiliation":[{"party":{"name":"Democrat"}}],"caucusAffiliation":[{"party":{"name":"Democrat"}}],"represents":{"regionType":"StateRegion","regionCode":"PA"}}},{"job":{"name":"Representative","jobType":"CongressMemberJob"},"congressAffiliation":{"congress":{"name":"The 49th United States Congress","congressNumber":49,"congressType":"USCongress","startDate":"1885-03-04","endDate":"1887-03-03"},"partyAffiliation":[{"party":{"name":"Democrat"}}],"caucusAffiliation":[{"party":{"name":"Democrat"}}],"represents":{"regionType":"StateRegion","regionCode":"PA"}}}],"creativeWork":[],"researchRecord":[]}}
