{"data":{"usCongressBioId":"S000921","familyName":"Stewart","givenName":"William","honorificPrefix":"Mr.","unaccentedFamilyName":"Stewart","unaccentedGivenName":"William","birthDate":"1810-09-10","birthCirca":false,"deathDate":"1876-10-17","deathCirca":false,"profileText":"A Representative from Pennsylvania; born in Mercer, Mercer County, Pa., September 10, 1810; attended the public schools; was graduated from Jefferson College, Canonsburg, Pa.; studied law; was admitted to the bar and commenced practice in Mercer, Pa.; member of the State senate; elected as a Republican to the Thirty-fifth and Thirty-sixth Congresses (March 4, 1857-March 3, 1861); chairman, Committee on Expenditures in the Department of War (Thirty-sixth Congress); resumed the practice of law; died in Mercer, Pa., on October 17, 1876; interment in Mercer Cemetery.","relationship":[],"asset":[],"jobPositions":[{"job":{"name":"Representative","jobType":"CongressMemberJob"},"startDate":"1857-03-04","startCirca":false,"congressAffiliation":{"congress":{"name":"The 35th United States Congress","congressNumber":35,"congressType":"USCongress","startDate":"1857-03-04","endDate":"1859-03-03"},"partyAffiliation":[{"party":{"name":"Republican"}}],"caucusAffiliation":[{"party":{"name":"Republican"}}],"represents":{"regionType":"DistrictRegion","regionCode":"PA"}}},{"job":{"name":"Representative","jobType":"CongressMemberJob"},"startDate":"1859-03-04","startCirca":false,"congressAffiliation":{"congress":{"name":"The 36th United States Congress","congressNumber":36,"congressType":"USCongress","startDate":"1859-03-04","endDate":"1861-03-03"},"partyAffiliation":[{"party":{"name":"Republican"}}],"caucusAffiliation":[{"party":{"name":"Republican"}}],"represents":{"regionType":"DistrictRegion","regionCode":"PA"}}}],"creativeWork":[],"researchRecord":[]}}
