{"data":{"usCongressBioId":"S000565","familyName":"Smith","givenName":"John","honorificPrefix":"Mr.","unaccentedFamilyName":"Smith","unaccentedGivenName":"John","birthDate":"1789-08-12","birthCirca":false,"deathDate":"1858-11-26","deathCirca":false,"profileText":"A Representative from Vermont; born in Barre, Mass., August 12, 1789; attended the common schools; moved to St. Albans, Vt.; studied law; was admitted to the bar in 1810 and commenced practice in St. Albans, Vt.; State's attorney for Franklin County 1826-1832; member of the State house of representatives 1827-1837, and served as speaker from 1831 to 1833; elected as a Democrat to the Twenty-sixth Congress (March 4, 1839-March 3, 1841); unsuccessful candidate for reelection in 1840 to the Twenty-seventh Congress; engaged in the construction of railroads; died in St. Albans, Vt., November 26, 1858; interment in Greenwood Cemetery.","relationship":[{"relationshipType":"father","relatedTo":{"usCongressBioId":"S000641","familyName":"Smith","givenName":"Worthington","middleName":"Curtis","honorificPrefix":"Mr.","unaccentedFamilyName":"Smith","unaccentedGivenName":"Worthington","unaccentedMiddleName":"Curtis","birthDate":"1823-04-23","birthCirca":false,"deathDate":"1894-01-02","deathCirca":false}},{"relationshipType":"great-great-grandfather","relatedTo":{"usCongressBioId":"S000193","familyName":"Scranton","givenName":"William","middleName":"Warren","unaccentedFamilyName":"Scranton","unaccentedGivenName":"William","unaccentedMiddleName":"Warren","birthDate":"1917-07-19","birthCirca":false,"birthDateUnknown":false,"deathDate":"2013-08-28","deathCirca":false,"deathDateUnknown":false,"deleted":false}}],"asset":[],"jobPositions":[{"job":{"name":"Representative","jobType":"CongressMemberJob"},"startDate":"1839-03-04","startCirca":false,"congressAffiliation":{"congress":{"name":"The 26th United States Congress","congressNumber":26,"congressType":"USCongress","startDate":"1839-12-02","endDate":"1841-03-03"},"partyAffiliation":[{"party":{"name":"Democrat"}}],"caucusAffiliation":[{"party":{"name":"Democrat"}}],"represents":{"regionType":"DistrictRegion","regionCode":"VT"}}}],"creativeWork":[],"researchRecord":[{"name":"1828-1854. 6 inches.","recordType":["Papers"],"description":"Business and congressional papers and correspondence, chiefly concerning railroads. Finding aid in repository.","recordLocation":{"name":"Vermont Historical Society","location":{"addressLocality":"Montpelier","addressRegion":"VT"}}},{"name":"In the John Smith family Vermont &amp; Canada Railroad papers, 1838-1923, 1.25 linear feet.","recordType":["Papers"],"description":"Persons represented include John Smith.","recordLocation":{"name":"Vermont Historical Society","location":{"addressLocality":"Montpelier","addressRegion":"VT"}}},{"name":"In the J. Gregory Smith papers, 1810-1899, 8 linear feet.","recordType":["Papers"],"description":"Persons represented include John Smith.","recordLocation":{"name":"Vermont Historical Society","location":{"addressLocality":"Montpelier","addressRegion":"VT"}}},{"name":"1810-1827. In Smith family papers, 1797-1956.","recordType":["Papers"],"description":"15 feet. Relate to his law practice. Unpublished finding aid in repository.","recordLocation":{"name":"Bailey/Howe Library Wilbur Collection","location":{"addressLocality":"Burlington","addressRegion":"VT"},"parentRecordLocation":{"name":"University of Vermont","location":{"addressLocality":"Burlington","addressRegion":"VT"}}}}]}}
