{"data":{"usCongressBioId":"S000221","familyName":"Sedgwick","givenName":"Charles","middleName":"Baldwin","honorificPrefix":"Mr.","unaccentedFamilyName":"Sedgwick","unaccentedGivenName":"Charles","unaccentedMiddleName":"Baldwin","birthDate":"1815-03-15","birthCirca":false,"deathDate":"1883-02-03","deathCirca":false,"profileText":"A Representative from New York; born in Pompey, Onondaga County, N.Y., March 15, 1815; attended Pompey Hill Academy, and Hamilton College, Clinton, N.Y.; studied law; was admitted to the bar in 1848 and commenced practice in Syracuse, N.Y.; elected as a Republican to the Thirty-sixth and Thirty-seventh Congresses (March 4, 1859-March 3, 1863); chairman, Committee on Naval Affairs (Thirty-seventh Congress); unsuccessful candidate for renomination in 1862; engaged for the next two years in codifying naval laws for the Navy Department at Washington, D.C.; resumed the practice of law in Syracuse, N.Y., where he died February 3, 1883; interment in Oakwood Cemetery.","relationship":[],"asset":[],"jobPositions":[{"job":{"name":"Representative","jobType":"CongressMemberJob"},"startDate":"1859-03-04","startCirca":false,"congressAffiliation":{"congress":{"name":"The 36th United States Congress","congressNumber":36,"congressType":"USCongress","startDate":"1859-03-04","endDate":"1861-03-03"},"partyAffiliation":[{"party":{"name":"Republican"}}],"caucusAffiliation":[{"party":{"name":"Republican"}}],"represents":{"regionType":"DistrictRegion","regionCode":"NY"}}},{"job":{"name":"Representative","jobType":"CongressMemberJob"},"startDate":"1861-03-04","startCirca":false,"congressAffiliation":{"congress":{"name":"The 37th United States Congress","congressNumber":37,"congressType":"USCongress","startDate":"1861-03-04","endDate":"1863-03-03"},"partyAffiliation":[{"party":{"name":"Republican"}}],"caucusAffiliation":[{"party":{"name":"Republican"}}],"represents":{"regionType":"DistrictRegion","regionCode":"NY"}}}],"creativeWork":[{"freeFormCitationText":"Field, Earle. \"Charles B. Sedgwick's Letters From Washington, 1859-1861.\" <i> Mid-America</i> 49 (April 1967): 129-39."}],"researchRecord":[{"name":"N.d., 1 item.","recordType":["Papers"],"description":"An undated letter from Charles Baldwin Sedgwick to an unidentified official recommending Geoge N. Kennedy, as District Attorney for the Northern District of New York.","recordLocation":{"name":"Department of Literary and Historical Manuscripts","location":{"addressLocality":"New York","addressRegion":"NY"},"parentRecordLocation":{"name":"The Morgan Library","location":{"addressLocality":"New York","addressRegion":"NY"}}}},{"name":"1872, 2 items.","recordType":["Papers"],"description":"Two letters from Charles B. Sedgwick to [John W.] Field, written on August 28, 1872 and on October 23, 1872.","recordLocation":{"name":"Department of Literary and Historical Manuscripts","location":{"addressLocality":"New York","addressRegion":"NY"},"parentRecordLocation":{"name":"The Morgan Library","location":{"addressLocality":"New York","addressRegion":"NY"}}}},{"name":"In the Barney (Hiram) Collection, ca. 1772-1924, approximately 8,300 pieces.","recordType":["Papers"],"description":"Correspondents include Charles Baldwin Sedgwick.","recordLocation":{"name":"Manuscript Division","location":{"addressLocality":"San Marino","addressRegion":"CA"},"parentRecordLocation":{"name":"The Huntington Library","location":{"addressLocality":"San Marino","addressRegion":"CA"}}}},{"name":"1814-1891, 1.75 linear feet.","recordType":["Papers"],"description":"The papers of Charles B. Sedgwick contain correspondence, writings, legal documents, memorabilia, and family papers. Much of his correspondence relates to his political service and life in Washington, DC, during the Civil War. An unpublished finding aid is available in the repository.","recordLocation":{"name":"The George Arents Research Library","location":{"addressLocality":"Syracuse","addressRegion":"NY"},"parentRecordLocation":{"name":"Syracuse University","location":{"addressLocality":"Syracuse","addressRegion":"NY"}}}}]}}
