{"data":{"usCongressBioId":"S000805","familyName":"Stanton","givenName":"Joseph","honorificPrefix":"Mr.","honorificSuffix":"Jr.","unaccentedFamilyName":"Stanton","unaccentedGivenName":"Joseph","birthDate":"1739-07-19","birthCirca":false,"birthDateUnknown":false,"deathDate":"1821-12-15","deathCirca":false,"deathDateUnknown":false,"profileText":"A Senator and a Representative from Rhode Island; born in Charlestown, R.I., July 19, 1739; served in the expedition against Canada in 1759; member, Rhode Island state house of representatives 1768-1774; served as colonel in the Revolutionary Army; delegate to the Rhode Island state constitutional convention in 1790; elected to the United States Senate and served from June 12, 1790, to March 3, 1793; member, Rhode Island state house of representatives 1794-1800; elected as a Democratic Republican to the Seventh, Eighth, and Ninth Congresses (March 4, 1801-March 3, 1807); died on December 15, 1821, in Lebanon, Conn.; interment in the family cemetery.","relationship":[],"asset":[],"jobPositions":[{"job":{"name":"Senator","jobType":"CongressMemberJob"},"congressAffiliation":{"congress":{"name":"The 1st United States Congress","congressNumber":1,"congressType":"USCongress","startDate":"1789-03-04","endDate":"1791-03-03"},"partyAffiliation":[{"party":{"name":"Anti-Administration"}}],"caucusAffiliation":[{"party":{"name":"Anti-Administration"}}],"represents":{"regionType":"StateRegion","regionCode":"RI"}},"startCirca":false,"startDate":"1790-06-12"},{"job":{"name":"Senator","jobType":"CongressMemberJob"},"congressAffiliation":{"congress":{"name":"The 2nd United States Congress","congressNumber":2,"congressType":"USCongress","startDate":"1791-03-04","endDate":"1793-03-02"},"partyAffiliation":[{"party":{"name":"Anti-Administration"}}],"caucusAffiliation":[{"party":{"name":"Anti-Administration"}}],"represents":{"regionType":"StateRegion","regionCode":"RI"}},"endCirca":false,"endDate":"1793-03-03"},{"job":{"name":"Representative","jobType":"CongressMemberJob"},"startDate":"1801-12-07","startCirca":false,"endCirca":false,"congressAffiliation":{"congress":{"name":"The 7th United States Congress","congressNumber":7,"congressType":"USCongress","startDate":"1801-03-04","endDate":"1803-03-03"},"partyAffiliation":[{"party":{"name":"Democratic Republican"},"startCirca":false,"endCirca":false}],"caucusAffiliation":[{"party":{"name":"Democratic Republican"},"startCirca":false,"endCirca":false}],"represents":{"regionType":"StateRegion","regionCode":"RI"}}},{"job":{"name":"Representative","jobType":"CongressMemberJob"},"startDate":"1803-10-17","startCirca":false,"endCirca":false,"congressAffiliation":{"congress":{"name":"The 8th United States Congress","congressNumber":8,"congressType":"USCongress","startDate":"1803-10-17","endDate":"1805-03-03"},"partyAffiliation":[{"party":{"name":"Democratic Republican"},"startCirca":false,"endCirca":false}],"caucusAffiliation":[{"party":{"name":"Democratic Republican"},"startCirca":false,"endCirca":false}],"represents":{"regionType":"StateRegion","regionCode":"RI"}}},{"job":{"name":"Representative","jobType":"CongressMemberJob"},"startDate":"1805-12-02","startCirca":false,"endCirca":false,"congressAffiliation":{"congress":{"name":"The 9th United States Congress","congressNumber":9,"congressType":"USCongress","startDate":"1805-12-02","endDate":"1807-03-03"},"partyAffiliation":[{"party":{"name":"Democratic Republican"},"startCirca":false,"endCirca":false}],"caucusAffiliation":[{"party":{"name":"Democratic Republican"},"startCirca":false,"endCirca":false}],"represents":{"regionType":"StateRegion","regionCode":"RI"}}}],"creativeWork":[],"researchRecord":[{"name":"2 items (June 29, 1790; March 3, 1791) in George Washington papers.","recordType":["Papers"],"recordLocation":{"name":"Manuscript Division","location":{"addressLocality":"Washington","addressRegion":"DC"},"parentRecordLocation":{"name":"Library of Congress","location":{"addressLocality":"Washington","addressRegion":"DC"}}}},{"name":"Ca. 10 items in various collections.","recordType":["Papers"],"recordLocation":{"name":"Brown University","location":{"addressLocality":"Providence","addressRegion":"RI"}}},{"name":"1 item (July 16, 1790) in Dreer collection; and 1 item (February 22, 1791) in Gratz collection.","recordType":["Papers"],"recordLocation":{"name":"Historical Society of Pennsylvania","location":{"addressLocality":"Philadelphia","addressRegion":"PA"}}},{"name":"1777. 1 item.","recordType":["Papers"],"recordLocation":{"name":"Pierpont Morgan Library","location":{"addressLocality":"New York","addressRegion":"NY"}}},{"name":"1776-1782. 6 autograph letters.","recordType":["Papers"],"recordLocation":{"name":"Rhode Island Historical Society","location":{"addressLocality":"Providence","addressRegion":"RI"}}},{"name":"August 12, 1790; February 17, 1791. 2 items.","recordType":["Papers"],"recordLocation":{"name":"Rhode Island State Archives","location":{"addressLocality":"Providence","addressRegion":"RI"}}}],"deleted":false}}
