{"data":{"usCongressBioId":"S000448","familyName":"Sinnickson","givenName":"Thomas","honorificPrefix":"Mr.","unaccentedFamilyName":"Sinnickson","unaccentedGivenName":"Thomas","birthDate":"1744-12-21","birthCirca":false,"deathDate":"1817-05-15","deathCirca":false,"profileText":"A Representative from New Jersey; born near Salem, Salem County, N.J., December 21, 1744; completed preparatory studies; engaged in mercantile pursuits; served as captain in the Revolutionary Army; held several local offices; member of the state general assembly in 1777, 1782, 1784, 1785, 1787, and 1788; elected as a Pro-Administration candidate to the First Congress (March 4, 1789-March 3, 1791); elected as a Federalist to the Fifth Congress (March 4, 1797-March 3, 1799); died in Salem, N.J., May 15, 1817; interment in St. John's Episcopal Cemetery.","relationship":[{"relationshipType":"granduncle","relatedTo":{"usCongressBioId":"S000447","familyName":"Sinnickson","givenName":"Clement","middleName":"Hall","unaccentedFamilyName":"Sinnickson","unaccentedGivenName":"Clement","unaccentedMiddleName":"Hall","birthDate":"1834-09-16","birthCirca":false,"deathDate":"1919-07-24","deathCirca":false,"deleted":false}},{"relationshipType":"uncle","relatedTo":{"usCongressBioId":"S000449","familyName":"Sinnickson","givenName":"Thomas","honorificPrefix":"Mr.","unaccentedFamilyName":"Sinnickson","unaccentedGivenName":"Thomas","birthDate":"1786-12-13","birthCirca":false,"deathDate":"1873-02-17","deathCirca":false}}],"asset":[],"jobPositions":[{"job":{"name":"Representative","jobType":"CongressMemberJob"},"startDate":"1789-03-04","startCirca":false,"congressAffiliation":{"congress":{"name":"The 1st United States Congress","congressNumber":1,"congressType":"USCongress","startDate":"1789-03-04","endDate":"1791-03-03"},"partyAffiliation":[{"party":{"name":"Pro-Administration"}}],"caucusAffiliation":[{"party":{"name":"Federalist"}}],"represents":{"regionType":"StateRegion","regionCode":"NJ"}}},{"job":{"name":"Representative","jobType":"CongressMemberJob"},"startDate":"1797-05-15","startCirca":false,"congressAffiliation":{"congress":{"name":"The 5th United States Congress","congressNumber":5,"congressType":"USCongress","startDate":"1797-03-04","endDate":"1799-03-03"},"partyAffiliation":[{"party":{"name":"Federalist"}}],"caucusAffiliation":[{"party":{"name":"Federalist"}}],"represents":{"regionType":"StateRegion","regionCode":"NJ"}}}],"creativeWork":[{"freeFormCitationText":"McCormick, Richard P. \"New Jersey's First Congressional Election, 1789: a Case Study in Political Skulduggery.\" <i>William and Mary Quarterly</i> 3S.6 (April 1949): 237-50."}],"researchRecord":[{"name":"In the Sheriff's Sale Records, 1871-1872, 1 volume.","recordType":["Papers"],"description":"Persons represented include Thomas Sinnickson.","recordLocation":{"name":"Salem County Historical Society","location":{"addressLocality":"Salem","addressRegion":"NJ"}}}]}}
