{"data":{"usCongressBioId":"S000789","familyName":"Standifer","givenName":"James","middleName":"Israel","honorificPrefix":"Mr.","unaccentedFamilyName":"Standifer","unaccentedGivenName":"James","unaccentedMiddleName":"Israel","birthDate":"1782","birthCirca":true,"birthDateUnknown":false,"deathDate":"1837-08-20","deathCirca":false,"deathDateUnknown":false,"profileText":"a Representative from Tennessee; born in Virginia, ca. 1782; attended the common schools and graduated from the University of Tennessee at Knoxville; elected as a Jackson Republican to the Eighteenth Congress (March 4, 1823-March 3, 1825); elected as a Jacksonian candidate to the Twenty-first and to the two succeeding Congresses; reelected as an Anti-Jacksonian candidate to the Twenty-fourth Congress; and reelected as a Whig to the Twenty-fifth Congress and served from March 4, 1829, until his death near Kingston, Tenn., August 20, 1837, while on his way to Washington, D.C.; interment in the Baptist Cemetery, Kingston, Tenn.","relationship":[],"asset":[],"jobPositions":[{"job":{"name":"Representative","jobType":"CongressMemberJob"},"startDate":"1823-12-01","startCirca":false,"congressAffiliation":{"congress":{"name":"The 18th United States Congress","congressNumber":18,"congressType":"USCongress","startDate":"1823-12-01","endDate":"1825-03-03"},"partyAffiliation":[{"party":{"name":"Jackson Republican"}}],"caucusAffiliation":[{"party":{"name":"Jacksonian"}}],"represents":{"regionType":"DistrictRegion","regionCode":"TN"}}},{"job":{"name":"Representative","jobType":"CongressMemberJob"},"startDate":"1829-12-07","startCirca":false,"congressAffiliation":{"congress":{"name":"The 21st United States Congress","congressNumber":21,"congressType":"USCongress","startDate":"1829-03-04","endDate":"1831-03-03"},"partyAffiliation":[{"party":{"name":"Jacksonian"}}],"caucusAffiliation":[{"party":{"name":"Whig"}}],"represents":{"regionType":"DistrictRegion","regionCode":"TN"}}},{"job":{"name":"Representative","jobType":"CongressMemberJob"},"startDate":"1831-12-05","startCirca":false,"congressAffiliation":{"congress":{"name":"The 22nd United States Congress","congressNumber":22,"congressType":"USCongress","startDate":"1831-12-05","endDate":"1833-03-02"},"partyAffiliation":[{"party":{"name":"Jacksonian"}}],"caucusAffiliation":[{"party":{"name":"Whig"}}],"represents":{"regionType":"DistrictRegion","regionCode":"TN"}}},{"job":{"name":"Representative","jobType":"CongressMemberJob"},"startDate":"1833-12-02","startCirca":false,"congressAffiliation":{"congress":{"name":"The 23rd United States Congress","congressNumber":23,"congressType":"USCongress","startDate":"1833-12-02","endDate":"1835-03-03"},"partyAffiliation":[{"party":{"name":"Jacksonian"}}],"caucusAffiliation":[{"party":{"name":"Whig"}}],"represents":{"regionType":"DistrictRegion","regionCode":"TN"}}},{"job":{"name":"Representative","jobType":"CongressMemberJob"},"startDate":"1835-03-04","startCirca":false,"congressAffiliation":{"congress":{"name":"The 24th United States Congress","congressNumber":24,"congressType":"USCongress","startDate":"1835-12-07","endDate":"1837-03-03"},"partyAffiliation":[{"party":{"name":"Anti-Jacksonian"}}],"caucusAffiliation":[{"party":{"name":"Whig"}}],"represents":{"regionType":"DistrictRegion","regionCode":"TN"}}}],"creativeWork":[{"freeFormCitationText":"Byas, Stephen D. \"James Standifer, Sequatchie Valley Congressman.\" <i>Tennessee Historical Quarterly</i> 50 (Summer 1991): 90-97."}],"researchRecord":[],"deleted":false}}
