{"data":{"usCongressBioId":"S000958","familyName":"Stone","givenName":"James","middleName":"W.","honorificPrefix":"Mr.","unaccentedFamilyName":"Stone","unaccentedGivenName":"James","unaccentedMiddleName":"W.","birthDate":"1813","birthCirca":true,"deathDate":"1854-10-13","deathCirca":false,"profileText":"A Representative from Kentucky; born in Taylorsville, Spencer County, Ky., in 1813; attended the common schools; studied law; was admitted to the bar and practiced; held several local offices; member of the State house of representatives in 1837 and 1839; elected as a Democrat to the Twenty-eighth Congress (March 4, 1843-March 3, 1845); unsuccessful candidate for reelection in 1844 to the Twenty-ninth Congress; elected to the Thirty-second Congress (March 4, 1851-March 3, 1853); unsuccessful candidate for reelection in 1852 to the Thirty-third Congress; died in Taylorsville, Ky., October 13, 1854.","relationship":[],"asset":[],"jobPositions":[{"job":{"name":"Representative","jobType":"CongressMemberJob"},"startDate":"1843-03-04","startCirca":false,"congressAffiliation":{"congress":{"name":"The 28th United States Congress","congressNumber":28,"congressType":"USCongress","startDate":"1843-12-04","endDate":"1845-03-03"},"partyAffiliation":[{"party":{"name":"Democrat"}}],"caucusAffiliation":[{"party":{"name":"Democrat"}}],"represents":{"regionType":"DistrictRegion","regionCode":"KY"}}},{"job":{"name":"Representative","jobType":"CongressMemberJob"},"startDate":"1851-03-04","startCirca":false,"congressAffiliation":{"congress":{"name":"The 32nd United States Congress","congressNumber":32,"congressType":"USCongress","startDate":"1851-03-04","endDate":"1853-03-03"},"partyAffiliation":[{"party":{"name":"Democrat"}}],"caucusAffiliation":[{"party":{"name":"Democrat"}}],"represents":{"regionType":"DistrictRegion","regionCode":"KY"}}}],"creativeWork":[],"researchRecord":[]}}
