{"data":{"usCongressBioId":"S000713","familyName":"Speer","givenName":"Robert","middleName":"Milton","unaccentedFamilyName":"Speer","unaccentedGivenName":"Robert","unaccentedMiddleName":"Milton","birthDate":"1838","birthCirca":false,"deathDate":"1890","deathCirca":false,"profileText":"A Representative from Pennsylvania; born in Cassville, Huntingdon County, Pa., September 8, 1838; attended Cassville Academy; taught school; studied law; was admitted to the bar in 1859 and commenced practice in Huntingdon, Pa.; elected assistant clerk of the State house of representatives in 1863; elected as a Democrat to the Forty-second and Forty-third Congresses (March 4, 1871-March 3, 1875); was not a candidate for renomination in 1874; delegate to the Democratic National Conventions in 1872 and 1880; resumed the practice of law and in 1876 became one of the proprietors of the Huntingdon Monitor; unsuccessful candidate for election in 1880 to the Forty-seventh Congress; died in New York City January 17, 1890; interment in Riverview Cemetery, Huntingdon, Pa.","relationship":[],"asset":[],"jobPositions":[{"job":{"name":"Representative","jobType":"CongressMemberJob"},"congressAffiliation":{"congress":{"name":"The 42nd United States Congress","congressNumber":42,"congressType":"USCongress","startDate":"1871-03-04","endDate":"1873-03-03"},"partyAffiliation":[{"party":{"name":"Democrat"}}],"caucusAffiliation":[{"party":{"name":"Democrat"}}],"represents":{"regionType":"StateRegion","regionCode":"PA"}}},{"job":{"name":"Representative","jobType":"CongressMemberJob"},"congressAffiliation":{"congress":{"name":"The 43rd United States Congress","congressNumber":43,"congressType":"USCongress","startDate":"1873-03-04","endDate":"1875-03-03"},"partyAffiliation":[{"party":{"name":"Democrat"}}],"caucusAffiliation":[{"party":{"name":"Democrat"}}],"represents":{"regionType":"StateRegion","regionCode":"PA"}}}],"creativeWork":[],"researchRecord":[{"name":"In the Robert E. Speer Papers, 1883-1947, 5 linear feet.","recordType":["Papers"],"description":"The papers contain correspondence of Robert E. Speer's father, Robert Milton Speer.","recordLocation":{"name":"Bryn Mawr College","location":{"addressLocality":"Bryn Mawr","addressRegion":"PA"}}},{"name":"In the William McMurtrie Speer Family Papers, 1856-1922, 3 linear feet.","recordType":["Papers"],"description":"Correspondents include Robert Milton Speer.","recordLocation":{"name":"Bryn Mawr College","location":{"addressLocality":"Bryn Mawr","addressRegion":"PA"}}}]}}
