{"data":{"usCongressBioId":"S000513","familyName":"Smith","givenName":"Albert","honorificPrefix":"Mr.","unaccentedFamilyName":"Smith","unaccentedGivenName":"Albert","birthDate":"1793-01-03","birthCirca":false,"deathDate":"1867-05-29","deathCirca":false,"profileText":"A Representative from Maine; born in Hanover, Mass., January 3, 1793; attended the common schools and was graduated from Brown University, Providence, R.I., in 1813; studied law; was admitted to the bar and commenced practice in Portland, Maine, in 1817; member of the State house of representatives in 1820; was United States marshal for the district of Maine 1830-1838; elected as a Democrat to the Twenty-sixth Congress (March 4, 1839-March 3, 1841); unsuccessful candidate for reelection in 1840 to the Twenty-seventh Congress; died in Boston, Mass., on May 29, 1867; interment in Mount Auburn Cemetery, Cambridge, Mass.","relationship":[],"asset":[],"jobPositions":[{"job":{"name":"Representative","jobType":"CongressMemberJob"},"startDate":"1839-03-04","startCirca":false,"congressAffiliation":{"congress":{"name":"The 26th United States Congress","congressNumber":26,"congressType":"USCongress","startDate":"1839-12-02","endDate":"1841-03-03"},"partyAffiliation":[{"party":{"name":"Democrat"}}],"caucusAffiliation":[{"party":{"name":"Democrat"}}],"represents":{"regionType":"DistrictRegion","regionCode":"ME"}}}],"creativeWork":[],"researchRecord":[{"name":"1 letter.","recordType":["Papers"],"recordLocation":{"name":"Boston Public Library","location":{"addressLocality":"Boston","addressRegion":"MA"}}},{"name":"1817-1849. 1 container.","recordType":["Papers"],"recordLocation":{"name":"Manuscript Division","location":{"addressLocality":"Washington","addressRegion":"DC"},"parentRecordLocation":{"name":"Library of Congress","location":{"addressLocality":"Washington","addressRegion":"DC"}}}},{"name":"1 letter (November 14, 1840) in the Charles Stewart Daveis collection.","recordType":["Papers"],"description":"Official correspondence. Finding aid in repository.","recordLocation":{"name":"Rare Book and Manuscript Library","location":{"addressLocality":"New York","addressRegion":"NY"},"parentRecordLocation":{"name":"Columbia University","location":{"addressLocality":"New York","addressRegion":"NY"}}}}]}}
