{"data":{"usCongressBioId":"S000376","familyName":"Shonk","givenName":"George","middleName":"Washington","honorificPrefix":"Mr.","unaccentedFamilyName":"Shonk","unaccentedGivenName":"George","unaccentedMiddleName":"Washington","birthDate":"1850-04-26","birthCirca":false,"deathDate":"1900-08-14","deathCirca":false,"profileText":"A Representative from Pennsylvania; born in Plymouth, Luzerne County, Pa., April 26, 1850; attended the public schools and Wyoming Seminary, Kingston, Pa.; was graduated from Wesleyan University, Middletown, Conn., in 1873; studied law; was admitted to the bar of Luzerne County, Pa., September 29, 1876, and commenced the practice of law in Wilkes-Barre; elected as a Republican to the Fifty-second Congress (March 4, 1891-March 3, 1893); declined to be a candidate for renomination in 1892; again resumed the practice of his profession in Wilkes-Barre; was also interested in coal mining in Pennsylvania; died in Washington, D.C., on a business trip August 14, 1900; interment in Shawnee Cemetery, Plymouth, Pa.","relationship":[],"asset":[],"jobPositions":[{"job":{"name":"Representative","jobType":"CongressMemberJob"},"startDate":"1891-03-04","startCirca":false,"congressAffiliation":{"congress":{"name":"The 52nd United States Congress","congressNumber":52,"congressType":"USCongress","startDate":"1891-12-07","endDate":"1893-03-04"},"partyAffiliation":[{"party":{"name":"Republican"}}],"caucusAffiliation":[{"party":{"name":"Republican"}}],"represents":{"regionType":"DistrictRegion","regionCode":"PA"},"note":[{"type":"Note","noteType":"FootNote","content":"Election unsuccessfully contested by John B. Reynolds."}]}}],"creativeWork":[],"researchRecord":[]}}
