{"data":{"usCongressBioId":"S000983","familyName":"Stover","givenName":"John","middleName":"Hubler","honorificPrefix":"Mr.","unaccentedFamilyName":"Stover","unaccentedGivenName":"John","unaccentedMiddleName":"Hubler","birthDate":"1833-04-24","birthCirca":false,"deathDate":"1889-10-27","deathCirca":false,"profileText":"A Representative from Missouri; born in Aaronsburg, Center County, Pa., April 24, 1833; completed preparatory studies at Bellefonte Academy; studied law; was admitted to the bar in 1857 and commenced practice in Bellefonte, Pa.; held several local offices; district attorney of Center County 1860-1862; enlisted in the Union Army in 1861 as a private, and was successively a captain and a major; commissioned as a colonel of the One Hundred and Eighty-fourth Regiment, Pennsylvania Volunteer Infantry; after the war moved to Versailles, Morgan County, Mo., and resumed the practice of law; district attorney of Morgan County from 1866 to 1868; elected as a Republican to the Fortieth Congress to fill the vacancy caused by the resignation of Joseph W. McClurg and served from December 7, 1868, to March 3, 1869; was not a candidate for renomination in 1868; resumed the practice of his profession; engaged in the real estate business and was also interested in mining pursuits at Versailles, Mo.; delegate to the Centennial Exposition at Philadelphia in 1876; unsuccessful candidate for election in 1876 to the Forty-fifth Congress; died at Aurora Springs, Mo., October 27, 1889; interment in the City Cemetery, Versailles, Morgan County, Mo.","relationship":[],"asset":[],"jobPositions":[{"job":{"name":"Representative","jobType":"CongressMemberJob"},"startDate":"1868-12-07","startCirca":false,"congressAffiliation":{"congress":{"name":"The 40th United States Congress","congressNumber":40,"congressType":"USCongress","startDate":"1867-03-04","endDate":"1869-03-03"},"partyAffiliation":[{"party":{"name":"Republican"}}],"caucusAffiliation":[{"party":{"name":"Republican"}}],"represents":{"regionType":"DistrictRegion","regionCode":"MO"},"note":[{"type":"Note","noteType":"FootNote","content":"Elected to fill vacancy caused by resignation of Joseph W. McClurg, and took his seat December 7, 1868."}]}}],"creativeWork":[],"researchRecord":[{"name":"February 2, 1869. 1 letter.","recordType":["Papers"],"description":"Finding aid in repository.","recordLocation":{"name":"New-York Historical Society","location":{"addressLocality":"New York","addressRegion":"NY"}}}]}}
