{"data":{"usCongressBioId":"S000787","familyName":"Stanard","givenName":"Edwin","middleName":"Obed","unaccentedFamilyName":"Stanard","unaccentedGivenName":"Edwin","unaccentedMiddleName":"Obed","birthDate":"1832","birthCirca":false,"deathDate":"1914","deathCirca":false,"profileText":"A Representative from Missouri; born in Newport, Sullivan County, N.H., January 5, 1832; moved with his parents to the Territory of Iowa in 1836; completed preparatory studies; moved to St. Louis, Mo., in 1853; taught school in Illinois in 1854 and 1855; was graduated from St. Louis (Mo.) Commercial College in 1855; engaged in the commission business in 1856 and later in the milling business at St. Louis; Lieutenant Governor of Missouri 1869-1871; elected as a Republican to the Forty-third Congress (March 4, 1873-March 3, 1875); unsuccessful candidate for reelection in 1874 to the Forty-fourth Congress; engaged in the manufacture of flour; died in St. Louis, Mo., March 12, 1914; interment in Bellefontaine Cemetery.","relationship":[],"asset":[],"jobPositions":[{"job":{"name":"Representative","jobType":"CongressMemberJob"},"congressAffiliation":{"congress":{"name":"The 43rd United States Congress","congressNumber":43,"congressType":"USCongress","startDate":"1873-03-04","endDate":"1875-03-03"},"partyAffiliation":[{"party":{"name":"Republican"}}],"caucusAffiliation":[{"party":{"name":"Republican"}}],"represents":{"regionType":"StateRegion","regionCode":"MO"}}}],"creativeWork":[],"researchRecord":[]}}
