{"data":{"usCongressBioId":"S000873","familyName":"Stetson","givenName":"Charles","honorificPrefix":"Mr.","unaccentedFamilyName":"Stetson","unaccentedGivenName":"Charles","birthDate":"1801-11-02","birthCirca":false,"deathDate":"1863-03-27","deathCirca":false,"profileText":"A Representative from Maine; born in New Ipswich, Hillsborough County, N.H., November 2, 1801; moved with his parents to Hampden, Penobscot County, Maine, in 1802; attended Hampden Academy and was graduated from Yale College in 1823; studied law; was admitted to the bar and commenced practice in Hampden in 1826; admitted to the bar of the United States Supreme Court in 1828; held various local offices; moved to Bangor, Maine, in 1833; judge of the Bangor Municipal Court 1834-1839; member of the common council of Bangor in 1843 and 1844; member of the State executive council 1845-1848; elected as a Democrat to the Thirty-first Congress (March 4, 1849-March 3, 1851); unsuccessful candidate for renomination in 1850 to the Thirty-second Congress; resumed the practice of his profession; affiliated with the Republican Party in 1860; died in Bangor, Maine, March 27, 1863; interment in Mount Hope Cemetery.","relationship":[],"asset":[],"jobPositions":[{"job":{"name":"Representative","jobType":"CongressMemberJob"},"startDate":"1849-03-04","startCirca":false,"congressAffiliation":{"congress":{"name":"The 31st United States Congress","congressNumber":31,"congressType":"USCongress","startDate":"1849-03-05","endDate":"1851-03-03"},"partyAffiliation":[{"party":{"name":"Democrat"}}],"caucusAffiliation":[{"party":{"name":"Democrat"}}],"represents":{"regionType":"DistrictRegion","regionCode":"ME"}}}],"creativeWork":[],"researchRecord":[{"name":"1 letter (January 16, 1857) in the Ralph Waldo Emerson collection.","recordType":["Papers"],"description":"Finding aid in repository.","recordLocation":{"name":"Rare Book and Manuscript Library","location":{"addressLocality":"New York","addressRegion":"NY"},"parentRecordLocation":{"name":"Columbia University","location":{"addressLocality":"New York","addressRegion":"NY"}}}},{"name":"1 letter (June 19, 1845) in the Sydney Howard Gay collection.","recordType":["Papers"],"description":"Finding aid in repository.","recordLocation":{"name":"Rare Book and Manuscript Library","location":{"addressLocality":"New York","addressRegion":"NY"},"parentRecordLocation":{"name":"Columbia University","location":{"addressLocality":"New York","addressRegion":"NY"}}}}]}}
