{"data":{"usCongressBioId":"S000735","familyName":"Spink","givenName":"Cyrus","honorificPrefix":"Mr.","unaccentedFamilyName":"Spink","unaccentedGivenName":"Cyrus","birthDate":"1793-03-24","birthCirca":false,"deathDate":"1859-05-31","deathCirca":false,"profileText":"A Representative from Ohio; born in Berkshire County, Mass., March 24, 1793; moved to Stark County, Ohio, in 1815; taught school for several years in Kendall, Stark County, Ohio; appointed deputy surveyor of Wayne County in October 1815 and served until December 1816; county surveyor from 1816 to 1821, serving also for a time as district surveyor; county auditor in 1820 and 1821; member of the State house of representatives in 1821 and 1822; employed in the register's office at Wooster 1822-1824; appointed register by President Monroe in 1824; reappointed by President Adams in 1828 and served until 1832; engaged in mercantile pursuits in Wooster; member of the State board of equalization in 1846; delegate to the Whig National Convention in 1852; appointed by Governor Chase one of the directors of the Ohio Penitentiary in 1856; elected as a Republican to the Thirty-sixth Congress and served from March 4, 1859, until his death in Wooster, Wayne County, Ohio, on May 31, 1859; interment in Wooster Cemetery.","relationship":[],"asset":[],"jobPositions":[{"job":{"name":"Representative","jobType":"CongressMemberJob"},"startDate":"1859-03-04","startCirca":false,"endDate":"1859-05-31","endCirca":false,"departureReason":"Died","congressAffiliation":{"congress":{"name":"The 36th United States Congress","congressNumber":36,"congressType":"USCongress","startDate":"1859-03-04","endDate":"1861-03-03"},"departureReason":"Died","partyAffiliation":[{"party":{"name":"Republican"}}],"caucusAffiliation":[{"party":{"name":"Republican"}}],"represents":{"regionType":"DistrictRegion","regionCode":"OH"},"note":[{"type":"Note","noteType":"FootNote","content":"Died May 31, 1859, before Congress assembled."}]}}],"creativeWork":[],"researchRecord":[]}}
