{"data":{"usCongressBioId":"S000832","familyName":"Steele","givenName":"John","honorificPrefix":"Mr.","unaccentedFamilyName":"Steele","unaccentedGivenName":"John","birthDate":"1764-11-16","birthCirca":false,"deathDate":"1815-08-14","deathCirca":false,"profileText":"A Representative from North Carolina; born in Salisbury, N.C., November 16, 1764; attended Clio's Nursery, near Statesville, N.C., and the English School, Salisbury, N.C.; farmer; assessor in 1784; town commissioner in 1787; member of the state house of commons in 1787, 1788, 1794, 1795, 1806, and 1811-1813; delegate to the Hillsborough convention in 1788; special commissioner from North Carolina to treat with the Cherokee and Chickasaw Indians from 1788 to 1790; delegate to ratification convention in Fayetteville, 1789; elected as a Pro-Administration candidate to the First and Second Congresses and served from April 19, 1790, until March 3, 1793; appointed Comptroller of the Treasury July 1, 1796; reappointed by both President John Adams and President Jefferson and served until December 15, 1802, when he resigned; member of the board of commissioners to determine the boundary line between North Carolina and Georgia 1805-1814; died August 14, 1815, in Salisbury, N.C., having been on the same day again elected to the state house of commons; interment in Chestnut Hill Cemetery.","relationship":[],"asset":[],"jobPositions":[{"job":{"name":"Representative","jobType":"CongressMemberJob"},"startDate":"1789-03-04","startCirca":false,"congressAffiliation":{"congress":{"name":"The 1st United States Congress","congressNumber":1,"congressType":"USCongress","startDate":"1789-03-04","endDate":"1791-03-03"},"partyAffiliation":[{"party":{"name":"Pro-Administration"}}],"caucusAffiliation":[{"party":{"name":"Pro-Administration"}}],"represents":{"regionType":"DistrictRegion","regionCode":"NC"},"note":[{"type":"Note","noteType":"FootNote","content":"Took his seat June 16, 1790."}]}},{"job":{"name":"Representative","jobType":"CongressMemberJob"},"startDate":"1791-10-24","startCirca":false,"congressAffiliation":{"congress":{"name":"The 2nd United States Congress","congressNumber":2,"congressType":"USCongress","startDate":"1791-03-04","endDate":"1793-03-02"},"partyAffiliation":[{"party":{"name":"Pro-Administration"}}],"caucusAffiliation":[{"party":{"name":"Pro-Administration"}}],"represents":{"regionType":"DistrictRegion","regionCode":"NC"}}}],"creativeWork":[{"freeFormCitationText":"Battle, Kemp P. (Kemp Plummer). <i>Letters of Nathaniel Macon, John Steele and William Barry Grove</i>. With sketches and notes by Kemp P. Battle, LL. D. Chapel Hill, N. C.: The University, [1902]."},{"freeFormCitationText":"Steele, John. <i>The Papers of John Steele</i>. Edited by H. M. Wagstaff. Raleigh, N.C.: Edwards &amp; Broughton Printing Co., 1924."},{"freeFormCitationText":"West, William Shepherd. \"John Steele: Portrait of a Moderate Southern Federalist.\" Ph.D. diss., University of North Carolina at Chapel Hill, 1972."}],"researchRecord":[{"name":"1801-1802. 6 letters.","recordType":["Papers"],"description":"Finding aid in repository.","recordLocation":{"name":"New-York Historical Society","location":{"addressLocality":"New York","addressRegion":"NY"}}},{"name":"1716-1861. 2 feet (2,680 items).","recordType":["Papers"],"description":"Business and family correspondence. Unpublished description in library.","recordLocation":{"name":"Southern Historical Collection","location":{"addressLocality":"Chapel Hill","addressRegion":"NC"},"parentRecordLocation":{"name":"University of North Carolina","location":{"addressLocality":"Chapel Hill","addressRegion":"NC"}}}},{"name":"At least 1 item (1791) in the William Blount papers.","recordType":["Papers"],"recordLocation":{"name":"Manuscript Division","location":{"addressLocality":"Washington","addressRegion":"DC"},"parentRecordLocation":{"name":"Library of Congress","location":{"addressLocality":"Washington","addressRegion":"DC"}}}},{"name":"At least 4 letters (1790-1791) in the Governor's Letter book.","recordType":["Papers"],"recordLocation":{"name":"North Carolina State Department of Archives and History","location":{"addressLocality":"Raleigh","addressRegion":"NC"}}}]}}
