{"data":{"usCongressBioId":"S000297","familyName":"Sharpe","givenName":"Peter","honorificPrefix":"Mr.","unaccentedFamilyName":"Sharpe","unaccentedGivenName":"Peter","birthDate":"1777-12-10","birthCirca":false,"birthDateUnknown":false,"deathDate":"1842-08-03","deathCirca":false,"deathDateUnknown":false,"profileText":"A Representative from New York; born in New York, December 10, 1777; completed preparatory studies; member of the Columbia County Medical Society, 1807; alderman, New York, N.Y.; represented New York County as a member of the state assembly, 1814-1821, and served as speaker in 1821; delegate to the New York state constitutional convention, 1821; credentials of his election, as a Democratic Republican, to the Seventeenth Congress were presented, but he did not qualify, and on December 12, 1821, Cadwallader D. Colden successfully contested Sharpe's election; elected as an Adams-Clay Republican to the Eighteenth Congress (March 4, 1823-March 3, 1825); unsuccessful candidate for reelection to the Nineteenth Congress in 1824; died on August 3, 1842, in Brooklyn, N.Y.; interment in New York Marble Cemetery in New York, N.Y.; reinterment in Green-Wood Cemetery in Brooklyn, N.Y.","relationship":[],"asset":[],"jobPositions":[{"job":{"name":"Representative","jobType":"CongressMemberJob"},"startCirca":false,"endCirca":false,"congressAffiliation":{"congress":{"name":"The 17th United States Congress","congressNumber":17,"congressType":"USCongress","startDate":"1821-12-03","endDate":"1823-03-03"},"partyAffiliation":[{"party":{"name":"Democratic Republican"},"startCirca":false,"endCirca":false}],"caucusAffiliation":[{"party":{"name":"Democratic Republican"},"startCirca":false,"endCirca":false}],"represents":{"regionType":"DistrictRegion","regionCode":"NY"},"note":[{"type":"Note","content":"Never qualified; succeeded by Caldwallader D. Colden who contested his election.","noteType":"FootNote"}]}},{"job":{"name":"Representative","jobType":"CongressMemberJob"},"startDate":"1823-12-01","startCirca":false,"congressAffiliation":{"congress":{"name":"The 18th United States Congress","congressNumber":18,"congressType":"USCongress","startDate":"1823-12-01","endDate":"1825-03-03"},"partyAffiliation":[{"party":{"name":"Adams-Clay Republican"}}],"caucusAffiliation":[{"party":{"name":"Adams-Clay Republican"}}],"represents":{"regionType":"DistrictRegion","regionCode":"NY"},"note":[{"type":"Note","noteType":"FootNote","content":"One of three elected to the 3rd district."}]}}],"creativeWork":[],"researchRecord":[],"deleted":false}}
