{"data":{"usCongressBioId":"S000651","familyName":"Sneed","givenName":"William","middleName":"Henry","honorificPrefix":"Mr.","unaccentedFamilyName":"Sneed","unaccentedGivenName":"William","unaccentedMiddleName":"Henry","birthDate":"1812-08-27","birthCirca":false,"birthDateUnknown":false,"deathDate":"1869-09-18","deathCirca":false,"deathDateUnknown":false,"profileText":"A Representative from Tennessee; born in Davidson County, Tenn., August 27, 1812; completed preparatory studies; moved with his father's family to Rutherford County, Tenn.; studied law; was admitted to the bar in 1834 and commenced practice in Murfreesboro, Tenn.; member of the State senate 1843-1845; moved to Knoxville, Tenn., in 1845 and resumed the practice of law; elected as an American to the Thirty-fourth Congress (March 4, 1855-March 3, 1857); chairman, Committee on Mileage (Thirty-fourth Congress); declined to be a candidate for renomination in 1856 and also for nomination as circuit judge; resumed the practice of law; died in Knoxville, Tenn., September 18, 1869; interment in the Old Gray Cemetery.","relationship":[],"asset":[],"jobPositions":[{"job":{"name":"Representative","jobType":"CongressMemberJob"},"startDate":"1855-03-04","startCirca":false,"endCirca":false,"congressAffiliation":{"congress":{"name":"The 34th United States Congress","congressNumber":34,"congressType":"USCongress","startDate":"1855-12-03","endDate":"1857-03-03"},"partyAffiliation":[{"party":{"name":"American"},"startCirca":false,"endCirca":false}],"caucusAffiliation":[{"party":{"name":"American"},"startCirca":false,"endCirca":false}],"represents":{"regionType":"DistrictRegion","regionCode":"TN"}}}],"creativeWork":[],"researchRecord":[],"deleted":false}}
