{"data":{"usCongressBioId":"S000667","familyName":"Snyder","givenName":"John","honorificPrefix":"Mr.","unaccentedFamilyName":"Snyder","unaccentedGivenName":"John","birthDate":"1793-01-29","birthCirca":false,"deathDate":"1850-08-15","deathCirca":false,"profileText":"A Representative from Pennsylvania; born in Selinsgrove, Snyder County, Pa., January 29, 1793; attended the rural schools; served in the War of 1812 as captain of Selinsgrove Rifle Volunteers, Pennsylvania Militia; connected with the Snyder Spring Oil Co. and paper mills; elected as a Democrat to the Twenty-seventh Congress (March 4, 1841-March 3, 1843); unsuccessful candidate for reelection to the Twenty-eighth Congress; resumed former business pursuits; died in Selinsgrove, Snyder County, Pa. August 15, 1850; interment in the New Lutheran Cemetery.","relationship":[],"asset":[],"jobPositions":[{"job":{"name":"Representative","jobType":"CongressMemberJob"},"startDate":"1841-03-04","startCirca":false,"congressAffiliation":{"congress":{"name":"The 27th United States Congress","congressNumber":27,"congressType":"USCongress","startDate":"1841-03-04","endDate":"1843-03-03"},"partyAffiliation":[{"party":{"name":"Democrat"}}],"caucusAffiliation":[{"party":{"name":"Democrat"}}],"represents":{"regionType":"DistrictRegion","regionCode":"PA"}}}],"creativeWork":[],"researchRecord":[]}}
