{"data":{"usCongressBioId":"S000020","familyName":"Saltonstall","givenName":"Leverett","honorificPrefix":"Mr.","unaccentedFamilyName":"Saltonstall","unaccentedGivenName":"Leverett","birthDate":"1783-06-13","birthCirca":false,"deathDate":"1845-05-08","deathCirca":false,"profileText":"A Representative from Massachusetts; born in Haverhill, Mass., June 13, 1783; pursued classical studies; attended Phillips Exeter Academy, Exeter, N.H., and was graduated from Harvard University in 1802; studied law; was admitted to the bar and commenced practice in Salem in 1805; unsuccessful candidate for election in 1820 to the Seventeenth Congress; delegate to the State constitutional convention in 1820; member of the State house of representatives in 1813, 1814, 1816, 1822, 1829, and 1834; served in the State senate 1817-1819, 1831, and 1832, and was its president in 1831 and 1832; first mayor of Salem, Mass., 1836-1838; elected as a Whig to the Twenty-fifth Congress to fill the vacancy caused by the resignation of Stephen C. Phillips; reelected to the Twenty-sixth and Twenty-seventh Congresses and served from December 5, 1838, to March 3, 1843; chairman, Committee on Expenditures in the Department of the Navy (Twenty-sixth Congress), Committee on Manufactures (Twenty-seventh Congress); unsuccessful candidate for reelection to the Twenty-eighth Congress; again a member of the State house of representatives in 1844; overseer of Harvard University 1835-1845; died in Salem, Essex County, Mass., May 8, 1845; interment in Harmony Grove Cemetery.","relationship":[{"relationshipType":"great-grandfather","relatedTo":{"usCongressBioId":"S000021","familyName":"Saltonstall","givenName":"Leverett","unaccentedFamilyName":"Saltonstall","unaccentedGivenName":"Leverett","birthDate":"1892","birthCirca":false,"deathDate":"1979","deathCirca":false}}],"asset":[],"jobPositions":[{"job":{"name":"Representative","jobType":"CongressMemberJob"},"startDate":"1838-12-05","startCirca":false,"congressAffiliation":{"congress":{"name":"The 25th United States Congress","congressNumber":25,"congressType":"USCongress","startDate":"1837-03-04","endDate":"1839-03-03"},"partyAffiliation":[{"party":{"name":"Whig"}}],"caucusAffiliation":[{"party":{"name":"Whig"}}],"represents":{"regionType":"DistrictRegion","regionCode":"MA"},"note":[{"type":"Note","noteType":"FootNote","content":"Elected to fill vacancy caused by resignation of Stephen C. Phillips, and took his seat December 5, 1838."}]}},{"job":{"name":"Representative","jobType":"CongressMemberJob"},"startDate":"1839-03-04","startCirca":false,"congressAffiliation":{"congress":{"name":"The 26th United States Congress","congressNumber":26,"congressType":"USCongress","startDate":"1839-12-02","endDate":"1841-03-03"},"partyAffiliation":[{"party":{"name":"Whig"}}],"caucusAffiliation":[{"party":{"name":"Whig"}}],"represents":{"regionType":"DistrictRegion","regionCode":"MA"}}},{"job":{"name":"Representative","jobType":"CongressMemberJob"},"startDate":"1841-03-04","startCirca":false,"congressAffiliation":{"congress":{"name":"The 27th United States Congress","congressNumber":27,"congressType":"USCongress","startDate":"1841-03-04","endDate":"1843-03-03"},"partyAffiliation":[{"party":{"name":"Whig"}}],"caucusAffiliation":[{"party":{"name":"Whig"}}],"represents":{"regionType":"DistrictRegion","regionCode":"MA"}}}],"creativeWork":[{"freeFormCitationText":"Saltonstall, Leverett. <i>The Papers of Leverett Saltonstall, 1816-1845</i>. 5 Volumes. Selected and Edited and with an Introduction by Robert E. Moody. Boston: Massachusetts Historical Society, 1978-1992."}],"researchRecord":[{"name":"6 letters.","recordType":["Papers"],"recordLocation":{"name":"Boston Public Library","location":{"addressLocality":"Boston","addressRegion":"MA"}}},{"name":"July 25, 1834. 1 letter.","recordType":["Papers"],"description":"Finding aid in repository.","recordLocation":{"name":"New-York Historical Society","location":{"addressLocality":"New York","addressRegion":"NY"}}},{"name":"In the Walker Family Papers, 1775-1876, 538 items.","recordType":["Papers"],"description":"Correspondents include Leverett Saltonstall.","recordLocation":{"name":"New-York Historical Society","location":{"addressLocality":"New York","addressRegion":"NY"}}},{"name":"In the Tuthill Family Papers, 1799-1879, 1 box.","recordType":["Papers"],"description":"Correspondents include Leverett Saltonstall.","recordLocation":{"name":"The Bancroft Library","location":{"addressLocality":"Berkeley","addressRegion":"CA"},"parentRecordLocation":{"name":"University of California, Berkeley","location":{"addressLocality":"Berkeley","addressRegion":"CA"}}}},{"name":"1715-1845. 8.5 linear feet.","recordType":["Papers"],"description":"The papers of Leverett Saltonstall contain correspondence, diary, journals, commonplace books, speeches, ledger, and other papers, relating chiefly to Saltonstall's legal career, especially marine and civil litigation, but also relating to his activities as Massachusetts state representative and senator, mayor of Salem (1836-1838), and U.S. representative (1838-1843).","recordLocation":{"name":"Peabody Essex Museum","location":{"addressLocality":"Salem","addressRegion":"MA"}}},{"name":"In the James Henry Duncan Papers, 1668-1910, 3.5 linear feet.","recordType":["Papers"],"description":"Correspondents include Leverett Saltonstall.","recordLocation":{"name":"Peabody Essex Museum","location":{"addressLocality":"Salem","addressRegion":"MA"}}},{"name":"In the Andrew Dunlap Papers, 1754-1847, 6 linear feet.","recordType":["Papers"],"description":"Correspondents include Leverett Saltonstall.","recordLocation":{"name":"Peabody Essex Museum","location":{"addressLocality":"Salem","addressRegion":"MA"}}},{"name":"1839, 2 pages.","recordType":["Papers"],"description":"A letter from Leverett Saltonstall to Convers Francis written on April 15, 1839. In the letter, Saltonstall writes that he has not made sacrifices in his career for the sake of popularity.","recordLocation":{"name":"Rauner Special Collections Library","location":{"addressLocality":"Hanover","addressRegion":"NH"},"parentRecordLocation":{"name":"Dartmouth College Library","location":{"addressLocality":"Hanover","addressRegion":"NH"}}}},{"name":"In the Longfellow Family Papers, 1741-1859, 6 linear feet.","recordType":["Papers"],"description":"Correspondents include Leverett Saltonstall.","recordLocation":{"name":"Maine Historical Society","location":{"addressLocality":"Portland","addressRegion":"ME"}}},{"name":"1842, 1 item.","recordType":["Papers"],"description":"A letter from Leverett Saltonstall to S. Greenleaf written on August 20, 1842. In the letter, Saltonstall introduces Mr. Hull of Georgia, who is entering the Harvard Law School.","recordLocation":{"name":"Department of Literary and Historical Manuscripts","location":{"addressLocality":"New York","addressRegion":"NY"},"parentRecordLocation":{"name":"The Morgan Library","location":{"addressLocality":"New York","addressRegion":"NY"}}}},{"name":"1844, 1 item.","recordType":["Papers"],"description":"A letter from Leverett Saltonstall to Daniel C. Baker written on August 17, 1844. In the letter, Saltonstall agrees to preside at a mass meeting of Whigs there on September 4th.","recordLocation":{"name":"Department of Literary and Historical Manuscripts","location":{"addressLocality":"New York","addressRegion":"NY"},"parentRecordLocation":{"name":"The Morgan Library","location":{"addressLocality":"New York","addressRegion":"NY"}}}},{"name":"In the Goodhue Family Papers, [ca. 1622-1895], 5 cubic feet.","recordType":["Papers"],"description":"Correspondents include Leverett Saltonstall.","recordLocation":{"name":"New York State Archives","location":{"addressLocality":"Albany","addressRegion":"NY"}}}]}}
