{"data":{"usCongressBioId":"S000892","familyName":"Stevenson","givenName":"James","middleName":"S.","honorificPrefix":"Mr.","unaccentedFamilyName":"Stevenson","unaccentedGivenName":"James","unaccentedMiddleName":"S.","birthDate":"1780","birthCirca":false,"birthDateUnknown":false,"deathDate":"1831-10-16","deathCirca":false,"deathDateUnknown":false,"profileText":"a Representative from Pennsylvania; born in York County, Pa., in 1780; completed preparatory studies; studied law; was admitted to the bar and practiced; member of the state house of representatives in 1822 and 1823; president of the board of canal commissioners of the state, which position he held until the time of his death; elected as a Jacksonian candidate to the Nineteenth and Twentieth Congresses (March 4, 1825-March 3, 1829); unsuccessful candidate for reelection in 1828 to the Twenty-first Congress; engaged in manufacturing in Pittsburgh, Pa., until his death in that city October 16, 1831; interment in First Presbyterian Cemetery.","relationship":[],"asset":[],"jobPositions":[{"job":{"name":"Representative","jobType":"CongressMemberJob"},"startDate":"1825-12-05","startCirca":false,"congressAffiliation":{"congress":{"name":"The 19th United States Congress","congressNumber":19,"congressType":"USCongress","startDate":"1825-03-04","endDate":"1827-03-03"},"partyAffiliation":[{"party":{"name":"Jacksonian"}}],"caucusAffiliation":[{"party":{"name":"Jacksonian"}}],"represents":{"regionType":"DistrictRegion","regionCode":"PA"},"note":[{"type":"Note","noteType":"FootNote","content":"One of two elected to the 16th district."}]}},{"job":{"name":"Representative","jobType":"CongressMemberJob"},"startDate":"1827-12-03","startCirca":false,"congressAffiliation":{"congress":{"name":"The 20th United States Congress","congressNumber":20,"congressType":"USCongress","startDate":"1827-12-03","endDate":"1829-03-03"},"partyAffiliation":[{"party":{"name":"Jacksonian"}}],"caucusAffiliation":[{"party":{"name":"Jacksonian"}}],"represents":{"regionType":"DistrictRegion","regionCode":"PA"}}}],"creativeWork":[],"researchRecord":[],"deleted":false}}
