{"data":{"usCongressBioId":"S000800","familyName":"Stanly","givenName":"John","honorificPrefix":"Mr.","unaccentedFamilyName":"Stanly","unaccentedGivenName":"John","birthDate":"1774-04-09","birthCirca":false,"deathDate":"1834-09-02","deathCirca":false,"profileText":"a Representative from North Carolina; born in New Bern, N.C., April 9, 1774; received his early education from private tutors; attended Princeton University; studied law; was admitted to the bar in 1799 and practiced; clerk and master in equity; member of the State house of commons in 1798 and 1799; elected as a Federalist to the Seventh Congress (March 4, 1801-March 3, 1803); elected to the Eleventh Congress (March 4, 1809-March 3, 1811); resumed the practice of his profession; again a member of the State house of commons 1812-1815, 1818, 1819, 1823-1825, and 1826; died in New Bern, N.C., August 2, 1834; interment in Episcopal Cemetery.","relationship":[{"relatedTo":{"usCongressBioId":"S000799","familyName":"Stanly","givenName":"Edward","honorificPrefix":"Mr.","unaccentedFamilyName":"Stanly","unaccentedGivenName":"Edward","birthDate":"1810-01-10","birthCirca":false,"deathDate":"1872-07-12","deathCirca":false},"relationshipType":"father"}],"asset":[],"jobPositions":[{"job":{"name":"Representative","jobType":"CongressMemberJob"},"startDate":"1801-12-07","startCirca":false,"congressAffiliation":{"congress":{"name":"The 7th United States Congress","congressNumber":7,"congressType":"USCongress","startDate":"1801-03-04","endDate":"1803-03-03"},"partyAffiliation":[{"party":{"name":"Federalist"}}],"caucusAffiliation":[{"party":{"name":"Federalist"}}],"represents":{"regionType":"DistrictRegion","regionCode":"NC"}}},{"job":{"name":"Representative","jobType":"CongressMemberJob"},"startDate":"1809-05-22","startCirca":false,"congressAffiliation":{"congress":{"name":"The 11th United States Congress","congressNumber":11,"congressType":"USCongress","startDate":"1809-03-04","endDate":"1811-03-03"},"partyAffiliation":[{"party":{"name":"Federalist"}}],"caucusAffiliation":[{"party":{"name":"Federalist"}}],"represents":{"regionType":"DistrictRegion","regionCode":"NC"}}}],"creativeWork":[],"researchRecord":[],"deleted":false}}
