{"data":{"usCongressBioId":"S000648","familyName":"Smyth","givenName":"William","honorificPrefix":"Mr.","unaccentedFamilyName":"Smyth","unaccentedGivenName":"William","birthDate":"1824-01-03","birthCirca":false,"deathDate":"1870-09-30","deathCirca":false,"profileText":"A Representative from Iowa; born in Eden, County Tyrone, Ireland, January 3, 1824; attended the rural schools; completed preparatory studies; immigrated to the United States in 1838 with his parents, who settled in Pennsylvania; moved to Iowa in 1844; attended the University of Iowa at Iowa City; studied law; was admitted to the bar in 1847 and commenced practice in Marion, Iowa; prosecuting attorney of Linn County 1848-1853; was appointed judge of the district court for the fourth judicial district of Iowa in 1853 and served until his resignation in 1857; resumed the practice of law; in 1858 served as chairman of the commission to codify and revise the State laws; during the Civil War served in the Union Army for two years as colonel of the Thirty-first Regiment, Iowa Volunteer Infantry; elected as a Republican to the Forty-first Congress and served from March 4, 1869, until his death; renominated in 1870 and was a candidate for reelection at the time of his death; died in Marion, Iowa, September 30, 1870; interment in Oak Shade Cemetery.","relationship":[],"asset":[],"jobPositions":[{"job":{"name":"Representative","jobType":"CongressMemberJob"},"startDate":"1869-03-04","startCirca":false,"endDate":"1870-09-30","endCirca":false,"departureReason":"Died","congressAffiliation":{"congress":{"name":"The 41st United States Congress","congressNumber":41,"congressType":"USCongress","startDate":"1869-03-04","endDate":"1871-03-03"},"departureReason":"Died","partyAffiliation":[{"party":{"name":"Republican"}}],"caucusAffiliation":[{"party":{"name":"Republican"}}],"represents":{"regionType":"DistrictRegion","regionCode":"IA"},"note":[{"type":"Note","noteType":"FootNote","content":"Died September 30, 1870."}]}}],"creativeWork":[{"freeFormCitationText":"United States. 41st Congress, 3d session, 1870-1871. House. <i>Eulogies on the death of Hon. William Smyth</i>. [Washington: Printed at the Office of the <i>Congressional Globe</i>, 1870?]"}],"researchRecord":[{"name":"ca. 1869, 1 item.","recordType":["Papers"],"description":"A letter from William Smyth to Charles Lanman written around March 26, 1869. In the letter, William Smyth writes concerning a biographical sketch that Charles Lanman requested.","recordLocation":{"name":"Special Collections Department","location":{"addressLocality":"Iowa City","addressRegion":"IA"},"parentRecordLocation":{"name":"University of Iowa Libraries","location":{"addressLocality":"Iowa City","addressRegion":"IA"}}}}]}}
