{"data":{"usCongressBioId":"S000871","familyName":"Sterling","givenName":"Micah","honorificPrefix":"Mr.","unaccentedFamilyName":"Sterling","unaccentedGivenName":"Micah","birthDate":"1784-11-05","birthCirca":false,"deathDate":"1844-04-11","deathCirca":false,"profileText":"A Representative from New York; born in Lyme, Conn., November 5, 1784; was graduated from Yale College in 1804; studied law at the Litchfield (Conn.) Law School; was admitted to the bar in 1809 and commenced the practice of law in Adams, Jefferson County, N.Y.; moved to Watertown, N.Y., in 1809 and continued the practice of his profession; held several local offices; treasurer of the village of Watertown in 1816; served as a director of the Jefferson County Bank; elected as a Federalist to the Seventeenth Congress (March 4, 1821-March 3, 1823); resumed the practice of law; member of the state senate 1836-1839; died in Watertown, N.Y., April 11, 1844; interment in Brookside Cemetery.","relationship":[{"relationshipType":"brother","relatedTo":{"usCongressBioId":"S000868","familyName":"Sterling","givenName":"Ansel","honorificPrefix":"Mr.","unaccentedFamilyName":"Sterling","unaccentedGivenName":"Ansel","birthDate":"1782-02-03","birthCirca":false,"birthDateUnknown":false,"deathDate":"1853-11-06","deathCirca":false,"deathDateUnknown":false,"deleted":false}}],"asset":[],"jobPositions":[{"job":{"name":"Representative","jobType":"CongressMemberJob"},"startDate":"1822-12-02","startCirca":false,"congressAffiliation":{"congress":{"name":"The 17th United States Congress","congressNumber":17,"congressType":"USCongress","startDate":"1821-12-03","endDate":"1823-03-03"},"partyAffiliation":[{"party":{"name":"Federalist"}}],"caucusAffiliation":[{"party":{"name":"Federalist"}}],"represents":{"regionType":"DistrictRegion","regionCode":"NY"}}}],"creativeWork":[],"researchRecord":[{"name":"1 letter.","recordType":["Papers"],"recordLocation":{"name":"Boston Public Library","location":{"addressLocality":"Boston","addressRegion":"MA"}}}]}}
