{"data":{"usCongressBioId":"S000264","familyName":"Seybert","givenName":"Adam","honorificPrefix":"Mr.","unaccentedFamilyName":"Seybert","unaccentedGivenName":"Adam","birthDate":"1773-05-16","birthCirca":false,"birthDateUnknown":false,"deathDate":"1825-05-02","deathCirca":false,"deathDateUnknown":false,"profileText":"A Representative from Pennsylvania; born in Philadelphia, Pa., May 16, 1773; attended the common schools; completed the medical course at the University of Pennsylvania at Philadelphia in 1793 and continued studies in Europe, where he attended schools in Edinburgh, Gottingen, and Paris; returned to Philadelphia and devoted himself to chemistry and mineralogy; elected as a member of the American Philosophical Society in 1797; elected as a Democratic Republican to the Eleventh Congress to fill the vacancy caused by the resignation of Benjamin Say; reelected to the Twelfth and Thirteenth Congresses and served from October 10, 1809, to March 3, 1815; chairman, Committee on Revisal and Unfinished Business (Twelfth Congress); elected to the Fifteenth Congress (March 4, 1817-March 3, 1819); visited Europe 1819-1821 and again in 1824 and settled in Paris, France, where he died May 2, 1825; interment in P&egrave;re Lachaise Cemetery, Paris, France.","relationship":[],"asset":[],"jobPositions":[{"job":{"name":"Representative","jobType":"CongressMemberJob"},"startDate":"1809-05-22","startCirca":false,"endCirca":false,"congressAffiliation":{"congress":{"name":"The 11th United States Congress","congressNumber":11,"congressType":"USCongress","startDate":"1809-03-04","endDate":"1811-03-03"},"partyAffiliation":[{"party":{"name":"Democratic Republican"},"startCirca":false,"endCirca":false}],"caucusAffiliation":[{"party":{"name":"Democratic Republican"},"startCirca":false,"endCirca":false}],"represents":{"regionType":"DistrictRegion","regionCode":"PA"},"note":[{"type":"Note","content":"One of three elected to represent 3rd district.","noteType":"FootNote"},{"type":"Note","content":"Elected to fill vacancy caused by resignation of Benjamin Say, and took his seat November 27, 1809.","noteType":"FootNote"}]}},{"job":{"name":"Representative","jobType":"CongressMemberJob"},"startDate":"1811-11-04","startCirca":false,"endCirca":false,"congressAffiliation":{"congress":{"name":"The 12th United States Congress","congressNumber":12,"congressType":"USCongress","startDate":"1811-11-04","endDate":"1813-03-03"},"partyAffiliation":[{"party":{"name":"Democratic Republican"},"startCirca":false,"endCirca":false}],"caucusAffiliation":[{"party":{"name":"Democratic Republican"},"startCirca":false,"endCirca":false}],"represents":{"regionType":"DistrictRegion","regionCode":"PA"},"note":[{"type":"Note","content":"One of three elected to represent 1st district.","noteType":"FootNote"}]}},{"job":{"name":"Representative","jobType":"CongressMemberJob"},"startDate":"1813-05-24","startCirca":false,"endCirca":false,"congressAffiliation":{"congress":{"name":"The 13th United States Congress","congressNumber":13,"congressType":"USCongress","startDate":"1813-05-24","endDate":"1815-03-03"},"partyAffiliation":[{"party":{"name":"Democratic Republican"},"startCirca":false,"endCirca":false}],"caucusAffiliation":[{"party":{"name":"Democratic Republican"},"startCirca":false,"endCirca":false}],"represents":{"regionType":"DistrictRegion","regionCode":"PA"},"note":[{"type":"Note","content":"One of four elected to represent 1st district.","noteType":"FootNote"}]}},{"job":{"name":"Representative","jobType":"CongressMemberJob"},"startDate":"1817-12-01","startCirca":false,"endCirca":false,"congressAffiliation":{"congress":{"name":"The 15th United States Congress","congressNumber":15,"congressType":"USCongress","startDate":"1817-03-04","endDate":"1819-03-03"},"partyAffiliation":[{"party":{"name":"Democratic Republican"},"startCirca":false,"endCirca":false}],"caucusAffiliation":[{"party":{"name":"Democratic Republican"},"startCirca":false,"endCirca":false}],"represents":{"regionType":"DistrictRegion","regionCode":"PA"},"note":[{"type":"Note","content":"One of four elected to represent 1st district.","noteType":"FootNote"}]}}],"creativeWork":[{"freeFormCitationText":"Seybert, Adam. <i>An inaugural dissertation: being an attempt to disprove the doctrine of the putrefaction of the blood of living animals</i>. Philadelphia: Printed by T. Dobson, at the Stonehouse, no. 41, South Second-Street, 1743."},{"freeFormCitationText":"------. <i>An oration, delivered on the 19 of May, 1809, at the meeting of the manufacturers and mechanics of the City of Philadelphia</i>. Philadelphia: Printed by Order of the Committee, 1809."},{"freeFormCitationText":"------. <i>Statistical annals; embracing views of the population, commerce, navigation, fisheries, public lands, post-office establishment, revenues, mint, military &amp; naval establishments, expenditures, public debt, and sinking fund, of the United States of America</i>. Philadelphia: Published by Thomas Dobson &amp; Son, at the Stone House, no.41, South Second, between Market and Chestnut Street. William Fry, printer, 1818. Reprint, New York: A. M. Kelley, 1970."}],"researchRecord":[{"name":"1 document.","recordType":["Papers"],"recordLocation":{"name":"Boston Public Library","location":{"addressLocality":"Boston","addressRegion":"MA"}}},{"name":"1809-1821. 5 letters.","recordType":["Papers"],"description":"Finding aid in repository.","recordLocation":{"name":"New-York Historical Society","location":{"addressLocality":"New York","addressRegion":"NY"}}},{"name":"1810, 1 volume.","recordType":["Papers"],"description":"A commonplace book of Adam Seybert with writings on various topics.","recordLocation":{"name":"American Philosophical Society Library","location":{"addressLocality":"Philadelphia","addressRegion":"PA"}}},{"name":"In the Miscellaneous Manuscripts Collection, ca. 1668-1983, 25 linear feet.","recordType":["Papers"],"description":"Persons represented include Adam Seybert.","recordLocation":{"name":"American Philosophical Society Library","location":{"addressLocality":"Philadelphia","addressRegion":"PA"}}},{"name":"1813, 1 item.","recordType":["Papers"],"description":"A letter from Adam Seybert to to Messrs. Johnson and Warner, written on December 14, 1813. In the letter, Seybert answers a number of questions (not present) on Pennsylvania government.","recordLocation":{"name":"Rosenbach Museum & Library","location":{"addressLocality":"Philadelphia","addressRegion":"PA"}}},{"name":"1819, 1 item.","recordType":["Papers"],"description":"A letter from Adam Seybert to J.H. Tiffany written on February 25, 1819. In the letter, Seybert answers a number of questions (not present) on the history and government of Pennsylvania.","recordLocation":{"name":"Rosenbach Museum & Library","location":{"addressLocality":"Philadelphia","addressRegion":"PA"}}},{"name":"In the Thomas Cooper Letters to Alexander James Dallas, 1800-1816, 53 items.","recordType":["Papers"],"description":"Persons represented include Adam Seybert.","recordLocation":{"name":"Rosenbach Museum & Library","location":{"addressLocality":"Philadelphia","addressRegion":"PA"}}}],"deleted":false}}
