{"data":{"usCongressBioId":"S000882","familyName":"Stevens","givenName":"James","honorificPrefix":"Mr.","unaccentedFamilyName":"Stevens","unaccentedGivenName":"James","birthDate":"1768-07-04","birthCirca":false,"deathDate":"1835-04-04","deathCirca":false,"profileText":"A Representative from Connecticut; born in that part of Stamford which is now the town of New Canaan, Fairfield County, Conn., July 4, 1768; studied law; was admitted to the bar and commenced practice in Stamford, Conn.; member of the state house of representatives 1804, 1805, 1808-1810, 1814, 1815, 1817, and 1818; judge of probate, Stamford district, in 1819; elected as a Republican to the Sixteenth Congress (March 4, 1819-March 3, 1821); justice of the peace at Stamford 1819-1826; postmaster of Stamford, Conn., from May 17, 1822 to October 5, 1829; judge of Fairfield County Court in 1823; resumed the practice of law in Stamford, Conn., and died there April 4, 1835; interment in St. John's and St. Andrew's Episcopal Cemetery.","relationship":[],"asset":[],"jobPositions":[{"job":{"name":"Representative","jobType":"CongressMemberJob"},"startDate":"1819-12-06","startCirca":false,"congressAffiliation":{"congress":{"name":"The 16th United States Congress","congressNumber":16,"congressType":"USCongress","startDate":"1819-12-06","endDate":"1821-03-03"},"partyAffiliation":[{"party":{"name":"Democratic Republican"}}],"caucusAffiliation":[{"party":{"name":"Democratic Republican"}}],"represents":{"regionType":"StateRegion","regionCode":"CT"}}}],"creativeWork":[],"researchRecord":[]}}
