{"data":{"usCongressBioId":"S000814","familyName":"Starkweather","givenName":"George","middleName":"Anson","honorificPrefix":"Mr.","unaccentedFamilyName":"Starkweather","unaccentedGivenName":"George","unaccentedMiddleName":"Anson","birthDate":"1794-05-19","birthCirca":false,"deathDate":"1879-10-15","deathCirca":false,"profileText":"A Representative from New York; born in Preston, Conn., May 19, 1794; attended the common schools and was graduated from Union College, Schenectady, N.Y., in 1819; studied law; was admitted to the bar and practiced in Cooperstown, N.Y.; elected as a Democrat to the Thirtieth Congress (March 4, 1847-March 3, 1849); again resumed the practice of his profession in Milwaukee, Wis., 1853-1868; died in Cooperstown, N.Y., October 15, 1879; interment in Lakewood Cemetery.","relationship":[],"asset":[],"jobPositions":[{"job":{"name":"Representative","jobType":"CongressMemberJob"},"startDate":"1847-03-04","startCirca":false,"congressAffiliation":{"congress":{"name":"The 30th United States Congress","congressNumber":30,"congressType":"USCongress","startDate":"1847-12-06","endDate":"1849-03-03"},"partyAffiliation":[{"party":{"name":"Democrat"}}],"caucusAffiliation":[{"party":{"name":"Democrat"}}],"represents":{"regionType":"DistrictRegion","regionCode":"NY"}}}],"creativeWork":[],"researchRecord":[{"name":"In the William Festus Morgan Family Papers, ca. 1794-1970, 20 cubic feet.","recordType":["Papers"],"description":"The papers contain transcribed diaries of George Anson Starkweather.","recordLocation":{"name":"Library","location":{"addressLocality":"Cooperstown","addressRegion":"NY"},"parentRecordLocation":{"name":"New York State Historical Association","location":{"addressLocality":"Cooperstown","addressRegion":"NY"}}}}]}}
