{"data":{"usCongressBioId":"S000737","familyName":"Spinner","givenName":"Francis","middleName":"Elias","honorificPrefix":"Mr.","unaccentedFamilyName":"Spinner","unaccentedGivenName":"Francis","unaccentedMiddleName":"Elias","birthDate":"1802-01-21","birthCirca":false,"deathDate":"1890-12-31","deathCirca":false,"profileText":"A Representative from New York; born in Mohawk, German Flats, Herkimer County, N.Y., January 21, 1802; was educated by his father; served an apprenticeship at both harness making and candy making; engaged in mercantile pursuits in 1824; entered the State militia and was subsequently promoted to the rank of major general; appointed deputy sheriff in 1829; sheriff of Herkimer County 1834-1837; appointed one of the commissioners for the construction of the State lunatic asylum at Utica in 1838; engaged in banking as cashier and later president of the Mohawk Bank; State inspector of turnpikes; commissioner and supervisor of schools; appointed auditor and deputy naval officer in charge of the port of New York in 1845 and served four years; elected as a Democrat to the Thirty-fourth Congress and as a Republican to the Thirty-fifth and Thirty-sixth Congresses (March 4, 1855-March 3, 1861); chairman, Committee on Accounts (Thirty-sixth Congress); was not a candidate for renomination in 1860 to the Thirty-seventh Congress; appointed by President Lincoln as Treasurer of the United States and served from March 16, 1861, until his resignation on July 1, 1875; successfully urged the employment of women in the Treasury Department; died in Jacksonville, Fla., December 31, 1890; interment in Mohawk Cemetery, Mohawk, N.Y.","relationship":[],"asset":[],"jobPositions":[{"job":{"name":"Representative","jobType":"CongressMemberJob"},"startDate":"1855-03-04","startCirca":false,"congressAffiliation":{"congress":{"name":"The 34th United States Congress","congressNumber":34,"congressType":"USCongress","startDate":"1855-12-03","endDate":"1857-03-03"},"partyAffiliation":[{"party":{"name":"Democrat"}}],"caucusAffiliation":[{"party":{"name":"Democrat"}}],"represents":{"regionType":"DistrictRegion","regionCode":"NY"}}},{"job":{"name":"Representative","jobType":"CongressMemberJob"},"startDate":"1857-03-04","startCirca":false,"congressAffiliation":{"congress":{"name":"The 35th United States Congress","congressNumber":35,"congressType":"USCongress","startDate":"1857-03-04","endDate":"1859-03-03"},"partyAffiliation":[{"party":{"name":"Republican"}}],"caucusAffiliation":[{"party":{"name":"Republican"}}],"represents":{"regionType":"DistrictRegion","regionCode":"NY"}}},{"job":{"name":"Representative","jobType":"CongressMemberJob"},"startDate":"1859-03-04","startCirca":false,"congressAffiliation":{"congress":{"name":"The 36th United States Congress","congressNumber":36,"congressType":"USCongress","startDate":"1859-03-04","endDate":"1861-03-03"},"partyAffiliation":[{"party":{"name":"Republican"}}],"caucusAffiliation":[{"party":{"name":"Republican"}}],"represents":{"regionType":"DistrictRegion","regionCode":"NY"}}}],"creativeWork":[{"freeFormCitationText":"Crofoot, H. K. \"Autographs of Francis E. Spinner.\" <i>Numismatist</i> 62 (May 1949): 286-90."}],"researchRecord":[{"name":"1792-1908. Herman K. Crofoot collection.","recordType":["Papers"],"description":"4 containers. Correspondence, scrapbooks, photographs, autographs, printed matter, and clippings, relating to his political, financial, and personal activities. Finding aid in library.","recordLocation":{"name":"Manuscript Division","location":{"addressLocality":"Washington","addressRegion":"DC"},"parentRecordLocation":{"name":"Library of Congress","location":{"addressLocality":"Washington","addressRegion":"DC"}}}},{"name":"1874, 1878, undated. 3 items.","recordType":["Papers"],"recordLocation":{"name":"Manuscript Division","location":{"addressLocality":"Washington","addressRegion":"DC"},"parentRecordLocation":{"name":"Library of Congress","location":{"addressLocality":"Washington","addressRegion":"DC"}}}},{"name":"1855-1885. 26 items.","recordType":["Papers"],"recordLocation":{"name":"New-York Historical Society","location":{"addressLocality":"New York","addressRegion":"NY"}}},{"name":"1823-1889. 724 items and 3 volumes.","recordType":["Papers"],"description":"Correspondence, accounts books, and other papers, chiefly relating to county politics and militia.","recordLocation":{"name":"Carl A. Kroch Library","location":{"addressLocality":"Ithaca","addressRegion":"NY"},"parentRecordLocation":{"name":"Cornell University","location":{"addressLocality":"Ithaca","addressRegion":"NY"}}}}]}}
