{"data":{"usCongressBioId":"S000825","familyName":"Stebbins","givenName":"Henry","middleName":"George","honorificPrefix":"Mr.","unaccentedFamilyName":"Stebbins","unaccentedGivenName":"Henry","unaccentedMiddleName":"George","birthDate":"1811-09-15","birthCirca":false,"deathDate":"1881-12-09","deathCirca":false,"profileText":"A Representative from New York; born in Ridgefield, Conn., September 15, 1811; attended private schools; moved to New York; engaged in banking; colonel of the Twelfth Regiment; president of the Dramatic Fund Association; president of the Academy of Music; elected as a Democrat to the Thirty-eighth Congress and served from March 4, 1863, until his resignation on October 24, 1864; engaged as a stock broker; president of the New York Stock Exchange; appointed president of the Central Park Commission; died in New York City December 9, 1881; interment in Greenwood Cemetery, Brooklyn, N.Y.","relationship":[],"asset":[],"jobPositions":[{"job":{"name":"Representative","jobType":"CongressMemberJob"},"startDate":"1863-03-04","startCirca":false,"endDate":"1864-10-24","endCirca":false,"departureReason":"Resigned","congressAffiliation":{"congress":{"name":"The 38th United States Congress","congressNumber":38,"congressType":"USCongress","startDate":"1863-03-04","endDate":"1865-03-04"},"departureReason":"Resigned","partyAffiliation":[{"party":{"name":"Democrat"}}],"caucusAffiliation":[{"party":{"name":"Democrat"}}],"represents":{"regionType":"DistrictRegion","regionCode":"NY"},"note":[{"type":"Note","noteType":"FootNote","content":"Resigned October 24, 1864."}]}}],"creativeWork":[],"researchRecord":[{"name":"In the John A. Dix Collection, 1831-1879. 0.75 linear foot.","recordType":["Papers"],"description":"Subjects include Henry George Stebbins.","recordLocation":{"name":"Special Collections Research Center, E.S. Bird Library","location":{"addressLocality":"Syracuse","addressRegion":"NY"},"parentRecordLocation":{"name":"Syracuse University","location":{"addressLocality":"Syracuse","addressRegion":"NY"}}}}]}}
