{"data":{"usCongressBioId":"S000685","familyName":"Southard","givenName":"Henry","honorificPrefix":"Mr.","unaccentedFamilyName":"Southard","unaccentedGivenName":"Henry","birthDate":"1747-10-07","birthCirca":false,"birthDateUnknown":false,"deathDate":"1842-05-22","deathCirca":false,"deathDateUnknown":false,"profileText":"A Representative from New Jersey; born in Hempstead, Long Island, N.Y., October 7, 1747; moved with his parents to Basking Ridge, N.J., in 1755; attended the common schools and worked on a farm; served as a private and later as wagon master during the Revolutionary War; engaged in agricultural pursuits; justice of the peace 1787-1792; member of the State general assembly 1797-1799 and in 1811; elected as a Democratic Republican to the Seventh and to the four succeeding Congresses (March 4, 1801-March 3, 1811); chairman, Committee on Revisal and Unfinished Business (Eleventh Congress); elected to the Fourteenth, Fifteenth, and Sixteenth Congresses (March 4, 1815-March 3, 1821); resumed farming; died in Basking Ridge, Somerset County, N.J., May 22, 1842; interment in Basking Ridge Cemetery.","relationship":[{"relationshipType":"father","relatedTo":{"usCongressBioId":"S000686","familyName":"Southard","givenName":"Isaac","honorificPrefix":"Mr.","unaccentedFamilyName":"Southard","unaccentedGivenName":"Isaac","birthDate":"1783-08-30","birthCirca":false,"birthDateUnknown":false,"deathDate":"1850-09-18","deathCirca":false,"deathDateUnknown":false,"deleted":false}},{"relationshipType":"father","relatedTo":{"usCongressBioId":"S000689","familyName":"Southard","givenName":"Samuel","middleName":"Lewis","unaccentedFamilyName":"Southard","unaccentedGivenName":"Samuel","unaccentedMiddleName":"Lewis","birthDate":"1787","birthCirca":false,"deathDate":"1842","deathCirca":false}}],"asset":[],"jobPositions":[{"job":{"name":"Representative","jobType":"CongressMemberJob"},"startDate":"1801-12-07","startCirca":false,"endCirca":false,"congressAffiliation":{"congress":{"name":"The 7th United States Congress","congressNumber":7,"congressType":"USCongress","startDate":"1801-03-04","endDate":"1803-03-03"},"partyAffiliation":[{"party":{"name":"Democratic Republican"},"startCirca":false,"endCirca":false}],"caucusAffiliation":[{"party":{"name":"Democratic Republican"},"startCirca":false,"endCirca":false}],"represents":{"regionType":"StateRegion","regionCode":"NJ"}}},{"job":{"name":"Representative","jobType":"CongressMemberJob"},"startDate":"1803-10-17","startCirca":false,"endCirca":false,"congressAffiliation":{"congress":{"name":"The 8th United States Congress","congressNumber":8,"congressType":"USCongress","startDate":"1803-10-17","endDate":"1805-03-03"},"partyAffiliation":[{"party":{"name":"Democratic Republican"},"startCirca":false,"endCirca":false}],"caucusAffiliation":[{"party":{"name":"Democratic Republican"},"startCirca":false,"endCirca":false}],"represents":{"regionType":"StateRegion","regionCode":"NJ"}}},{"job":{"name":"Representative","jobType":"CongressMemberJob"},"startDate":"1805-12-02","startCirca":false,"endCirca":false,"congressAffiliation":{"congress":{"name":"The 9th United States Congress","congressNumber":9,"congressType":"USCongress","startDate":"1805-12-02","endDate":"1807-03-03"},"partyAffiliation":[{"party":{"name":"Democratic Republican"},"startCirca":false,"endCirca":false}],"caucusAffiliation":[{"party":{"name":"Democratic Republican"},"startCirca":false,"endCirca":false}],"represents":{"regionType":"StateRegion","regionCode":"NJ"}}},{"job":{"name":"Representative","jobType":"CongressMemberJob"},"startDate":"1807-10-26","startCirca":false,"endCirca":false,"congressAffiliation":{"congress":{"name":"The 10th United States Congress","congressNumber":10,"congressType":"USCongress","startDate":"1807-10-26","endDate":"1809-03-03"},"partyAffiliation":[{"party":{"name":"Democratic Republican"},"startCirca":false,"endCirca":false}],"caucusAffiliation":[{"party":{"name":"Democratic Republican"},"startCirca":false,"endCirca":false}],"represents":{"regionType":"StateRegion","regionCode":"NJ"}}},{"job":{"name":"Representative","jobType":"CongressMemberJob"},"startDate":"1809-05-22","startCirca":false,"endCirca":false,"congressAffiliation":{"congress":{"name":"The 11th United States Congress","congressNumber":11,"congressType":"USCongress","startDate":"1809-03-04","endDate":"1811-03-03"},"partyAffiliation":[{"party":{"name":"Democratic Republican"},"startCirca":false,"endCirca":false}],"caucusAffiliation":[{"party":{"name":"Democratic Republican"},"startCirca":false,"endCirca":false}],"represents":{"regionType":"StateRegion","regionCode":"NJ"}}},{"job":{"name":"Representative","jobType":"CongressMemberJob"},"startDate":"1815-12-04","startCirca":false,"endCirca":false,"congressAffiliation":{"congress":{"name":"The 14th United States Congress","congressNumber":14,"congressType":"USCongress","startDate":"1815-12-04","endDate":"1817-03-03"},"partyAffiliation":[{"party":{"name":"Democratic Republican"},"startCirca":false,"endCirca":false}],"caucusAffiliation":[{"party":{"name":"Democratic Republican"},"startCirca":false,"endCirca":false}],"represents":{"regionType":"StateRegion","regionCode":"NJ"}}},{"job":{"name":"Representative","jobType":"CongressMemberJob"},"startDate":"1817-12-01","startCirca":false,"endCirca":false,"congressAffiliation":{"congress":{"name":"The 15th United States Congress","congressNumber":15,"congressType":"USCongress","startDate":"1817-03-04","endDate":"1819-03-03"},"partyAffiliation":[{"party":{"name":"Democratic Republican"},"startCirca":false,"endCirca":false}],"caucusAffiliation":[{"party":{"name":"Democratic Republican"},"startCirca":false,"endCirca":false}],"represents":{"regionType":"StateRegion","regionCode":"NJ"}}},{"job":{"name":"Representative","jobType":"CongressMemberJob"},"startDate":"1819-12-06","startCirca":false,"endCirca":false,"congressAffiliation":{"congress":{"name":"The 16th United States Congress","congressNumber":16,"congressType":"USCongress","startDate":"1819-12-06","endDate":"1821-03-03"},"partyAffiliation":[{"party":{"name":"Democratic Republican"},"startCirca":false,"endCirca":false}],"caucusAffiliation":[{"party":{"name":"Democratic Republican"},"startCirca":false,"endCirca":false}],"represents":{"regionType":"StateRegion","regionCode":"NJ"}}}],"creativeWork":[],"researchRecord":[{"name":"In the Samuel L. Southard Papers, ca. 1785-1828, 72.95 cubic feet.","recordType":["Papers"],"description":"Persons represented include Henry Southard. A finding aid is available in the repository and online.","recordLocation":{"name":"Department of Rare Books and Special Collections, Seeley G. Mudd Library","location":{"addressLocality":"Princeton","addressRegion":"NJ"},"parentRecordLocation":{"name":"Princeton University","url":"http://infoshare1.princeton.edu","location":{"addressLocality":"Princeton","addressRegion":"NJ"}}}},{"name":"In the Doty &amp; Southard (Basking Ridge, N.J.) Daybooks, ca. 1806-1812, 2 volumes.","recordType":["Papers"],"description":"The daybooks are from a general store owned by Daniel Doty and Henry Southard.","recordLocation":{"name":"Special Collections and University Archives","location":{"addressLocality":"New Brunswick","addressRegion":"NJ"},"parentRecordLocation":{"name":"Rutgers University Libraries","location":{"addressLocality":"New Brunswick","addressRegion":"NJ"}}}}],"deleted":false}}
