{"data":{"usCongressBioId":"S000710","familyName":"Speed","givenName":"Thomas","honorificPrefix":"Mr.","unaccentedFamilyName":"Speed","unaccentedGivenName":"Thomas","birthDate":"1768-10-25","birthCirca":false,"birthDateUnknown":false,"deathDate":"1842-02-20","deathCirca":false,"deathDateUnknown":false,"profileText":"a Representative from Kentucky; born in Charlotte County, Va., October 25, 1768; taught by his father; moved with his parents to Kentucky in 1782; employed in the office of the clerk of the general court; engaged in mercantile pursuits at Danville and Bardstown in 1790; also engaged in agricultural pursuits; clerk of the Bullitt and Nelson circuit courts; served as major of Volunteers in the War of 1812; elected as a Democratic Republican to the Fifteenth Congress (March 4, 1817-March 3, 1819); unsuccessful candidate for reelection; resumed agricultural pursuits; contributed articles to the National Intelligencer, Washington, D.C.; member of the State house of representatives in 1821, 1822, and again in 1840; was a member of the Whig Party when it was organized; died on his farm, near Bardstown, Nelson County, Ky., February 20, 1842; interment on his farm, \"Cottage Grove,\" near Bardstown, Ky.","relationship":[],"asset":[],"jobPositions":[{"job":{"name":"Representative","jobType":"CongressMemberJob"},"startDate":"1817-12-01","startCirca":false,"endCirca":false,"congressAffiliation":{"congress":{"name":"The 15th United States Congress","congressNumber":15,"congressType":"USCongress","startDate":"1817-03-04","endDate":"1819-03-03"},"partyAffiliation":[{"party":{"name":"Democratic Republican"},"startCirca":false,"endCirca":false}],"caucusAffiliation":[{"party":{"name":"Democratic Republican"},"startCirca":false,"endCirca":false}],"represents":{"regionType":"DistrictRegion","regionCode":"KY"}}}],"creativeWork":[],"researchRecord":[{"name":"December 8, 1826. 1 letter.","recordType":["Papers"],"description":"Official correspondence. Finding aid in repository.","recordLocation":{"name":"New-York Historical Society","location":{"addressLocality":"New York","addressRegion":"NY"}}}],"deleted":false}}
