{"data":{"usCongressBioId":"S000582","familyName":"Smith","givenName":"Josiah","honorificPrefix":"Mr.","unaccentedFamilyName":"Smith","unaccentedGivenName":"Josiah","birthDate":"1738-02-26","birthCirca":false,"birthDateUnknown":false,"deathDate":"1803-04-04","deathCirca":false,"deathDateUnknown":false,"profileText":"a Representative from Massachusetts; born in Pembroke, Mass., February 26, 1738; graduated from Harvard College in 1774; studied law; admitted to the bar and practiced; member of the Massachusetts state house of representatives in 1789 and 1790; served in the Massachusetts state senate 1792-1794 and in 1797; Massachusetts state treasurer in 1797; elected as a Democratic Republican to the Seventh Congress (March 4, 1801-March 3, 1803); was not a candidate for renomination in 1802; died in Pembroke, Plymouth County, Mass., April 4, 1803; interment in Pembroke Cemetery.","relationship":[],"asset":[],"jobPositions":[{"job":{"name":"Representative","jobType":"CongressMemberJob"},"startDate":"1801-12-07","startCirca":false,"endCirca":false,"congressAffiliation":{"congress":{"name":"The 7th United States Congress","congressNumber":7,"congressType":"USCongress","startDate":"1801-03-04","endDate":"1803-03-03"},"partyAffiliation":[{"party":{"name":"Democratic Republican"},"startCirca":false,"endCirca":false}],"caucusAffiliation":[{"party":{"name":"Democratic Republican"},"startCirca":false,"endCirca":false}],"represents":{"regionType":"DistrictRegion","regionCode":"MA"}}}],"creativeWork":[],"researchRecord":[],"deleted":false}}
