{"data":{"usCongressBioId":"S000853","familyName":"Stephens","givenName":"Abraham","middleName":"P.","honorificPrefix":"Mr.","unaccentedFamilyName":"Stephens","unaccentedGivenName":"Abraham","unaccentedMiddleName":"P.","birthDate":"1796-02-18","birthCirca":false,"deathDate":"1859-11-25","deathCirca":false,"profileText":"A Representative from New York; born near New City, Rockland County, N.Y., February 18, 1796; justice of the peace; elected as a Democrat to the Thirty-second Congress (March 4, 1851-March 3, 1853); died in Nyack, Rockland County, N.Y., November 25, 1859; interment in Oak Hill Cemetery.","relationship":[],"asset":[],"jobPositions":[{"job":{"name":"Representative","jobType":"CongressMemberJob"},"startDate":"1851-03-04","startCirca":false,"congressAffiliation":{"congress":{"name":"The 32nd United States Congress","congressNumber":32,"congressType":"USCongress","startDate":"1851-03-04","endDate":"1853-03-03"},"partyAffiliation":[{"party":{"name":"Democrat"}}],"caucusAffiliation":[{"party":{"name":"Democrat"}}],"represents":{"regionType":"DistrictRegion","regionCode":"NY"}}}],"creativeWork":[],"researchRecord":[]}}
