{"data":{"usCongressBioId":"S000705","familyName":"Spaulding","givenName":"Elbridge","middleName":"Gerry","honorificPrefix":"Mr.","unaccentedFamilyName":"Spaulding","unaccentedGivenName":"Elbridge","unaccentedMiddleName":"Gerry","birthDate":"1809-02-24","birthCirca":false,"deathDate":"1897-05-05","deathCirca":false,"profileText":"A Representative from New York; born in Summer Hill, Cayuga County, N.Y., on February 24, 1809; completed preparatory studies; studied law; was admitted to the bar in 1836 and commenced practice in Batavia, Genesee County, N.Y.; moved to Buffalo, N.Y., in 1834; mayor of Buffalo in 1847; member of the State assembly in 1848; elected as a Whig to the Thirty-first Congress (March 4, 1849-March 3, 1851); was not a candidate for renomination in 1850; treasurer of the State of New York in 1854 and 1855; elected as a Republican to the Thirty-sixth and Thirty-seventh Congresses (March 4, 1859-March 3, 1863); was not a candidate for renomination in 1862 to the Thirty-eighth Congress; organized the Farmers &amp; Mechanics' National Bank in Buffalo in 1864; died in Buffalo, N.Y., May 5, 1897; interment in Forest Lawn Cemetery.","relationship":[],"asset":[],"jobPositions":[{"job":{"name":"Representative","jobType":"CongressMemberJob"},"startDate":"1849-03-04","startCirca":false,"congressAffiliation":{"congress":{"name":"The 31st United States Congress","congressNumber":31,"congressType":"USCongress","startDate":"1849-03-05","endDate":"1851-03-03"},"partyAffiliation":[{"party":{"name":"Whig"}}],"caucusAffiliation":[{"party":{"name":"Whig"}}],"represents":{"regionType":"DistrictRegion","regionCode":"NY"}}},{"job":{"name":"Representative","jobType":"CongressMemberJob"},"startDate":"1859-03-04","startCirca":false,"congressAffiliation":{"congress":{"name":"The 36th United States Congress","congressNumber":36,"congressType":"USCongress","startDate":"1859-03-04","endDate":"1861-03-03"},"partyAffiliation":[{"party":{"name":"Republican"}}],"caucusAffiliation":[{"party":{"name":"Republican"}}],"represents":{"regionType":"DistrictRegion","regionCode":"NY"}}},{"job":{"name":"Representative","jobType":"CongressMemberJob"},"startDate":"1861-03-04","startCirca":false,"congressAffiliation":{"congress":{"name":"The 37th United States Congress","congressNumber":37,"congressType":"USCongress","startDate":"1861-03-04","endDate":"1863-03-03"},"partyAffiliation":[{"party":{"name":"Republican"}}],"caucusAffiliation":[{"party":{"name":"Republican"}}],"represents":{"regionType":"DistrictRegion","regionCode":"NY"}}}],"creativeWork":[{"freeFormCitationText":"Spaulding, Elbridge Gerry.<i> Centennial. One hundred year of progress in the business of banking, Philadelphia, May 30, 1876</i>. Buffalo: Press of Baker, Jones &amp; Co., 1876."},{"freeFormCitationText":"------.<i> National finances. National bank. --State banks. --Taxation. --Legal tender notes</i>. [Washington?: N.p., 1863]."},{"freeFormCitationText":"------. <i>The Republican Platform</i>. [Washington?: N.p., 1860]."},{"freeFormCitationText":"------. <i>A resource of war--The credit of the government made immediately available. History of the legal tender paper money issued during the great rebellion. Being a loan without interest and a national currency</i>. Buffalo: Express Printing Company, 1869 [pref. 1875]."},{"freeFormCitationText":"------. <i>Speech of Hon. E. G. Spaulding, of New York, delivered in the House of Representatives, January 28, 1862, on the finances, and the power of Congress to issue demand treasury notes and make them a legal tender in payment of debts</i>. Washington, D.C.: Scammell &amp; Co., printers, 1862."}],"researchRecord":[{"name":"September-November 1851. 3 letters.","recordType":["Papers"],"description":"Finding aid in repository.","recordLocation":{"name":"New-York Historical Society","location":{"addressLocality":"New York","addressRegion":"NY"}}},{"name":"1829-1897. ca. 7 feet.","recordType":["Papers"],"description":"Business and political papers and material on family history. Unpublished finding aid in repository.","recordLocation":{"name":"Buffalo and Erie County Historical Society","location":{"addressLocality":"Buffalo","addressRegion":"NY"}}}]}}
