{"data":{"usCongressBioId":"S000678","familyName":"Somes","givenName":"Daniel","middleName":"Eton","honorificPrefix":"Mr.","unaccentedFamilyName":"Somes","unaccentedGivenName":"Daniel","unaccentedMiddleName":"Eton","birthDate":"1815-05-20","birthCirca":false,"deathDate":"1888-02-13","deathCirca":false,"profileText":"A Representative from Maine; born in Meredith (now Laconia), N.H., May 20, 1815; received an academic education; moved to Biddeford, Maine, in 1846; established the Eastern Journal, later known as the Union and Journal; engaged in the manufacture of loom harnesses, reed twine, and varnishes; mayor of Biddeford 1855-1857; president of the City Bank of Biddeford 1856-1858; elected as a Republican to the Thirty-sixth Congress (March 4, 1859-March 3, 1861); member of the peace convention of 1861 held in Washington, D.C., in an effort to devise means to prevent the impending war; engaged in the practice of patent law in Washington, D.C., until his death in that city on February 13, 1888; interment in Rock Creek Cemetery.","relationship":[],"asset":[],"jobPositions":[{"job":{"name":"Representative","jobType":"CongressMemberJob"},"startDate":"1859-03-04","startCirca":false,"congressAffiliation":{"congress":{"name":"The 36th United States Congress","congressNumber":36,"congressType":"USCongress","startDate":"1859-03-04","endDate":"1861-03-03"},"partyAffiliation":[{"party":{"name":"Republican"}}],"caucusAffiliation":[{"party":{"name":"Republican"}}],"represents":{"regionType":"DistrictRegion","regionCode":"ME"}}}],"creativeWork":[],"researchRecord":[]}}
