{"data":{"usCongressBioId":"S000302","familyName":"Shaw","givenName":"Albert","middleName":"Duane","honorificPrefix":"Mr.","unaccentedFamilyName":"Shaw","unaccentedGivenName":"Albert","unaccentedMiddleName":"Duane","birthDate":"1841-12-21","birthCirca":false,"deathDate":"1901-02-10","deathCirca":false,"profileText":"A Representative from New York; born in Lyme, Jefferson County, N.Y., December 21, 1841; attended Belleville and Union Academies and St. Lawrence University, Canton, N.Y.; enlisted as a private in Company A, Thirty-fifth Regiment, New York Volunteers, in June 1861 and served out the term of enlistment; appointed a special agent of the War Department in 1863, stationed at provost marshal's headquarters in Watertown, N.Y., and served until the close of the war; member of the State assembly in 1866; appointed colonel of the Thirty-sixth Regiment, New York National Guard, in 1867, and resigned to accept the position of United States consul at Toronto, Canada, in 1868; promoted to United States consul at Manchester, England, in 1878; elected department commander of the Grand Army of the Republic of New York in 1896; unanimously elected commander in chief at the national encampment in 1899; elected as a Republican to the Fifty-sixth Congress to fill the vacancy caused by the death of Charles A. Chickering; reelected to the Fifty-seventh Congress and served from November 6, 1900, until his death in Washington, D.C., on February 10, 1901, before the close of the Fifty-sixth Congress; interment in Brookside Cemetery, Watertown, Jefferson County, N.Y.","relationship":[],"asset":[],"jobPositions":[{"job":{"name":"Representative","jobType":"CongressMemberJob"},"startDate":"1899-03-04","startCirca":false,"endDate":"1901-02-10","endCirca":false,"departureReason":"Died","congressAffiliation":{"congress":{"name":"The 56th United States Congress","congressNumber":56,"congressType":"USCongress","startDate":"1899-12-04","endDate":"1901-03-03"},"departureReason":"Died","partyAffiliation":[{"party":{"name":"Republican"}}],"caucusAffiliation":[{"party":{"name":"Republican"}}],"represents":{"regionType":"DistrictRegion","regionCode":"NY"},"note":[{"type":"Note","noteType":"FootNote","content":"Elected to fill vacancy caused by death of C. A. Chickering, and took his seat December 3, 1900; died February 10, 1901 before the commencement of the Fifty-seventh Congress, to which he had been reelected"}]}}],"creativeWork":[],"researchRecord":[{"name":"1891-1896. 1 volume.","recordType":["Papers"],"description":"Letter book, chiefly business correspondence.","recordLocation":{"name":"Carl A. Kroch Library","location":{"addressLocality":"Ithaca","addressRegion":"NY"},"parentRecordLocation":{"name":"Cornell University","location":{"addressLocality":"Ithaca","addressRegion":"NY"}}}}]}}
