{"data":{"usCongressBioId":"S000828","familyName":"Stedman","givenName":"William","honorificPrefix":"Mr.","unaccentedFamilyName":"Stedman","unaccentedGivenName":"William","birthDate":"1765-01-21","birthCirca":false,"deathDate":"1831-08-31","deathCirca":false,"profileText":"A Representative from Massachusetts; born in Cambridge, Mass., January 21, 1765; was graduated from Harvard University in 1784; studied law; was admitted to the bar in 1787 and practiced in Lancaster, Charlestown, and Worcester; appointed justice of the peace in 1790; town clerk of Lancaster 1795-1800; member of the State house of representatives in 1802; executive chancellor of Lancaster, 1803-1807; elected as a Federalist to the Eighth and to the three succeeding Congresses and served from March 4, 1803, until his resignation July 16, 1810; clerk of Worcester County Courts 1810-1816; late in life moved to Newburyport, Essex County, Mass., where he died August 31, 1831; interment in Old Hill Burying Ground.","relationship":[],"asset":[],"jobPositions":[{"job":{"name":"Representative","jobType":"CongressMemberJob"},"startDate":"1803-10-17","startCirca":false,"congressAffiliation":{"congress":{"name":"The 8th United States Congress","congressNumber":8,"congressType":"USCongress","startDate":"1803-10-17","endDate":"1805-03-03"},"partyAffiliation":[{"party":{"name":"Federalist"}}],"caucusAffiliation":[{"party":{"name":"Federalist"}}],"represents":{"regionType":"StateRegion","regionCode":"MA"},"note":[{"type":"Note","noteType":"FootNote","content":"Represented the district of Worcester - North."}]}},{"job":{"name":"Representative","jobType":"CongressMemberJob"},"startDate":"1805-12-02","startCirca":false,"congressAffiliation":{"congress":{"name":"The 9th United States Congress","congressNumber":9,"congressType":"USCongress","startDate":"1805-12-02","endDate":"1807-03-03"},"partyAffiliation":[{"party":{"name":"Federalist"}}],"caucusAffiliation":[{"party":{"name":"Federalist"}}],"represents":{"regionType":"StateRegion","regionCode":"MA"},"note":[{"type":"Note","noteType":"FootNote","content":"Represented the district of Worcester - North."}]}},{"job":{"name":"Representative","jobType":"CongressMemberJob"},"startDate":"1807-10-26","startCirca":false,"congressAffiliation":{"congress":{"name":"The 10th United States Congress","congressNumber":10,"congressType":"USCongress","startDate":"1807-10-26","endDate":"1809-03-03"},"partyAffiliation":[{"party":{"name":"Federalist"}}],"caucusAffiliation":[{"party":{"name":"Federalist"}}],"represents":{"regionType":"StateRegion","regionCode":"MA"},"note":[{"type":"Note","noteType":"FootNote","content":"Represented district of Worcester - North."}]}},{"job":{"name":"Representative","jobType":"CongressMemberJob"},"startDate":"1809-05-22","startCirca":false,"endDate":"1810-07-16","endCirca":false,"departureReason":"Resigned","congressAffiliation":{"congress":{"name":"The 11th United States Congress","congressNumber":11,"congressType":"USCongress","startDate":"1809-03-04","endDate":"1811-03-03"},"departureReason":"Resigned","partyAffiliation":[{"party":{"name":"Federalist"}}],"caucusAffiliation":[{"party":{"name":"Federalist"}}],"represents":{"regionType":"StateRegion","regionCode":"MA"},"note":[{"type":"Note","noteType":"FootNote","content":"Represented district of Worcester - North.  Resigned July 16, 1810."}]}}],"creativeWork":[],"researchRecord":[{"name":"4 letters.","recordType":["Papers"],"recordLocation":{"name":"Boston Public Library","location":{"addressLocality":"Boston","addressRegion":"MA"}}}]}}
