{"data":{"usCongressBioId":"S000746","familyName":"Sprague","givenName":"William","honorificPrefix":"Mr.","unaccentedFamilyName":"Sprague","unaccentedGivenName":"William","birthDate":"1799-11-03","birthCirca":false,"birthDateUnknown":false,"deathDate":"1856-10-19","deathCirca":false,"deathDateUnknown":false,"profileText":"A Representative and a Senator from Rhode Island; born in Cranston, R.I., November 3, 1799; pursued classical studies; engaged in mercantile pursuits; member, Rhode Island state house of representatives, serving as speaker 1832-1835; elected as an Anti-Mason to the Twenty-fourth Congress (March 4, 1835-March 3, 1837); declined to be a candidate for renomination in 1836; Governor of Rhode Island 1838-1839; elected as a Whig to the United States Senate to fill the vacancy caused by the death of Nathan F. Dixon and served from February 18, 1842, to January 17, 1844, when he resigned; chairman, Committee on Enrolled Bills (Twenty-seventh Congress); presidential elector on the Whig ticket in 1848; engaged in the manufacture of cotton and paint; died in Providence, R.I., on October 19, 1856; interment in Swan Point Cemetery.","relationship":[{"relationshipType":"uncle","relatedTo":{"usCongressBioId":"S000747","familyName":"Sprague","givenName":"William","unaccentedFamilyName":"Sprague","unaccentedGivenName":"William","birthDate":"1830","birthCirca":false,"deathDate":"1915","deathCirca":false}}],"asset":[],"jobPositions":[{"job":{"name":"Representative","jobType":"CongressMemberJob"},"startDate":"1835-03-04","startCirca":false,"endCirca":false,"congressAffiliation":{"congress":{"name":"The 24th United States Congress","congressNumber":24,"congressType":"USCongress","startDate":"1835-12-07","endDate":"1837-03-03"},"partyAffiliation":[{"party":{"name":"Anti-Masonic"},"startCirca":false,"endCirca":false}],"caucusAffiliation":[{"party":{"name":"Anti-Masonic"},"startCirca":false,"endCirca":false}],"represents":{"regionType":"StateRegion","regionCode":"RI"}}},{"job":{"name":"Senator","jobType":"CongressMemberJob"},"congressAffiliation":{"congress":{"name":"The 27th United States Congress","congressNumber":27,"congressType":"USCongress","startDate":"1841-03-04","endDate":"1843-03-03"},"partyAffiliation":[{"party":{"name":"Whig"}}],"caucusAffiliation":[{"party":{"name":"Whig"}}],"represents":{"regionType":"StateRegion","regionCode":"RI"}},"startCirca":false,"startDate":"1842-02-05"},{"job":{"name":"Senator","jobType":"CongressMemberJob"},"congressAffiliation":{"congress":{"name":"The 28th United States Congress","congressNumber":28,"congressType":"USCongress","startDate":"1843-12-04","endDate":"1845-03-03"},"partyAffiliation":[{"party":{"name":"Whig"}}],"caucusAffiliation":[{"party":{"name":"Whig"}}],"represents":{"regionType":"StateRegion","regionCode":"RI"}},"endCirca":false,"endDate":"1844-01-17"}],"creativeWork":[{"freeFormCitationText":"Knight, Benjamin. <i>History of the Sprague Families, of Rhode Island</i>. Santa Cruz: H. Coffin, 1881."}],"researchRecord":[{"name":"Correspondence in Usher Parson papers, 1611-1930.","recordType":["Papers"],"recordLocation":{"name":"Brown University","location":{"addressLocality":"Providence","addressRegion":"RI"}}},{"name":"Several items in the Sprague family papers, 1812-1918; and business and political correspondence in Sprague (A.&amp; W.) Company, Cranston, RI records, 1819-1874.","recordType":["Papers"],"recordLocation":{"name":"Brown University","location":{"addressLocality":"Providence","addressRegion":"RI"}}},{"name":"1831. 1 letter.","recordType":["Papers"],"recordLocation":{"name":"Rush Rhees Library","location":{"addressLocality":"Rochester","addressRegion":"NY"},"parentRecordLocation":{"name":"University of Rochester","location":{"addressLocality":"Rochester","addressRegion":"NY"}}}}],"deleted":false}}
