{"data":{"usCongressBioId":"S000995","familyName":"Stratton","givenName":"John","middleName":"Leake Newbold","honorificPrefix":"Mr.","unaccentedFamilyName":"Stratton","unaccentedGivenName":"John","unaccentedMiddleName":"Leake Newbold","birthDate":"1817-11-27","birthCirca":false,"deathDate":"1889-05-17","deathCirca":false,"profileText":"A Representative from New Jersey; born in Mount Holly, Burlington County, N.J., November 27, 1817; attended private schools at Mount Holly; prepared for college at Mendham; graduated from Princeton College, 1836; lawyer, private practice; elected as a Republican to the Thirty-sixth and to the succeeding Congress (March 4, 1859-March 3, 1863); was not a candidate for renomination in 1862; delegate to the Union National Convention of Conservatives at Philadelphia, 1866; president of the Farmers' National Bank of Mount Holly in 1875; died on May 17, 1889, Mount Holly, N.J.; interment in St. Andrews Cemetery.","relationship":[],"asset":[],"jobPositions":[{"job":{"name":"Representative","jobType":"CongressMemberJob"},"startDate":"1859-03-04","startCirca":false,"congressAffiliation":{"congress":{"name":"The 36th United States Congress","congressNumber":36,"congressType":"USCongress","startDate":"1859-03-04","endDate":"1861-03-03"},"partyAffiliation":[{"party":{"name":"Republican"}}],"caucusAffiliation":[{"party":{"name":"Republican"}}],"represents":{"regionType":"DistrictRegion","regionCode":"NJ"}}},{"job":{"name":"Representative","jobType":"CongressMemberJob"},"startDate":"1861-03-04","startCirca":false,"congressAffiliation":{"congress":{"name":"The 37th United States Congress","congressNumber":37,"congressType":"USCongress","startDate":"1861-03-04","endDate":"1863-03-03"},"partyAffiliation":[{"party":{"name":"Republican"}}],"caucusAffiliation":[{"party":{"name":"Republican"}}],"represents":{"regionType":"DistrictRegion","regionCode":"NJ"}}}],"creativeWork":[],"researchRecord":[{"name":"1861, 1 item.","recordType":["Papers"],"description":"A letter from John Leake Newbold Stratton to President Abraham Lincoln written on March 4, 1861. In the letter, John Stratton recommends Rufus Andrews as United States District Attorney for the Southern District of New York.","recordLocation":{"name":"Department of Literary and Historical Manuscripts","location":{"addressLocality":"New York","addressRegion":"NY"},"parentRecordLocation":{"name":"The Morgan Library","location":{"addressLocality":"New York","addressRegion":"NY"}}}}]}}
