{"data":{"usCongressBioId":"S000920","familyName":"Stewart","givenName":"Thomas","middleName":"Elliott","honorificPrefix":"Mr.","unaccentedFamilyName":"Stewart","unaccentedGivenName":"Thomas","unaccentedMiddleName":"Elliott","birthDate":"1824-09-22","birthCirca":false,"deathDate":"1904-01-09","deathCirca":false,"profileText":"A Representative from New York; born in New York City September 22, 1824; completed preparatory studies; studied law; was admitted to the bar in 1847 and commenced practice in New York City; member of the board of education in 1854; served in the State assembly in 1865 and 1866; member of the Republican State committee 1866-1868; elected as a Conservative Republican to the Fortieth Congress (March 4, 1867-March 3, 1869); was not a candidate for renomination in 1868 to the Forty-first Congress; resumed the practice of his profession in New York City; chairman of the Liberal Republican general committee of New York City in 1872; park commissioner of New York City 1874-1876; died in New York City on January 9, 1904; interment in Center Cemetery, New Milford, Litchfield County, Conn.","relationship":[],"asset":[],"jobPositions":[{"job":{"name":"Representative","jobType":"CongressMemberJob"},"startDate":"1867-03-04","startCirca":false,"congressAffiliation":{"congress":{"name":"The 40th United States Congress","congressNumber":40,"congressType":"USCongress","startDate":"1867-03-04","endDate":"1869-03-03"},"partyAffiliation":[{"party":{"name":"Conservative Republican"}}],"caucusAffiliation":[{"party":{"name":"Conservative Republican"}}],"represents":{"regionType":"DistrictRegion","regionCode":"NY"}}}],"creativeWork":[],"researchRecord":[]}}
