{"data":{"usCongressBioId":"S000719","familyName":"Spence","givenName":"John","middleName":"Selby","honorificPrefix":"Mr.","unaccentedFamilyName":"Spence","unaccentedGivenName":"John","unaccentedMiddleName":"Selby","birthDate":"1788-02-29","birthCirca":false,"birthDateUnknown":false,"deathDate":"1840-10-24","deathCirca":false,"deathDateUnknown":false,"profileText":"a Representative and a Senator from Maryland; born near Snow Hill, Worcester County, Md., February 29, 1788; attended the common schools; graduated from the medical department of the University of Pennsylvania at Philadelphia in 1809 and practiced in Worcester County, Md.; member, Maryland state house of delegates; member, Maryland state senate; elected as an Adams-Clay Republican to the Eighteenth Congress (March 4, 1823-March 3, 1825); elected as an Anti-Jacksonian candidate to the Twenty-second Congress (March 4, 1831-March 3, 1833); elected as an Anti-Jacksonian candidate (later Whig) to the United States Senate to fill the vacancy caused by the death of Robert H. Goldsborough; reelected in 1837 and served from December 31, 1836, until his death near Berlin, Worcester County, Md., October 24, 1840; interment in the Episcopal Churchyard.","relationship":[{"relationshipType":"uncle","relatedTo":{"usCongressBioId":"S000720","familyName":"Spence","givenName":"Thomas","middleName":"Ara","honorificPrefix":"Mr.","unaccentedFamilyName":"Spence","unaccentedGivenName":"Thomas","unaccentedMiddleName":"Ara","birthDate":"1810-02-20","birthCirca":false,"deathDate":"1877-11-10","deathCirca":false}}],"asset":[],"jobPositions":[{"job":{"name":"Representative","jobType":"CongressMemberJob"},"startDate":"1823-12-01","startCirca":false,"endCirca":false,"congressAffiliation":{"congress":{"name":"The 18th United States Congress","congressNumber":18,"congressType":"USCongress","startDate":"1823-12-01","endDate":"1825-03-03"},"partyAffiliation":[{"party":{"name":"Adams-Clay Republican"},"startCirca":false,"endCirca":false}],"caucusAffiliation":[{"party":{"name":"Whig"},"startCirca":false,"endCirca":false}],"represents":{"regionType":"DistrictRegion","regionCode":"MD"}}},{"job":{"name":"Representative","jobType":"CongressMemberJob"},"startDate":"1831-12-05","startCirca":false,"congressAffiliation":{"congress":{"name":"The 22nd United States Congress","congressNumber":22,"congressType":"USCongress","startDate":"1831-12-05","endDate":"1833-03-02"},"partyAffiliation":[{"party":{"name":"Anti-Jacksonian"}}],"caucusAffiliation":[{"party":{"name":"Whig"}}],"represents":{"regionType":"DistrictRegion","regionCode":"MD"}}},{"job":{"name":"Senator","jobType":"CongressMemberJob"},"congressAffiliation":{"congress":{"name":"The 24th United States Congress","congressNumber":24,"congressType":"USCongress","startDate":"1835-12-07","endDate":"1837-03-03"},"partyAffiliation":[{"party":{"name":"Anti-Jacksonian"}}],"caucusAffiliation":[{"party":{"name":"Anti-Jackson"}}],"represents":{"regionType":"StateRegion","regionCode":"MD"}},"startCirca":false,"startDate":"1836-12-31"},{"job":{"name":"Senator","jobType":"CongressMemberJob"},"congressAffiliation":{"congress":{"name":"The 25th United States Congress","congressNumber":25,"congressType":"USCongress","startDate":"1837-03-04","endDate":"1839-03-03"},"partyAffiliation":[{"party":{"name":"Whig"}}],"caucusAffiliation":[{"party":{"name":"Anti-Jackson"}}],"represents":{"regionType":"StateRegion","regionCode":"MD"}}},{"job":{"name":"Senator","jobType":"CongressMemberJob"},"congressAffiliation":{"congress":{"name":"The 26th United States Congress","congressNumber":26,"congressType":"USCongress","startDate":"1839-12-02","endDate":"1841-03-03"},"partyAffiliation":[{"party":{"name":"Whig"}}],"caucusAffiliation":[{"party":{"name":"Anti-Jackson"}}],"represents":{"regionType":"StateRegion","regionCode":"MD"}},"endCirca":false,"endDate":"1840-10-24"}],"creativeWork":[],"researchRecord":[{"name":"1 letter (1832) concerning legislation and health in Maryland manuscripts collection.","recordType":["Papers"],"recordLocation":{"name":"McKeldin Library","location":{"addressLocality":"College Park","addressRegion":"MD"},"parentRecordLocation":{"name":"University of Maryland","location":{"addressLocality":"College Park","addressRegion":"MD"}}}}],"deleted":false}}
