{"data":{"usCongressBioId":"S000098","familyName":"Say","givenName":"Benjamin","honorificPrefix":"Mr.","unaccentedFamilyName":"Say","unaccentedGivenName":"Benjamin","birthDate":"1755-08-28","birthCirca":false,"birthDateUnknown":false,"deathDate":"1813-04-23","deathCirca":false,"deathDateUnknown":false,"profileText":"a Representative from Pennsylvania; born in Philadelphia, Pa., August 28, 1755; attended the Friends schools; was graduated from the medical department of the University of Pennsylvania at Philadelphia in 1780 and practiced in that city; was also an apothecary; served in the Revolutionary War; was a fellow of the College of Physicians of Philadelphia, of which he was one of the founders in 1787, and was treasurer from 1791 to 1809; member of the Pennsylvania Prison Society and president of the Pennsylvania Humane Society; elected as a Democratic Republican to the Tenth Congress to fill the vacancy caused by the resignation of Joseph Clay; reelected to the Eleventh Congress and served from November 16, 1808, until his resignation in June 1809; died on April 23, 1813, in Philadelphia, Pa.; interment at the former Say Burial Ground near Arch Street Meeting House, Philadelphia, Pa.","relationship":[],"asset":[],"jobPositions":[{"job":{"name":"Representative","jobType":"CongressMemberJob"},"startDate":"1807-10-26","startCirca":false,"endCirca":false,"congressAffiliation":{"congress":{"name":"The 10th United States Congress","congressNumber":10,"congressType":"USCongress","startDate":"1807-10-26","endDate":"1809-03-03"},"partyAffiliation":[{"party":{"name":"Democratic Republican"},"startCirca":false,"endCirca":false}],"caucusAffiliation":[{"party":{"name":"Democratic Republican"},"startCirca":false,"endCirca":false}],"represents":{"regionType":"DistrictRegion","regionCode":"PA"},"note":[{"type":"Note","content":"Elected to fill vacancy caused by resignation of Joseph Clay, and took his seat November 16, 1808.","noteType":"FootNote"},{"type":"Note","content":"Three elected to represent 1st district.","noteType":"FootNote"}]}},{"job":{"name":"Representative","jobType":"CongressMemberJob"},"startDate":"1809-05-22","startCirca":false,"endDate":"1809-06","endCirca":true,"departureReason":"Resigned","congressAffiliation":{"congress":{"name":"The 11th United States Congress","congressNumber":11,"congressType":"USCongress","startDate":"1809-03-04","endDate":"1811-03-03"},"departureReason":"Resigned","partyAffiliation":[{"party":{"name":"Democratic Republican"},"startCirca":false,"endCirca":false}],"caucusAffiliation":[{"party":{"name":"Democratic Republican"},"startCirca":false,"endCirca":false}],"represents":{"regionType":"DistrictRegion","regionCode":"PA"},"note":[{"type":"Note","content":"Resigned June, 1809.","noteType":"FootNote"},{"type":"Note","content":"One of three elected to represent 1st district.","noteType":"FootNote"}]}}],"creativeWork":[{"freeFormCitationText":"Say, Benjamin. <i>An annual oration pronounced before the Humane Society of Philadelphia on the objects &amp; benefits of said institution, the 28th day of February 1799</i>. Whitehall, [Pa.]: Printed for William Young ..., 1799."}],"researchRecord":[{"name":"1785-1804, 1 volume.","recordType":["Papers"],"description":"The account book of Dr. Benjamin Say, guardian of the estate of John Bird, executor of the estate of Thomas Say, and guardian of the children of Cornelius Barnes.","recordLocation":{"name":"Historical Society of Pennsylvania","location":{"addressLocality":"Philadelphia","addressRegion":"PA"}}},{"name":"In the Henry Pleasants Collection, 1693-1825, 3 volumes.","recordType":["Papers"],"description":"Persons represented include Benjamin Say.","recordLocation":{"name":"Historical Society of Pennsylvania","location":{"addressLocality":"Philadelphia","addressRegion":"PA"}}},{"name":"1796-1804, 1 ledger.","recordType":["Papers"],"description":"A ledger contains accounts with Benjamin Say's patients for attendance and medicines. Also included is a list of Say's memberships and degrees; pasted on following page, a manuscript copy of his letter, July 17, 1801, declining to run for a second term in the Pennsylvania Senate.","recordLocation":{"name":"College of Physicians of Philadelphia","location":{"addressLocality":"Philadelphia","addressRegion":"PA"}}}],"deleted":false}}
