{"data":{"usCongressBioId":"S000859","familyName":"Stephens","givenName":"Philander","honorificPrefix":"Mr.","unaccentedFamilyName":"Stephens","unaccentedGivenName":"Philander","birthDate":"1788","birthCirca":false,"birthDateUnknown":false,"deathDate":"1842-07-08","deathCirca":false,"deathDateUnknown":false,"profileText":"a Representative from Pennsylvania; born near Montrose, Susquehanna County, Pa., in 1788; received a limited education; engaged in agricultural and mercantile pursuits; coroner in 1815; county commissioner in 1818; sheriff in 1821; member of the State house of representatives in 1824 and 1825; elected as a Jacksonian candidate to the Twenty-first and Twenty-second Congresses (March 4, 1829-March 3, 1833); chairman, Committee on Expenditures in the Department of the Treasury (Twenty-second Congress); was not a candidate for renomination in 1832; resumed agricultural and mercantile pursuits; died probably in Springville, Susquehanna County, Pa., July 8, 1842; interment in Stephens Burying Ground, Dimock Township, Susquehanna County, Pa.","relationship":[],"asset":[],"jobPositions":[{"job":{"name":"Representative","jobType":"CongressMemberJob"},"startDate":"1829-12-14","startCirca":false,"congressAffiliation":{"congress":{"name":"The 21st United States Congress","congressNumber":21,"congressType":"USCongress","startDate":"1829-03-04","endDate":"1831-03-03"},"partyAffiliation":[{"party":{"name":"Jacksonian"}}],"caucusAffiliation":[{"party":{"name":"Jacksonian"}}],"represents":{"regionType":"DistrictRegion","regionCode":"PA"},"note":[{"type":"Note","noteType":"FootNote","content":"One of three elected to represent the 9th district."}]}},{"job":{"name":"Representative","jobType":"CongressMemberJob"},"startDate":"1831-12-05","startCirca":false,"endCirca":false,"congressAffiliation":{"congress":{"name":"The 22nd United States Congress","congressNumber":22,"congressType":"USCongress","startDate":"1831-12-05","endDate":"1833-03-02"},"partyAffiliation":[{"party":{"name":"Jacksonian"},"startCirca":false,"endCirca":false}],"caucusAffiliation":[{"party":{"name":"Jacksonian"},"startCirca":false,"endCirca":false}],"represents":{"regionType":"DistrictRegion","regionCode":"PA"},"note":[{"type":"Note","content":"One of three elected to represent the 9th district.","noteType":"FootNote"}]}}],"creativeWork":[],"researchRecord":[],"deleted":false}}
