{"data":{"usCongressBioId":"S000866","familyName":"Sterett","givenName":"Samuel","honorificPrefix":"Mr.","unaccentedFamilyName":"Sterett","unaccentedGivenName":"Samuel","birthDate":"1758","birthCirca":true,"deathDate":"1833-07-12","deathCirca":false,"profileText":"A Representative from Maryland; born in Carlisle, Pa., in 1758; moved with his parents to Baltimore, Md., in 1761; completed preparatory studies; was graduated from the University of Pennsylvania at Philadelphia; held several local offices; member of the independent company (military) of Baltimore merchants in 1777; appointed private secretary to the President of Congress in November 1782; member of the state senate in 1789; elected as an Anti-Administration candidate to the Second Congress (March 4, 1791-March 3, 1793); secretary of the Maryland Society for Promoting the Abolition of Slavery in 1791; member of the Baltimore committee of safety in 1812; served as captain of an independent company at the Battle of North Point September 12, 1814; grand marshal at Baltimore at the laying of the foundation stone of the Baltimore &amp; Ohio Railroad, July 4, 1828; died in Baltimore, Md., July 12, 1833; interment in the burying ground of Westminster Church.","relationship":[],"asset":[],"jobPositions":[{"job":{"name":"Representative","jobType":"CongressMemberJob"},"startDate":"1791-10-24","startCirca":false,"congressAffiliation":{"congress":{"name":"The 2nd United States Congress","congressNumber":2,"congressType":"USCongress","startDate":"1791-03-04","endDate":"1793-03-02"},"partyAffiliation":[{"party":{"name":"Anti-Administration"}}],"caucusAffiliation":[{"party":{"name":"Anti-Administration"}}],"represents":{"regionType":"DistrictRegion","regionCode":"MD"}}}],"creativeWork":[],"researchRecord":[{"name":"1806-1807. 2 letters.","recordType":["Papers"],"description":"Personal business. Finding aid in repository.","recordLocation":{"name":"Rare Book and Manuscript Library","location":{"addressLocality":"New York","addressRegion":"NY"},"parentRecordLocation":{"name":"Columbia University","location":{"addressLocality":"New York","addressRegion":"NY"}}}}]}}
