{"data":{"usCongressBioId":"S000788","familyName":"Stanbery","givenName":"William","honorificPrefix":"Mr.","unaccentedFamilyName":"Stanbery","unaccentedGivenName":"William","birthDate":"1788-08-10","birthCirca":false,"birthDateUnknown":false,"deathDate":"1873-01-23","deathCirca":false,"deathDateUnknown":false,"profileText":"a Representative from Ohio; born in Essex County, N.J., August 10, 1788; received an academic education; studied law in New York City and was admitted to the bar; moved to Ohio in 1809; settled in Newark, Licking County, and practiced law; member of the Ohio state senate, 1824-1825; elected as a Jacksonian candidate to the Twentieth Congress, by special election, to fill the vacancy caused by the death of William Wilson, and reelected to the Twenty-first Congress; reelected as an Anti-Jacksonian candidate to the Twenty-second Congress (October 9, 1827-March 3, 1833); censured by the U.S. House of Representatives on July 11, 1832, for use of unparliamentary language; unsuccessful candidate for renomination to the Twenty-third Congress in 1832; resumed the practice of law; died in Newark, Ohio, January 23, 1873; interment in Cedar Hill Cemetery.","relationship":[],"asset":[],"jobPositions":[{"job":{"name":"Representative","jobType":"CongressMemberJob"},"startDate":"1827-12-03","startCirca":false,"congressAffiliation":{"congress":{"name":"The 20th United States Congress","congressNumber":20,"congressType":"USCongress","startDate":"1827-12-03","endDate":"1829-03-03"},"partyAffiliation":[{"party":{"name":"Jacksonian"}}],"caucusAffiliation":[{"party":{"name":"Jacksonian"}}],"represents":{"regionType":"DistrictRegion","regionCode":"OH"},"note":[{"type":"Note","noteType":"FootNote","content":"Elected to fill vacancy caused by death of William Wilson, and took his seat December 3, 1827."}]}},{"job":{"name":"Representative","jobType":"CongressMemberJob"},"startDate":"1829-12-07","startCirca":false,"congressAffiliation":{"congress":{"name":"The 21st United States Congress","congressNumber":21,"congressType":"USCongress","startDate":"1829-03-04","endDate":"1831-03-03"},"partyAffiliation":[{"party":{"name":"Jacksonian"}}],"caucusAffiliation":[{"party":{"name":"Anti Jacksonian"}}],"represents":{"regionType":"DistrictRegion","regionCode":"OH"}}},{"job":{"name":"Representative","jobType":"CongressMemberJob"},"startDate":"1831-12-05","startCirca":false,"endCirca":false,"congressAffiliation":{"congress":{"name":"The 22nd United States Congress","congressNumber":22,"congressType":"USCongress","startDate":"1831-12-05","endDate":"1833-03-02"},"partyAffiliation":[{"party":{"name":"Anti-Jacksonian"},"startCirca":false,"endCirca":false}],"caucusAffiliation":[{"party":{"name":"Anti Jacksonian"},"startCirca":false,"endCirca":false}],"represents":{"regionType":"DistrictRegion","regionCode":"OH"}}}],"creativeWork":[{"freeFormCitationText":"Busfield, Roger M., Jr. \"The Hermitage Walking Stick: First Challenge to Congressional Immunity.\" <i> Tennessee Historical Quarterly</i> 21 (June 1962): 122-30."}],"researchRecord":[],"deleted":false}}
