{"data":{"usCongressBioId":"S000626","familyName":"Smith","givenName":"William","honorificPrefix":"Mr.","unaccentedFamilyName":"Smith","unaccentedGivenName":"William","birthCirca":false,"birthDateUnknown":true,"deathCirca":false,"deathDateUnknown":true,"profileText":"A Representative from Virginia; born in Chesterfield, Va., birth date unknown; completed preparatory studies; member of the Virginia state house of delegates, 1782; elected as a Democratic Republican to the Seventeenth Congress, reelected as a Crawford Republican to the Eighteenth Congress, and reelected as a Jacksonian candidate to the Nineteenth Congress (March 4, 1821-March 3, 1827); death date unknown.","relationship":[],"asset":[],"jobPositions":[{"job":{"name":"Representative","jobType":"CongressMemberJob"},"startDate":"1821-12-03","startCirca":false,"endCirca":false,"congressAffiliation":{"congress":{"name":"The 17th United States Congress","congressNumber":17,"congressType":"USCongress","startDate":"1821-12-03","endDate":"1823-03-03"},"partyAffiliation":[{"party":{"name":"Democratic Republican"},"startCirca":false,"endCirca":false}],"caucusAffiliation":[{"party":{"name":"Democratic Republican"},"startCirca":false,"endCirca":false}],"represents":{"regionType":"DistrictRegion","regionCode":"VA"}}},{"job":{"name":"Representative","jobType":"CongressMemberJob"},"startDate":"1823-12-01","startCirca":false,"endCirca":false,"congressAffiliation":{"congress":{"name":"The 18th United States Congress","congressNumber":18,"congressType":"USCongress","startDate":"1823-12-01","endDate":"1825-03-03"},"partyAffiliation":[{"party":{"name":"Crawford Republican"},"startCirca":false,"endCirca":false}],"caucusAffiliation":[{"party":{"name":"Crawford Republican"},"startCirca":false,"endCirca":false}],"represents":{"regionType":"DistrictRegion","regionCode":"VA"}}},{"job":{"name":"Representative","jobType":"CongressMemberJob"},"startDate":"1825-12-05","startCirca":false,"congressAffiliation":{"congress":{"name":"The 19th United States Congress","congressNumber":19,"congressType":"USCongress","startDate":"1825-03-04","endDate":"1827-03-03"},"partyAffiliation":[{"party":{"name":"Jacksonian"}}],"caucusAffiliation":[{"party":{"name":"Jacksonian"}}],"represents":{"regionType":"DistrictRegion","regionCode":"VA"}}}],"creativeWork":[],"researchRecord":[],"deleted":false}}
