{"data":{"usCongressBioId":"S000611","familyName":"Smith","givenName":"Samuel","middleName":"A.","honorificPrefix":"Mr.","unaccentedFamilyName":"Smith","unaccentedGivenName":"Samuel","unaccentedMiddleName":"A.","birthDate":"1795","birthCirca":false,"birthDateUnknown":false,"deathDate":"1861-05-15","deathCirca":false,"deathDateUnknown":false,"profileText":"a Representative from Pennsylvania; born in Harrow, Nockamixon Township, Bucks County, Pa., in 1795; attended the common schools; commissioned justice of the peace for the Rockhill-Milford district before he was twenty-one years of age; register of wills for Bucks County 1824-1829; was brigade inspector of militia for the Bucks and Montgomery County district; resigned in 1832; elected as a Jacksonian candidate to the Twenty-first Congress to fill in part the vacancies caused by the resignations of George Wolf and Samuel D. Ingham; reelected as a Jacksonian candidate to the Twenty-second Congress and served from October 13, 1829, to March 3, 1833; member of the State senate 1841-1843; was appointed associate judge of the courts of Bucks County by Governor Porter in 1844 and served until 1849; engaged in mercantile pursuits in Doylestown, Pa., and later in Point Pleasant, Pa.; died in Point Pleasant, Bucks County, Pa., May 15, 1861; interment in the Presbyterian Churchyard, Doylestown, Pa.","relationship":[],"asset":[],"jobPositions":[{"job":{"name":"Representative","jobType":"CongressMemberJob"},"startDate":"1829-12-07","startCirca":false,"congressAffiliation":{"congress":{"name":"The 21st United States Congress","congressNumber":21,"congressType":"USCongress","startDate":"1829-03-04","endDate":"1831-03-03"},"partyAffiliation":[{"party":{"name":"Jacksonian"}}],"caucusAffiliation":[{"party":{"name":"Jacksonian"}}],"represents":{"regionType":"DistrictRegion","regionCode":"PA"},"note":[{"type":"Note","noteType":"FootNote","content":"One of two elected to represent the 8th district."},{"type":"Note","noteType":"FootNote","content":"Elected to fill in part vacancies caused by resignations of George Wolf and Samuel D. Ingham, and took his seat December 7, 1829."}]}},{"job":{"name":"Representative","jobType":"CongressMemberJob"},"startDate":"1831-12-05","startCirca":false,"congressAffiliation":{"congress":{"name":"The 22nd United States Congress","congressNumber":22,"congressType":"USCongress","startDate":"1831-12-05","endDate":"1833-03-02"},"partyAffiliation":[{"party":{"name":"Jacksonian"}}],"caucusAffiliation":[{"party":{"name":"Jacksonian"}}],"represents":{"regionType":"DistrictRegion","regionCode":"PA"},"note":[{"type":"Note","noteType":"FootNote","content":"One of two elected to represent the 8th district."}]}}],"creativeWork":[],"researchRecord":[{"name":"February 29, 1860. 1 letter.","recordType":["Papers"],"description":"Finding aid in repository.","recordLocation":{"name":"Brooklyn Historical Society","location":{"addressLocality":"Brooklyn","addressRegion":"NY"}}}],"deleted":false}}
