{"data":{"usCongressBioId":"S000753","familyName":"Sprigg","givenName":"Thomas","honorificPrefix":"Mr.","unaccentedFamilyName":"Sprigg","unaccentedGivenName":"Thomas","birthDate":"1747","birthCirca":false,"birthDateUnknown":false,"deathDate":"1809-12-13","deathCirca":false,"deathDateUnknown":false,"profileText":"a Representative from Maryland; born in Prince George's County, Md., in 1747; served during the Revolutionary War as ensign in the Maryland Battalion of the Flying Camp from September to December 1776; appointed the first register of wills of Washington County, Md., in 1777, and served until September 29, 1780, when he resigned; appointed lieutenant of Washington County by the governor and Council of Maryland December 21, 1779; elected as an Anti-Administration candidate to the Third Congress and reelected as a Democratic Republican to the Fourth Congress (March 4, 1793-March 3, 1797); died in Washington County, Md., December 13, 1809.","relationship":[{"relationshipType":"uncle","relatedTo":{"usCongressBioId":"S000752","familyName":"Sprigg","givenName":"Richard","honorificPrefix":"Mr.","honorificSuffix":"Jr.","unaccentedFamilyName":"Sprigg","unaccentedGivenName":"Richard","birthDate":"1769","birthCirca":true,"birthDateUnknown":false,"deathDate":"1806","deathCirca":false,"deathDateUnknown":false,"deleted":false}}],"asset":[],"jobPositions":[{"job":{"name":"Representative","jobType":"CongressMemberJob"},"startDate":"1793-12-02","startCirca":false,"endCirca":false,"congressAffiliation":{"congress":{"name":"The 3rd United States Congress","congressNumber":3,"congressType":"USCongress","startDate":"1793-03-04","endDate":"1795-03-03"},"partyAffiliation":[{"party":{"name":"Anti-Administration"},"startCirca":false,"endCirca":false}],"caucusAffiliation":[{"party":{"name":"Anti-Administration"},"startCirca":false,"endCirca":false}],"represents":{"regionType":"DistrictRegion","regionCode":"MD"}}},{"job":{"name":"Representative","jobType":"CongressMemberJob"},"startDate":"1795-12-07","startCirca":false,"endCirca":false,"congressAffiliation":{"congress":{"name":"The 4th United States Congress","congressNumber":4,"congressType":"USCongress","startDate":"1795-06-08","endDate":"1797-03-03"},"partyAffiliation":[{"party":{"name":"Democratic Republican"},"startCirca":false,"endCirca":false}],"caucusAffiliation":[{"party":{"name":"Democratic Republican"},"startCirca":false,"endCirca":false}],"represents":{"regionType":"DistrictRegion","regionCode":"MD"}}}],"creativeWork":[],"researchRecord":[],"deleted":false}}
