{"data":{"usCongressBioId":"S000877","familyName":"Stevens","givenName":"Charles","middleName":"Abbot","unaccentedFamilyName":"Stevens","unaccentedGivenName":"Charles","unaccentedMiddleName":"Abbot","birthDate":"1816-08-09","birthCirca":false,"deathDate":"1892-04-07","deathCirca":false,"profileText":"a Representative from Massachusetts; born in North Andover (then a part of Andover), Essex County, Mass., August 9, 1816; attended Franklin Academy at North Andover; manufacturer of flannels and broadcloths at Ware, Hampshire County, Mass., in 1841; member of the State house of representatives in 1853; delegate to the Republican National Conventions in 1860 and 1868; served as a member of the Governor's council 1867-1870; unsuccessful for election in 1874 to the Forty-fourth Congress; was subsequently elected as a Republican to the Forty-third Congress to fill the vacancy caused by the death of Alvah Crocker and served from January 27 to March 3, 1875; resumed the manufacturing business; died in New York City April 7, 1892; interment in Aspen Grove Cemetery, Ware, Mass.","relationship":[{"relatedTo":{"usCongressBioId":"S000884","familyName":"Stevens","givenName":"Moses","middleName":"Tyler","honorificPrefix":"Mr.","unaccentedFamilyName":"Stevens","unaccentedGivenName":"Moses","unaccentedMiddleName":"Tyler","birthDate":"1825-10-10","birthCirca":false,"deathDate":"1907-03-25","deathCirca":false},"relationshipType":"brother"},{"relatedTo":{"usCongressBioId":"S000881","familyName":"Stevens","givenName":"Isaac","middleName":"Ingalls","honorificPrefix":"Mr.","unaccentedFamilyName":"Stevens","unaccentedGivenName":"Isaac","unaccentedMiddleName":"Ingalls","birthDate":"1818-03-25","birthCirca":false,"deathDate":"1862-09-01","deathCirca":false},"relationshipType":"cousin"}],"asset":[],"jobPositions":[{"job":{"name":"Representative","jobType":"CongressMemberJob"},"congressAffiliation":{"congress":{"name":"The 43rd United States Congress","congressNumber":43,"congressType":"USCongress","startDate":"1873-03-04","endDate":"1875-03-03"},"partyAffiliation":[{"party":{"name":"Republican"}}],"caucusAffiliation":[{"party":{"name":"Republican"}}],"represents":{"regionType":"StateRegion","regionCode":"MA"}}}],"creativeWork":[],"researchRecord":[{"name":"In the Isaac Ingalls Stevens Papers,1837, 2 items.","recordType":["Papers"],"description":"A letter from Isaac Ingalls Stevens to his cousin, Charles A. Stevens, written on July 3, 1837.","recordLocation":{"name":"USMA Library","location":{"addressLocality":"West Point","addressRegion":"NY"},"parentRecordLocation":{"name":"United States Military Academy","location":{"addressLocality":"West Point","addressRegion":"NY"}}}}],"deleted":false}}
