{"data":{"usCongressBioId":"S000794","familyName":"Stanford","givenName":"Richard","honorificPrefix":"Mr.","unaccentedFamilyName":"Stanford","unaccentedGivenName":"Richard","birthDate":"1767-03-02","birthCirca":false,"birthDateUnknown":false,"deathDate":"1816-04-09","deathCirca":false,"deathDateUnknown":false,"profileText":"a Representative from North Carolina; born near Vienna, Md., March 2, 1767; completed preparatory studies; moved to Hawfields, N.C., about 1793 and established an academy; elected as a Democratic Republican to the Fifth and to the nine succeeding Congresses and served from March 4, 1797, until his death in Georgetown, D.C., April 9, 1816; chairman, Committee on Revisal and Unfinished Business (Thirteenth Congress); interment in Congressional Cemetery, Washington, D.C.","relationship":[{"relationshipType":"grandfather","relatedTo":{"usCongressBioId":"W000232","familyName":"Webb","givenName":"William","middleName":"Robert","unaccentedFamilyName":"Webb","unaccentedGivenName":"William","unaccentedMiddleName":"Robert","birthDate":"1842","birthCirca":false,"deathDate":"1926","deathCirca":false}}],"asset":[],"jobPositions":[{"job":{"name":"Representative","jobType":"CongressMemberJob"},"startDate":"1797-05-15","startCirca":false,"endCirca":false,"congressAffiliation":{"congress":{"name":"The 5th United States Congress","congressNumber":5,"congressType":"USCongress","startDate":"1797-03-04","endDate":"1799-03-03"},"partyAffiliation":[{"party":{"name":"Democratic Republican"},"startCirca":false,"endCirca":false}],"caucusAffiliation":[{"party":{"name":"Democratic Republican"},"startCirca":false,"endCirca":false}],"represents":{"regionType":"DistrictRegion","regionCode":"NC"}}},{"job":{"name":"Representative","jobType":"CongressMemberJob"},"startDate":"1799-12-02","startCirca":false,"endCirca":false,"congressAffiliation":{"congress":{"name":"The 6th United States Congress","congressNumber":6,"congressType":"USCongress","startDate":"1799-12-02","endDate":"1801-03-03"},"partyAffiliation":[{"party":{"name":"Democratic Republican"},"startCirca":false,"endCirca":false}],"caucusAffiliation":[{"party":{"name":"Democratic Republican"},"startCirca":false,"endCirca":false}],"represents":{"regionType":"DistrictRegion","regionCode":"NC"}}},{"job":{"name":"Representative","jobType":"CongressMemberJob"},"startDate":"1801-12-07","startCirca":false,"endCirca":false,"congressAffiliation":{"congress":{"name":"The 7th United States Congress","congressNumber":7,"congressType":"USCongress","startDate":"1801-03-04","endDate":"1803-03-03"},"partyAffiliation":[{"party":{"name":"Democratic Republican"},"startCirca":false,"endCirca":false}],"caucusAffiliation":[{"party":{"name":"Democratic Republican"},"startCirca":false,"endCirca":false}],"represents":{"regionType":"DistrictRegion","regionCode":"NC"}}},{"job":{"name":"Representative","jobType":"CongressMemberJob"},"startDate":"1803-10-17","startCirca":false,"endCirca":false,"congressAffiliation":{"congress":{"name":"The 8th United States Congress","congressNumber":8,"congressType":"USCongress","startDate":"1803-10-17","endDate":"1805-03-03"},"partyAffiliation":[{"party":{"name":"Democratic Republican"},"startCirca":false,"endCirca":false}],"caucusAffiliation":[{"party":{"name":"Democratic Republican"},"startCirca":false,"endCirca":false}],"represents":{"regionType":"DistrictRegion","regionCode":"NC"}}},{"job":{"name":"Representative","jobType":"CongressMemberJob"},"startDate":"1805-12-02","startCirca":false,"endCirca":false,"congressAffiliation":{"congress":{"name":"The 9th United States Congress","congressNumber":9,"congressType":"USCongress","startDate":"1805-12-02","endDate":"1807-03-03"},"partyAffiliation":[{"party":{"name":"Democratic Republican"},"startCirca":false,"endCirca":false}],"caucusAffiliation":[{"party":{"name":"Democratic Republican"},"startCirca":false,"endCirca":false}],"represents":{"regionType":"DistrictRegion","regionCode":"NC"}}},{"job":{"name":"Representative","jobType":"CongressMemberJob"},"startDate":"1807-10-26","startCirca":false,"endCirca":false,"congressAffiliation":{"congress":{"name":"The 10th United States Congress","congressNumber":10,"congressType":"USCongress","startDate":"1807-10-26","endDate":"1809-03-03"},"partyAffiliation":[{"party":{"name":"Democratic Republican"},"startCirca":false,"endCirca":false}],"caucusAffiliation":[{"party":{"name":"Democratic Republican"},"startCirca":false,"endCirca":false}],"represents":{"regionType":"DistrictRegion","regionCode":"NC"}}},{"job":{"name":"Representative","jobType":"CongressMemberJob"},"startDate":"1809-05-22","startCirca":false,"endCirca":false,"congressAffiliation":{"congress":{"name":"The 11th United States Congress","congressNumber":11,"congressType":"USCongress","startDate":"1809-03-04","endDate":"1811-03-03"},"partyAffiliation":[{"party":{"name":"Democratic Republican"},"startCirca":false,"endCirca":false}],"caucusAffiliation":[{"party":{"name":"Democratic Republican"},"startCirca":false,"endCirca":false}],"represents":{"regionType":"DistrictRegion","regionCode":"NC"}}},{"job":{"name":"Representative","jobType":"CongressMemberJob"},"startDate":"1811-11-04","startCirca":false,"endCirca":false,"congressAffiliation":{"congress":{"name":"The 12th United States Congress","congressNumber":12,"congressType":"USCongress","startDate":"1811-11-04","endDate":"1813-03-03"},"partyAffiliation":[{"party":{"name":"Democratic Republican"},"startCirca":false,"endCirca":false}],"caucusAffiliation":[{"party":{"name":"Democratic Republican"},"startCirca":false,"endCirca":false}],"represents":{"regionType":"DistrictRegion","regionCode":"NC"}}},{"job":{"name":"Representative","jobType":"CongressMemberJob"},"startDate":"1813-05-24","startCirca":false,"endCirca":false,"congressAffiliation":{"congress":{"name":"The 13th United States Congress","congressNumber":13,"congressType":"USCongress","startDate":"1813-05-24","endDate":"1815-03-03"},"partyAffiliation":[{"party":{"name":"Democratic Republican"},"startCirca":false,"endCirca":false}],"caucusAffiliation":[{"party":{"name":"Democratic Republican"},"startCirca":false,"endCirca":false}],"represents":{"regionType":"DistrictRegion","regionCode":"NC"}}},{"job":{"name":"Representative","jobType":"CongressMemberJob"},"startDate":"1815-12-04","startCirca":false,"endDate":"1816-04-09","endCirca":false,"departureReason":"Died","congressAffiliation":{"congress":{"name":"The 14th United States Congress","congressNumber":14,"congressType":"USCongress","startDate":"1815-12-04","endDate":"1817-03-03"},"departureReason":"Died","partyAffiliation":[{"party":{"name":"Democratic Republican"},"startCirca":false,"endCirca":false}],"caucusAffiliation":[{"party":{"name":"Democratic Republican"},"startCirca":false,"endCirca":false}],"represents":{"regionType":"DistrictRegion","regionCode":"NC"},"note":[{"type":"Note","content":"Died April 9, 1816.","noteType":"FootNote"}]}}],"creativeWork":[],"researchRecord":[{"name":"1767-1842. 76 items.","recordType":["Papers"],"description":"Family correspondence while in Congress. Unpublished description in library.","recordLocation":{"name":"Southern Historical Collection","location":{"addressLocality":"Chapel Hill","addressRegion":"NC"},"parentRecordLocation":{"name":"University of North Carolina","location":{"addressLocality":"Chapel Hill","addressRegion":"NC"}}}},{"name":"1803-1808. 5 items.","recordType":["Papers"],"recordLocation":{"name":"Manuscript Division","location":{"addressLocality":"Washington","addressRegion":"DC"},"parentRecordLocation":{"name":"Library of Congress","location":{"addressLocality":"Washington","addressRegion":"DC"}}}},{"name":"1797-1914. 16 items.","recordType":["Papers"],"description":"Includes sketch written by his grandson. Finding aid in repository.","recordLocation":{"name":"North Carolina State Department of Archives and History","location":{"addressLocality":"Raleigh","addressRegion":"NC"}}}],"deleted":false}}
