{"data":{"usCongressBioId":"S000725","familyName":"Spencer","givenName":"James","middleName":"Bradley","honorificPrefix":"Mr.","unaccentedFamilyName":"Spencer","unaccentedGivenName":"James","unaccentedMiddleName":"Bradley","birthDate":"1781-04-26","birthCirca":false,"deathDate":"1848-03-26","deathCirca":false,"profileText":"A Representative from New York; born in Salisbury, Conn., April 26, 1781; received a limited education; moved to Franklin County, N.Y., and settled in Fort Covington; raised a company for the War of 1812, and served as Captain in the Twenty-ninth United States Infantry; appointed a local magistrate in 1814; surrogate of Franklin County 1828-1837; appointed loan commissioner in 1829; member of the State assembly in 1831 and 1832; elected as a Democrat to the Twenty-fifth Congress (March 4, 1837-March 3, 1839); died in Fort Covington, N.Y., March 26, 1848; interment probably in the Old Cemetery near Fort Covington.","relationship":[],"asset":[],"jobPositions":[{"job":{"name":"Representative","jobType":"CongressMemberJob"},"startDate":"1837-03-04","startCirca":false,"congressAffiliation":{"congress":{"name":"The 25th United States Congress","congressNumber":25,"congressType":"USCongress","startDate":"1837-03-04","endDate":"1839-03-03"},"partyAffiliation":[{"party":{"name":"Democrat"}}],"caucusAffiliation":[{"party":{"name":"Democrat"}}],"represents":{"regionType":"DistrictRegion","regionCode":"NY"}}}],"creativeWork":[],"researchRecord":[]}}
