{"data":{"usCongressBioId":"S000944","familyName":"Stoddert","givenName":"John","middleName":"Truman","honorificPrefix":"Mr.","unaccentedFamilyName":"Stoddert","unaccentedGivenName":"John","unaccentedMiddleName":"Truman","birthDate":"1790-10-01","birthCirca":false,"birthDateUnknown":false,"deathDate":"1870-06-19","deathCirca":false,"deathDateUnknown":false,"profileText":"a Representative from Maryland; born in Smith Point, Nanjemoy, Charles County, Md., October 1, 1790; studied under private teachers and graduated from Princeton College in 1810; studied law; was admitted to the bar and practiced; served in the War of 1812; member of the State house of delegates in 1820; elected as a Jacksonian candidate to the Twenty-third Congress (March 4, 1833-March 3, 1835); engaged in agricultural pursuits; died at the \"Wicomico House,\" West Hatton estate, in Charles County, Md., July 19, 1870; interment in the family burying ground on his estate.","relationship":[],"asset":[],"jobPositions":[{"job":{"name":"Representative","jobType":"CongressMemberJob"},"startDate":"1833-12-02","startCirca":false,"congressAffiliation":{"congress":{"name":"The 23rd United States Congress","congressNumber":23,"congressType":"USCongress","startDate":"1833-12-02","endDate":"1835-03-03"},"partyAffiliation":[{"party":{"name":"Jacksonian"}}],"caucusAffiliation":[{"party":{"name":"Jacksonian"}}],"represents":{"regionType":"DistrictRegion","regionCode":"MD"}}}],"creativeWork":[],"researchRecord":[{"name":"1832. 1 letter.","recordType":["Papers"],"recordLocation":{"name":"Manuscript Division","location":{"addressLocality":"Washington","addressRegion":"DC"},"parentRecordLocation":{"name":"Library of Congress","location":{"addressLocality":"Washington","addressRegion":"DC"}}}},{"name":"In the Charles Lanman papers, 1823-1868. 1 foot.","recordType":["Papers"],"description":"Autobiographical or biographical letter. Unpublished inventory in library.","recordLocation":{"name":"McKeldin Library","location":{"addressLocality":"College Park","addressRegion":"MD"},"parentRecordLocation":{"name":"University of Maryland","location":{"addressLocality":"College Park","addressRegion":"MD"}}}}],"deleted":false}}
