{"data":{"usCongressBioId":"S000625","familyName":"Smith","givenName":"William","honorificPrefix":"Mr.","unaccentedFamilyName":"Smith","unaccentedGivenName":"William","birthDate":"1751-09-20","birthCirca":false,"birthDateUnknown":false,"deathDate":"1837-06-22","deathCirca":false,"deathDateUnknown":false,"profileText":"A Representative from South Carolina; born in Bucks County, Pa., September 20, 1751; removed to South Carolina with his father in 1765; planter, of Spartan District; fought in the Revolutionary War; county court judge, 1785-1797; member of the South Carolina state senate from Spartan District, 1790-1796; elected as a Democratic Republican to Fifth Congress (March 4, 1797-March 3, 1799); again a member of the South Carolina senate from Spartan District, 1810-1818; died in Spartan District, June 22, 1837; probably buried in Glenn Springs section of Spartanburg.","relationship":[],"asset":[],"jobPositions":[{"job":{"name":"Representative","jobType":"CongressMemberJob"},"startDate":"1797-05-15","startCirca":false,"endCirca":false,"congressAffiliation":{"congress":{"name":"The 5th United States Congress","congressNumber":5,"congressType":"USCongress","startDate":"1797-03-04","endDate":"1799-03-03"},"partyAffiliation":[{"party":{"name":"Democratic Republican"},"startCirca":false,"endCirca":false}],"caucusAffiliation":[{"party":{"name":"Democratic Republican"},"startCirca":false,"endCirca":false}],"represents":{"regionType":"DistrictRegion","regionCode":"SC"},"note":[{"type":"Note","content":"Many biographical errors have resulted from the fact that Smith of Charleston district and Smith of Spartan District both formerly were known as \"William Smith.\" It was about this time that Smith of Charleston district changed his name to \"William Laughton Smith.\"","noteType":"FootNote"}]}}],"creativeWork":[],"researchRecord":[{"name":"In Sondley and Smith family papers, 1768-1936. 150 items.","recordType":["Papers"],"description":"Nonpolitical correspondence and deeds.","recordLocation":{"name":"Southern Historical Collection","location":{"addressLocality":"Chapel Hill","addressRegion":"NC"},"parentRecordLocation":{"name":"University of North Carolina","location":{"addressLocality":"Chapel Hill","addressRegion":"NC"}}}}],"deleted":false}}
