{"data":{"usCongressBioId":"S000048","familyName":"Sanford","givenName":"John","honorificPrefix":"Mr.","unaccentedFamilyName":"Sanford","unaccentedGivenName":"John","birthDate":"1803-06-03","birthCirca":false,"deathDate":"1857-10-04","deathCirca":false,"profileText":"A Representative from New York; born in Roxbury, Conn., June 3, 1803; received a good education; moved to Amsterdam, N.Y., in 1821; taught school in Amsterdam and afterward in Mayfield, where he also engaged in mercantile pursuits; returned to Amsterdam and continued in commercial pursuits until 1840; elected as a Democrat to the Twenty-seventh Congress (March 4, 1841-March 3, 1843); founder of a carpet manufacturing firm in New York, but the factory was destroyed by fire in 1849, whereupon he retired from active business; died in Amsterdam, Montgomery County, N.Y., on October 4, 1857; interment in Green Hill Cemetery.","relationship":[{"relationshipType":"father","relatedTo":{"usCongressBioId":"S000054","familyName":"Sanford","givenName":"Stephen","honorificPrefix":"Mr.","unaccentedFamilyName":"Sanford","unaccentedGivenName":"Stephen","birthDate":"1826-05-26","birthCirca":false,"deathDate":"1913-02-13","deathCirca":false}},{"relationshipType":"grandfather","relatedTo":{"usCongressBioId":"S000047","familyName":"Sanford","givenName":"John","honorificPrefix":"Mr.","unaccentedFamilyName":"Sanford","unaccentedGivenName":"John","birthDate":"1851-01-18","birthCirca":false,"deathDate":"1939-09-26","deathCirca":false}}],"asset":[],"jobPositions":[{"job":{"name":"Representative","jobType":"CongressMemberJob"},"startDate":"1841-03-04","startCirca":false,"congressAffiliation":{"congress":{"name":"The 27th United States Congress","congressNumber":27,"congressType":"USCongress","startDate":"1841-03-04","endDate":"1843-03-03"},"partyAffiliation":[{"party":{"name":"Democrat"}}],"caucusAffiliation":[{"party":{"name":"Democrat"}}],"represents":{"regionType":"DistrictRegion","regionCode":"NY"}}}],"creativeWork":[],"researchRecord":[]}}
