{"data":{"usCongressBioId":"S000443","familyName":"Singiser","givenName":"Theodore","middleName":"Frelinghuysen","unaccentedFamilyName":"Singiser","unaccentedGivenName":"Theodore","unaccentedMiddleName":"Frelinghuysen","birthDate":"1845","birthCirca":false,"deathDate":"1907","deathCirca":false,"profileText":"A Delegate from the Territory of Idaho; born in Churchtown, Cumberland County, Pa., March 15, 1845; attended the common schools; learned the art of printing; enlisted in the Union Army as a private in Company E, Sixth Regiment, Pennsylvania Reserves, June 6, 1861; assistant assessor of internal revenue in 1866 and 1867; engaged in mercantile and editorial pursuits; studied law; was admitted to the bar in Washington, D.C., in 1878; employed in the United States Treasury from June 1, 1875, to May 31, 1879; appointed receiver of public moneys at Oxford, Idaho, in February 1879; engaged in mining in Idaho and Utah; secretary of the Territory of Idaho in 1880; Acting Governor of Idaho during the winter of 1881-1882; elected as a Republican to the Forty-eighth Congress (March 4, 1883-March 3, 1885); unsuccessful candidate for reelection in 1884 to the Forty-ninth Congress; receiver of public moneys at Mitchell, Dak. (now South Dakota), 1885-1889; again engaged in mining, and resided at Salt Lake City, Utah, until his death in Chicago, Ill., on January 23, 1907; interment in Chestnut Hill Cemetery, Mechanicsburg, Cumberland County, Pa.","relationship":[],"asset":[],"jobPositions":[{"job":{"name":"Delegate","jobType":"CongressMemberJob"},"congressAffiliation":{"congress":{"name":"The 48th United States Congress","congressNumber":48,"congressType":"USCongress","startDate":"1883-12-03","endDate":"1885-03-04"},"partyAffiliation":[{"party":{"name":"Republican"}}],"caucusAffiliation":[{"party":{"name":"Republican"}}],"represents":{"regionType":"StateRegion","regionCode":"ID"}}}],"creativeWork":[],"researchRecord":[{"name":"1884, 1 item.","recordType":["Papers"],"description":"A note of Shelby M. Cullom written around December 1884. In the note, Shelby Cullom endorses Arthur I. Boreman for Utah Territory Associate Justice. The note also contains endorsements from Nathan Goff, John F. Miller, John Sherman and T. F. Singiser.","recordLocation":{"name":"Abraham Lincoln Presidential Library","location":{"addressLocality":"Springfield","addressRegion":"IL"}}}]}}
