{"data":{"usCongressBioId":"S000139","familyName":"Schoolcraft","givenName":"John","middleName":"Lawrence","honorificPrefix":"Mr.","unaccentedFamilyName":"Schoolcraft","unaccentedGivenName":"John","unaccentedMiddleName":"Lawrence","birthDate":"1804","birthCirca":true,"deathDate":"1860-07-07","deathCirca":false,"profileText":"A Representative from New York; born in Albany, N.Y., in 1804; received a limited schooling; engaged in mercantile pursuits; elected as a Whig to the Thirty-first and Thirty-second Congresses (March 4, 1849-March 3, 1853); was not a candidate for renomination in 1852; chosen president of the Commercial Bank at Albany, N.Y., and served from 1854 until his death; delegate to the Republican National Convention in 1860; died while returning to his home from the convention at Chicago, in St. Catherines, Ontario, Canada, July 7, 1860; interment in the Rural Cemetery, Albany, N.Y.","relationship":[],"asset":[],"jobPositions":[{"job":{"name":"Representative","jobType":"CongressMemberJob"},"startDate":"1849-03-04","startCirca":false,"congressAffiliation":{"congress":{"name":"The 31st United States Congress","congressNumber":31,"congressType":"USCongress","startDate":"1849-03-05","endDate":"1851-03-03"},"partyAffiliation":[{"party":{"name":"Whig"}}],"caucusAffiliation":[{"party":{"name":"Whig"}}],"represents":{"regionType":"DistrictRegion","regionCode":"NY"}}},{"job":{"name":"Representative","jobType":"CongressMemberJob"},"startDate":"1851-03-04","startCirca":false,"congressAffiliation":{"congress":{"name":"The 32nd United States Congress","congressNumber":32,"congressType":"USCongress","startDate":"1851-03-04","endDate":"1853-03-03"},"partyAffiliation":[{"party":{"name":"Whig"}}],"caucusAffiliation":[{"party":{"name":"Whig"}}],"represents":{"regionType":"DistrictRegion","regionCode":"NY"}}}],"creativeWork":[],"researchRecord":[{"name":"1843-1844, 1 volume.","recordType":["Papers"],"description":"A journal of John Lawrence Schoolcraft's travels in Europe, with descriptions of Lyons, Avignon, Pisa, Naples, Pompeii, and Vesuvius.","recordLocation":{"name":"Department of Rare Books, Manuscripts and Archives, Rush Rhees Library","location":{"addressLocality":"Rochester","addressRegion":"NY"},"parentRecordLocation":{"name":"University of Rochester","location":{"addressLocality":"Rochester","addressRegion":"NY"}}}}]}}
