{"data":{"usCongressBioId":"S000774","familyName":"Stackhouse","givenName":"Eli","middleName":"Thomas","honorificPrefix":"Mr.","unaccentedFamilyName":"Stackhouse","unaccentedGivenName":"Eli","unaccentedMiddleName":"Thomas","birthDate":"1824-03-27","birthCirca":false,"deathDate":"1892-06-14","deathCirca":false,"profileText":"A Representative from South Carolina; born in Little Rock, Marion County, S.C., March 27, 1824; attended the common schools; worked on his father's farm; taught school for several years; later engaged in agricultural pursuits; enlisted in the Confederate Army January 9, 1861, and served throughout the Civil War, attaining the rank of colonel of the Eighth Regiment, South Carolina Volunteers; member of the State house of representatives 1863, 1865-1866; member of the first board of trustees of Clemson Agricultural and Mechanical College of South Carolina in 1887; first president of the South Carolina State Farmers' Alliance in 1888; elected as a Democrat to the Fifty-second Congress and served from March 4, 1891, until his death in Washington, D.C., June 14, 1892; interment in Little Rock Cemetery, Little Rock, S.C.","relationship":[],"asset":[],"jobPositions":[{"job":{"name":"Representative","jobType":"CongressMemberJob"},"startDate":"1891-03-04","startCirca":false,"endDate":"1892-06-14","endCirca":false,"departureReason":"Died","congressAffiliation":{"congress":{"name":"The 52nd United States Congress","congressNumber":52,"congressType":"USCongress","startDate":"1891-12-07","endDate":"1893-03-04"},"departureReason":"Died","partyAffiliation":[{"party":{"name":"Democrat"}}],"caucusAffiliation":[{"party":{"name":"Democrat"}}],"represents":{"regionType":"DistrictRegion","regionCode":"SC"},"note":[{"type":"Note","noteType":"FootNote","content":"Died June 14, 1892."}]}}],"creativeWork":[],"researchRecord":[]}}
