{"data":{"usCongressBioId":"S000700","familyName":"Spangler","givenName":"Jacob","honorificPrefix":"Mr.","unaccentedFamilyName":"Spangler","unaccentedGivenName":"Jacob","birthDate":"1767-11-28","birthCirca":false,"birthDateUnknown":false,"deathDate":"1843-06-17","deathCirca":false,"deathDateUnknown":false,"profileText":"A Representative from Pennsylvania; born in York, Pa., November 28, 1767; attended the York County Academy; engaged in surveying; served as a trumpeter in Captain McClellan's light horse company of York in 1799; county commissioner in 1800; postmaster of York 1795-1812; deputy surveyor of York County 1796-1815; again county commissioner in 1814; elected as a Democratic Republican to the Fifteenth Congress and served from March 4, 1817, until his resignation on April 20, 1818; surveyor general of Pennsylvania 1818-1821; commander of the State militia, with title of general; chief escort of General Lafayette from York to Harrisburg on his visit to the United States in 1825; clerk of York County Court until 1830; again surveyor general of Pennsylvania from 1830 to 1836; died in York, Pa., June 17, 1843; interment in Prospect Hill Cemetery.","relationship":[],"asset":[],"jobPositions":[{"job":{"name":"Representative","jobType":"CongressMemberJob"},"startDate":"1817-12-01","startCirca":false,"endDate":"1818-04-20","endCirca":false,"departureReason":"Resigned","congressAffiliation":{"congress":{"name":"The 15th United States Congress","congressNumber":15,"congressType":"USCongress","startDate":"1817-03-04","endDate":"1819-03-03"},"departureReason":"Resigned","partyAffiliation":[{"party":{"name":"Democratic Republican"},"startCirca":false,"endCirca":false}],"caucusAffiliation":[{"party":{"name":"Democratic Republican"},"startCirca":false,"endCirca":false}],"represents":{"regionType":"DistrictRegion","regionCode":"PA"},"note":[{"type":"Note","content":"Resigned April 20, 1818.","noteType":"FootNote"}]}}],"creativeWork":[],"researchRecord":[],"deleted":false}}
