{"data":{"usCongressBioId":"S000233","familyName":"Selden","givenName":"Dudley","honorificPrefix":"Mr.","unaccentedFamilyName":"Selden","unaccentedGivenName":"Dudley","birthDate":"1797","birthCirca":true,"birthDateUnknown":false,"deathDate":"1855-11-07","deathCirca":false,"deathDateUnknown":false,"profileText":"a Representative from New York; born in Troy, N.Y., ca. 1797; graduated from Union College, Schenectady, N.Y., in 1819; studied law; admitted to the bar and commenced the practice of his profession in New York City in 1831; member of the State assembly in 1831; elected as a Jacksonian candidate to the Twenty-third Congress and served from March 4, 1833, to July 1, 1834, when he resigned; unsuccessful candidate for mayor of New York City, N.Y. in 1845; died in Paris, France, November 7, 1855; interment in Oakwood Cemetery, Troy, N.Y.","relationship":[],"asset":[],"jobPositions":[{"job":{"name":"Representative","jobType":"CongressMemberJob"},"startDate":"1833-12-02","startCirca":false,"endDate":"1834-07-01","endCirca":false,"departureReason":"Resigned","congressAffiliation":{"congress":{"name":"The 23rd United States Congress","congressNumber":23,"congressType":"USCongress","startDate":"1833-12-02","endDate":"1835-03-03"},"departureReason":"Resigned","partyAffiliation":[{"party":{"name":"Jacksonian"}}],"caucusAffiliation":[{"party":{"name":"Jacksonian"}}],"represents":{"regionType":"DistrictRegion","regionCode":"NY"},"note":[{"type":"Note","noteType":"FootNote","content":"One of four elected to represent the 3rd district."},{"type":"Note","noteType":"FootNote","content":"Resigned July 1, 1834."}]}}],"creativeWork":[],"researchRecord":[{"name":"1833-1840. 5 letters.","recordType":["Papers"],"description":"Finding aid in repository.","recordLocation":{"name":"New-York Historical Society","location":{"addressLocality":"New York","addressRegion":"NY"}}},{"name":"In the Thaddeus Stevens Papers, ca. 1811-1927, 3.2 linear feet.","recordType":["Papers"],"description":"Correspondents include Dudley Selden.","recordLocation":{"name":"Manuscript Division","location":{"addressLocality":"Washington","addressRegion":"DC"},"parentRecordLocation":{"name":"Library of Congress","location":{"addressLocality":"Washington","addressRegion":"DC"}}}}],"deleted":false}}
