{"data":{"usCongressBioId":"S000736","familyName":"Spink","givenName":"Solomon","middleName":"Lewis","unaccentedFamilyName":"Spink","unaccentedGivenName":"Solomon","unaccentedMiddleName":"Lewis","birthDate":"1831","birthCirca":false,"deathDate":"1881","deathCirca":false,"profileText":"A Delegate from the Territory of Dakota; born in Whitehall, Washington County, N.Y., March 20, 1831; completed preparatory studies and was graduated from Castleton (Vt.) Seminary; taught school several years; studied law; was admitted to the bar in 1856 and commenced practice in Burlington, Iowa; moved to Paris, Ill., in 1860 and became the editor and publisher of the Prairie Beacon; member of the State house of representatives in 1864; moved to Yankton, Dak., in 1865, having been appointed by President Johnson, as secretary of the Territory of Dakota, in which position he served until 1869; was elected as a Republican to the Forty-first Congress (March 4, 1869-March 3, 1871); unsuccessful candidate for reelection in 1870 to the Forty-second Congress; resumed the practice of his profession in Yankton, S.Dak.; unsuccessful candidate for election in 1876 to the Forty-fifth Congress; died in Yankton, S.Dak., September 22, 1881; interment in the City Cemetery.","relationship":[],"asset":[],"jobPositions":[{"job":{"name":"Delegate","jobType":"CongressMemberJob"},"congressAffiliation":{"congress":{"name":"The 41st United States Congress","congressNumber":41,"congressType":"USCongress","startDate":"1869-03-04","endDate":"1871-03-03"},"partyAffiliation":[{"party":{"name":"Republican"}}],"caucusAffiliation":[{"party":{"name":"Republican"}}],"represents":{"regionType":"TerritoryRegion","regionCode":"DK"}}}],"creativeWork":[],"researchRecord":[{"name":"In the Solomon Lewis Spink Family Papers, 1859-1921, 5 folders.","recordType":["Papers"],"description":"The papers contain family letters, clippings, biographical sketches, receipts, certificates of appointment and land deeds. Photographs of Amanda Cooley; Charles Elizabeth, Robert, and Solomon Spink; and Alice Spink Waterbury are also included. An inventory is available in the repository.","recordLocation":{"name":"South Dakota State Archives","location":{"addressLocality":"Pierre","addressRegion":"SD"}}}]}}
