{"data":{"usCongressBioId":"S000834","familyName":"Steele","givenName":"John","middleName":"Nevett","honorificPrefix":"Mr.","unaccentedFamilyName":"Steele","unaccentedGivenName":"John","unaccentedMiddleName":"Nevett","birthDate":"1796-02-22","birthCirca":false,"birthDateUnknown":false,"deathDate":"1853-09-13","deathCirca":false,"deathDateUnknown":false,"profileText":"a Representative from Maryland; born in Weston, Dorchester County, Md., February 22, 1796; resided on an estate called \"Indian Town,\" near Vienna, Md.; completed preparatory studies; studied law; was admitted to the bar in 1819 and commenced practice in Dorchester County, Md.; member of the State house of delegates 1822-1824, 1829, and 1830; elected as an Anti-Jacksonian candidate to the Twenty-third Congress to fill the vacancy caused by the death of Littleton P. Dennis; reelected as a Whig to the Twenty-fourth Congress and served from May 29, 1834, to March 3, 1837; unsuccessful Whig candidate for Governor of Maryland in 1838; engaged in agricultural pursuits; died in Cambridge, Md., August 13, 1853; interment in Christ Protestant Episcopal Church Cemetery.","relationship":[],"asset":[],"jobPositions":[{"job":{"name":"Representative","jobType":"CongressMemberJob"},"startDate":"1834-06-09","startCirca":false,"congressAffiliation":{"congress":{"name":"The 23rd United States Congress","congressNumber":23,"congressType":"USCongress","startDate":"1833-12-02","endDate":"1835-03-03"},"partyAffiliation":[{"party":{"name":"Anti-Jacksonian"}}],"caucusAffiliation":[{"party":{"name":"Anti Jacksonian"}}],"represents":{"regionType":"DistrictRegion","regionCode":"MD"}}},{"job":{"name":"Representative","jobType":"CongressMemberJob"},"startDate":"1835-12-07","startCirca":false,"endCirca":false,"congressAffiliation":{"congress":{"name":"The 24th United States Congress","congressNumber":24,"congressType":"USCongress","startDate":"1835-12-07","endDate":"1837-03-03"},"partyAffiliation":[{"party":{"name":"Whig"},"startCirca":false,"endCirca":false}],"caucusAffiliation":[{"party":{"name":"Whig"},"startCirca":false,"endCirca":false}],"represents":{"regionType":"DistrictRegion","regionCode":"MD"}}}],"creativeWork":[],"researchRecord":[],"deleted":false}}
