{"data":{"usCongressBioId":"S000743","familyName":"Sprague","givenName":"Peleg","honorificPrefix":"Mr.","unaccentedFamilyName":"Sprague","unaccentedGivenName":"Peleg","birthDate":"1756-12-10","birthCirca":false,"deathDate":"1800-04-20","deathCirca":false,"profileText":"A Representative from New Hampshire; born in Rochester, Mass., December 10, 1756; clerked in a store in Littleton, Mass.; attended Harvard College, and was graduated from Dartmouth College, Hanover, N.H., in 1783; studied law; was admitted to the bar in 1785 and commenced practice in Winchendon, Mass.; moved to Keene, N.H., in 1787; selectman 1789-1791; county solicitor for Cheshire County in 1794; member of the State house of representatives in 1797; elected as a Federalist to the Fifth Congress to fill the vacancy caused by the resignation of Jeremiah Smith and served from December 15, 1797, to March 3, 1799; declined to be a candidate for renomination in 1798; died in Keene, N.H., April 20, 1800; interment in the Washington Street Cemetery.","relationship":[],"asset":[],"jobPositions":[{"job":{"name":"Representative","jobType":"CongressMemberJob"},"startDate":"1797-05-15","startCirca":false,"congressAffiliation":{"congress":{"name":"The 5th United States Congress","congressNumber":5,"congressType":"USCongress","startDate":"1797-03-04","endDate":"1799-03-03"},"partyAffiliation":[{"party":{"name":"Federalist"}}],"caucusAffiliation":[{"party":{"name":"Federalist"}}],"represents":{"regionType":"StateRegion","regionCode":"NH"},"note":[{"type":"Note","noteType":"FootNote","content":"Elected to fill vacancy caused by resignation caused by Jeremiah Smith, and took his seat December 15, 1797."}]}}],"creativeWork":[],"researchRecord":[{"name":"In Sprague-Dinsmoor papers, 1780-1875. 1/2 foot.","recordType":["Papers"],"description":"Correspondence, deeds, land transfer material, and record book kept as justice of the peace. Some letters to his wife while serving in Congress. Finding aid in repository.","recordLocation":{"name":"Archive Center","location":{"addressLocality":"Keene","addressRegion":"NH"},"parentRecordLocation":{"name":"Historical Society of Cheshire County","location":{"addressLocality":"Keene","addressRegion":"NH"}}}}]}}
