{"data":{"usCongressBioId":"S000595","familyName":"Smith","givenName":"Nathaniel","honorificPrefix":"Mr.","unaccentedFamilyName":"Smith","unaccentedGivenName":"Nathaniel","birthDate":"1762-01-06","birthCirca":false,"deathDate":"1822-03-09","deathCirca":false,"profileText":"(Brother of Nathan Smith and uncle of Truman Smith), a Representative from Connecticut; born in Woodbury, Conn., January 6, 1762; attended the common schools; engaged in agricultural pursuits and was also a cattle dealer; studied law; was admitted to the bar in 1787 and commenced the practice of his profession in Woodbury, Conn.; member of the State house of representatives 1789-1795; elected as a Federalist to the Fourth and Fifth Congresses (March 4, 1795-March 3, 1799); declined to be a candidate for renomination in 1798; served in the State senate 1800-1805; judge of the supreme court of Connecticut 1806-1819; delegate to the Hartford Convention of 1814; died in Woodbury, Litchfield County, Conn., March 9, 1822; interment in the Episcopal Church Cemetery.","relationship":[],"asset":[],"jobPositions":[{"job":{"name":"Representative","jobType":"CongressMemberJob"},"startDate":"1795-12-07","startCirca":false,"congressAffiliation":{"congress":{"name":"The 4th United States Congress","congressNumber":4,"congressType":"USCongress","startDate":"1795-06-08","endDate":"1797-03-03"},"partyAffiliation":[{"party":{"name":"Federalist"}}],"caucusAffiliation":[{"party":{"name":"Federalist"}}],"represents":{"regionType":"StateRegion","regionCode":"CT"}}},{"job":{"name":"Representative","jobType":"CongressMemberJob"},"startDate":"1797-05-15","startCirca":false,"congressAffiliation":{"congress":{"name":"The 5th United States Congress","congressNumber":5,"congressType":"USCongress","startDate":"1797-03-04","endDate":"1799-03-03"},"partyAffiliation":[{"party":{"name":"Federalist"}}],"caucusAffiliation":[{"party":{"name":"Federalist"}}],"represents":{"regionType":"StateRegion","regionCode":"CT"}}}],"creativeWork":[],"researchRecord":[{"name":"Broadside (April 16, 1798) and personal will.","recordType":["Papers"],"description":"Finding aid in repository.","recordLocation":{"name":"Brooklyn Historical Society","location":{"addressLocality":"Brooklyn","addressRegion":"NY"}}},{"name":"1 letter.","recordType":["Papers"],"recordLocation":{"name":"Boston Public Library","location":{"addressLocality":"Boston","addressRegion":"MA"}}},{"name":"1797-1804. 8 items in various collections.","recordType":["Papers"],"description":"Index in repository.","recordLocation":{"name":"Connecticut Historical Society","location":{"addressLocality":"Hartford","addressRegion":"CT"}}}]}}
