{"data":{"usCongressBioId":"S000748","familyName":"Sprague","givenName":"William","middleName":"Peter","unaccentedFamilyName":"Sprague","unaccentedGivenName":"William","unaccentedMiddleName":"Peter","birthDate":"1827","birthCirca":false,"deathDate":"1899","deathCirca":false,"profileText":"A Representative from Ohio; born near Malta, Morgan County, Ohio, May 21, 1827; attended the country schools; engaged in mercantile pursuits when quite young and continued in active business until 1864; member of the State senate 1860-1863; moved to McConnelsville, Ohio, in 1866, and engaged in banking; elected as a Republican to the Forty-second and Forty-third Congresses (March 4, 1871-March 3, 1875); was not a candidate for renomination in 1874; resumed the banking business at Malta, Ohio; died in McConnelsville, Morgan County, Ohio, March 3, 1899; interment in Riverview Cemetery.","relationship":[],"asset":[],"jobPositions":[{"job":{"name":"Representative","jobType":"CongressMemberJob"},"congressAffiliation":{"congress":{"name":"The 42nd United States Congress","congressNumber":42,"congressType":"USCongress","startDate":"1871-03-04","endDate":"1873-03-03"},"partyAffiliation":[{"party":{"name":"Republican"}}],"caucusAffiliation":[{"party":{"name":"Republican"}}],"represents":{"regionType":"StateRegion","regionCode":"OH"}}},{"job":{"name":"Representative","jobType":"CongressMemberJob"},"congressAffiliation":{"congress":{"name":"The 43rd United States Congress","congressNumber":43,"congressType":"USCongress","startDate":"1873-03-04","endDate":"1875-03-03"},"partyAffiliation":[{"party":{"name":"Republican"}}],"caucusAffiliation":[{"party":{"name":"Republican"}}],"represents":{"regionType":"StateRegion","regionCode":"OH"}}}],"creativeWork":[],"researchRecord":[]}}
