{"data":{"usCongressBioId":"S000867","familyName":"Sterigere","givenName":"John","middleName":"Benton","honorificPrefix":"Mr.","unaccentedFamilyName":"Sterigere","unaccentedGivenName":"John","unaccentedMiddleName":"Benton","birthDate":"1793-07-31","birthCirca":false,"birthDateUnknown":false,"deathDate":"1852-10-13","deathCirca":false,"deathDateUnknown":false,"profileText":"a Representative from Pennsylvania; born in Upper Dublin Township, near Ambler, Montgomery County, Pa., July 31, 1793; worked on a farm and attended school; taught at Puffs Church School; appointed justice of the peace in 1818; member of the Pennsylvania state house of representatives, 1821-1824; studied law; was admitted to the bar November 17, 1829, and commenced practice in Norristown, Pa.; elected as a Jacksonian candidate to the Twentieth and to the succeeding Congress (March 4, 1827-March 3, 1831); chairman, Committee on Private Land Claims (Twenty-first Congress); delegate to the Pennsylvania state convention to revise the constitution in 1838; member of the Pennsylvania state senate, 1839 and 1843-1846; delegate to the Democratic National Convention in 1852; edited the Register; appointed by the Pennsylvania state assembly as chairman of a commission to improve the town of Norristown; died in Norristown, Montgomery County, Pa., October 13, 1852; interment in Upper Dublin Lutheran Church Cemetery, Ambler, Pa.","relationship":[],"asset":[],"jobPositions":[{"job":{"name":"Representative","jobType":"CongressMemberJob"},"startDate":"1827-12-03","startCirca":false,"congressAffiliation":{"congress":{"name":"The 20th United States Congress","congressNumber":20,"congressType":"USCongress","startDate":"1827-12-03","endDate":"1829-03-03"},"partyAffiliation":[{"party":{"name":"Jacksonian"}}],"caucusAffiliation":[{"party":{"name":"Jacksonian"}}],"represents":{"regionType":"DistrictRegion","regionCode":"PA"}}},{"job":{"name":"Representative","jobType":"CongressMemberJob"},"startDate":"1829-12-07","startCirca":false,"congressAffiliation":{"congress":{"name":"The 21st United States Congress","congressNumber":21,"congressType":"USCongress","startDate":"1829-03-04","endDate":"1831-03-03"},"partyAffiliation":[{"party":{"name":"Jacksonian"}}],"caucusAffiliation":[{"party":{"name":"Jacksonian"}}],"represents":{"regionType":"DistrictRegion","regionCode":"PA"}}}],"creativeWork":[],"researchRecord":[],"deleted":false}}
