{"data":{"usCongressBioId":"S000714","familyName":"Speer","givenName":"Thomas","middleName":"Jefferson","unaccentedFamilyName":"Speer","unaccentedGivenName":"Thomas","unaccentedMiddleName":"Jefferson","birthDate":"1837","birthCirca":false,"deathDate":"1872","deathCirca":false,"profileText":"A Representative from Georgia; born in Monroe County, Ga., August 31, 1837; attended the common schools; engaged in mercantile pursuits and as a planter; elected justice of the peace in 1861 and reelected in 1865; appointed collector of Confederate taxes for Pike County in June 1863, serving until the cessation of hostilities; elected justice of the inferior court for Pike County in 1865, serving until July 1868; delegate to the State constitutional convention 1867-1868; member of the State senate 1868-1870; elected as a Republican to the Forty-second Congress and served from March 4, 1871, until his death in Barnesville, Lamar County, Ga., August 18, 1872; interment in Zebulon Street Cemetery.","relationship":[],"asset":[],"jobPositions":[{"job":{"name":"Representative","jobType":"CongressMemberJob"},"congressAffiliation":{"congress":{"name":"The 42nd United States Congress","congressNumber":42,"congressType":"USCongress","startDate":"1871-03-04","endDate":"1873-03-03"},"partyAffiliation":[{"party":{"name":"Republican"}}],"caucusAffiliation":[{"party":{"name":"Republican"}}],"represents":{"regionType":"StateRegion","regionCode":"GA"}}}],"creativeWork":[],"researchRecord":[{"name":"In File II Names.","recordType":["Papers"],"description":"File is primarily incoming correspondence to the Governor of Georgia. Finding aid in repository.","recordLocation":{"name":"Georgia Department of Archives and History","location":{"addressLocality":"Atlanta","addressRegion":"GA"}}}]}}
