{"data":{"usCongressBioId":"S000474","familyName":"Slade","givenName":"Charles","unaccentedFamilyName":"Slade","unaccentedGivenName":"Charles","birthDate":"1797","birthCirca":true,"birthDateUnknown":false,"deathDate":"1834","deathCirca":false,"deathDateUnknown":false,"profileText":"a Representative from Illinois; born in England, ca. 1797; immigrated to the United States with his parents, who settled in Alexandria, Va.; attended the public schools; moved to Carlyle, St. Clair County, Ill.; engaged in mercantile pursuits; held several local offices; member of the State house of representatives, 1820 and 1826; elected as a Jacksonian candidate to the Twenty-third Congress and served from March 4, 1833, until his death near Vincennes, Ind., July 11, 1834.","relationship":[],"asset":[],"jobPositions":[{"job":{"name":"Representative","jobType":"CongressMemberJob"},"congressAffiliation":{"congress":{"name":"The 23rd United States Congress","congressNumber":23,"congressType":"USCongress","startDate":"1833-12-02","endDate":"1835-03-03"},"partyAffiliation":[{"party":{"name":"Jacksonian"}}],"caucusAffiliation":[{"party":{"name":"Jacksonian"}}],"represents":{"regionType":"StateRegion","regionCode":"IL"}}}],"creativeWork":[],"researchRecord":[],"deleted":false}}
