{"data":{"usCongressBioId":"S000647","familyName":"Smyth","givenName":"George","middleName":"Washington","honorificPrefix":"Mr.","unaccentedFamilyName":"Smyth","unaccentedGivenName":"George","unaccentedMiddleName":"Washington","birthDate":"1803-05-16","birthCirca":false,"deathDate":"1866-02-21","deathCirca":false,"profileText":"A Representative from Texas; born in North Carolina, May 16, 1803; moved with his parents to Alabama, and later to Murfreesboro, Tenn.; attended the common schools and the college at Murfreesboro; moved to Texas, then a part of the Republic of Mexico, in 1828, and settled in the municipality of Bevell, Zavalas Colony (now Jasper County); appointed by the Mexican Government as surveyor, and later made commissioner of titles; delegate to the General Consultation of Texas at San Felipe de Austin in 1835; member of the Texas State convention and a signer of the declaration of independence of Texas in 1836; also a signer of the constitution of the Republic of Texas; appointed by President Lamar, of Texas, commissioner in charge of the boundary line between the Republic of Texas and the United States; engaged in agricultural pursuits; deputy in the Congress of the Republic of Texas in 1845, and assisted in framing the constitution of the State of Texas; elected commissioner of the general land office of the State in 1848; elected as a Democrat to the Thirty-third Congress (March 4, 1853-March 3, 1855); declined a renomination to the Thirty-fourth Congress; served in the Confederate Army during the Civil War; member of the State constitutional convention in 1866; died in Austin, Tex., February 21, 1866, while attending a session of the convention; interment in the State Cemetery.","relationship":[],"asset":[],"jobPositions":[{"job":{"name":"Representative","jobType":"CongressMemberJob"},"startDate":"1853-03-04","startCirca":false,"congressAffiliation":{"congress":{"name":"The 33rd United States Congress","congressNumber":33,"congressType":"USCongress","startDate":"1853-03-04","endDate":"1855-03-03"},"partyAffiliation":[{"party":{"name":"Democrat"}}],"caucusAffiliation":[{"party":{"name":"Democrat"}}],"represents":{"regionType":"DistrictRegion","regionCode":"TX"}}}],"creativeWork":[],"researchRecord":[{"name":"1837-1851. 3 inches.","recordType":["Papers"],"description":"Personal papers relating to government, politics, and science. Finding aid in repository.","recordLocation":{"name":"Archives Division","location":{"addressLocality":"Austin","addressRegion":"TX"},"parentRecordLocation":{"name":"Texas State Library","location":{"addressLocality":"Austin","addressRegion":"TX"}}}},{"name":"1819-1892. 3 feet.","recordType":["Papers"],"description":"Correspondence, financial papers, plats, field notes, notebooks, speeches, and newspaper clippings, relating to his activities as a farmer and surveyor and in state government and U.S. Congress. Also an autobiography (1803-1857, 24 pages) and a thesis biography. Some material in Spanish. Finding aid in repository.","recordLocation":{"name":"Center for American History","location":{"addressLocality":"Austin","addressRegion":"TX"},"parentRecordLocation":{"name":"University of Texas at Austin","location":{"addressLocality":"Austin","addressRegion":"TX"}}}}]}}
