{"data":{"usCongressBioId":"S000698","familyName":"Spalding","givenName":"Thomas","honorificPrefix":"Mr.","unaccentedFamilyName":"Spalding","unaccentedGivenName":"Thomas","birthDate":"1774-03-26","birthCirca":false,"birthDateUnknown":false,"deathDate":"1851-01-05","deathCirca":false,"deathDateUnknown":false,"profileText":"a Representative from Georgia; born in Frederica, St. Simons Island, Glynn County, Ga., March 26, 1774; attended the common schools of Georgia and Florida and a private school in Massachusetts; studied law; admitted to the bar about 1790, but did not practice; engaged extensively in agricultural pursuits; member of the State house of representatives in 1794; member of the State constitutional convention in 1798; moved to McIntosh County, Ga., in 1803; served in the State senate; successfully contested as a Democratic Republican the election of Cowles Mead to the Ninth Congress and served from December 24, 1805, until his resignation in 1806; trustee of the McIntosh County Academy in 1807; one of the founders of the Bank of Darien and of the branch in Milledgeville, Ga., and president for many years; engaged in the planting of sea-island cotton, residing on Sapelo Island, Ga.; commissioner on the part of the State of Georgia to determine the boundary line between Georgia and the Territory of Florida in 1826; commissioner from the Federal Government to Bermuda to negotiate relative to property taken or destroyed in the South by the British in the War of 1812; president of the convention at Milledgeville, Ga., in 1850 which resolved that the State of Georgia would resist any act of Congress abolishing slavery and died, while en route home, at the residence of his son, near Darien, Ga., January 5, 1851; interment in St. Andrew's Cemetery.","relationship":[],"asset":[],"jobPositions":[{"job":{"name":"Representative","jobType":"CongressMemberJob"},"startDate":"1805-12-02","startCirca":false,"endDate":"1806","endCirca":true,"departureReason":"Resigned","congressAffiliation":{"congress":{"name":"The 9th United States Congress","congressNumber":9,"congressType":"USCongress","startDate":"1805-12-02","endDate":"1807-03-03"},"departureReason":"Resigned","partyAffiliation":[{"party":{"name":"Democratic Republican"},"startCirca":false,"endCirca":false}],"caucusAffiliation":[{"party":{"name":"Democratic Republican"},"startCirca":false,"endCirca":false}],"represents":{"regionType":"StateRegion","regionCode":"GA"},"note":[{"type":"Note","content":"Successfully contested the election of Cowles Mead, and took his seat December 24, 1805; resigned in 1806.","noteType":"FootNote"}]}}],"creativeWork":[{"freeFormCitationText":"Coulter, E. Merton. <i>Thomas Spalding of Sapelo.</i> Baton Rouge: Louisiana State University Press, 1940."}],"researchRecord":[{"name":"1809-1843. 13 letters.","recordType":["Papers"],"description":"Finding aid in repository.","recordLocation":{"name":"New-York Historical Society","location":{"addressLocality":"New York","addressRegion":"NY"}}},{"name":"In File II Names.","recordType":["Papers"],"description":"File is primarily incoming correspondence to the Governor of Georgia. Finding aid in repository.","recordLocation":{"name":"Georgia Department of Archives and History","location":{"addressLocality":"Atlanta","addressRegion":"GA"}}},{"name":"In Spalding family papers, 1772-1940. 376 items.","recordType":["Papers"],"description":"Unpublished finding aid in repository.","recordLocation":{"name":"Georgia Historical Society","location":{"addressLocality":"Savannah","addressRegion":"GA"}}}],"deleted":false}}
