{"data":{"usCongressBioId":"S000661","familyName":"Snow","givenName":"William","middleName":"W.","honorificPrefix":"Mr.","unaccentedFamilyName":"Snow","unaccentedGivenName":"William","unaccentedMiddleName":"W.","birthDate":"1812-04-27","birthCirca":false,"deathDate":"1886-09-03","deathCirca":false,"profileText":"A Representative from New York; born in Heath, Franklin County, Mass., April 27, 1812; attended the public schools; learned the trade of wool-carder and cloth dresser; moved to Oneonta, Otsego County, N.Y., in 1831; engaged in the wool-carding business in 1841 and the following year entered the tin and hardware business; also engaged in agricultural pursuits; member of the State assembly in 1844; elected as a Democrat to the Thirty-second Congress (March 4, 1851-March 3, 1853); again a member of the State assembly in 1870; served as supervisor of the town of Oneonta in 1873 and 1874; served as State excise commissioner in 1877; member of the village board of trustees; engaged in banking; died in Oneonta, N.Y., September 3, 1886; interment in Riverside Cemetery.","relationship":[],"asset":[],"jobPositions":[{"job":{"name":"Representative","jobType":"CongressMemberJob"},"startDate":"1851-03-04","startCirca":false,"congressAffiliation":{"congress":{"name":"The 32nd United States Congress","congressNumber":32,"congressType":"USCongress","startDate":"1851-03-04","endDate":"1853-03-03"},"partyAffiliation":[{"party":{"name":"Democrat"}}],"caucusAffiliation":[{"party":{"name":"Democrat"}}],"represents":{"regionType":"DistrictRegion","regionCode":"NY"}}}],"creativeWork":[],"researchRecord":[]}}
