{"data":{"usCongressBioId":"S000767","familyName":"St. John","givenName":"Henry","honorificPrefix":"Mr.","unaccentedFamilyName":"St. John","unaccentedGivenName":"Henry","birthDate":"1783-07-16","birthCirca":false,"deathDate":"1869-05","deathCirca":true,"profileText":"A Representative from Ohio; born in Washington County, Vt., July 16, 1783; received a limited schooling; served during the War of 1812; moved to Wooster, Ohio, in 1815, to Crawford County, Ohio, in 1828, and in 1837 to Seneca County, where he engaged in agricultural pursuits, milling, and storekeeping near Tiffin, Ohio; elected as a Democrat to the Twenty-eighth and Twenty-ninth Congresses (March 4, 1843-March 3, 1847); was not a candidate for renomination; resumed agricultural pursuits; resided in Tiffin, Ohio, where he died in May 1869.","relationship":[],"asset":[],"jobPositions":[{"job":{"name":"Representative","jobType":"CongressMemberJob"},"startDate":"1843-03-04","startCirca":false,"congressAffiliation":{"congress":{"name":"The 28th United States Congress","congressNumber":28,"congressType":"USCongress","startDate":"1843-12-04","endDate":"1845-03-03"},"partyAffiliation":[{"party":{"name":"Democrat"}}],"caucusAffiliation":[{"party":{"name":"Democrat"}}],"represents":{"regionType":"DistrictRegion","regionCode":"OH"}}},{"job":{"name":"Representative","jobType":"CongressMemberJob"},"startDate":"1845-03-04","startCirca":false,"congressAffiliation":{"congress":{"name":"The 29th United States Congress","congressNumber":29,"congressType":"USCongress","startDate":"1845-03-04","endDate":"1847-03-03"},"partyAffiliation":[{"party":{"name":"Democrat"}}],"caucusAffiliation":[{"party":{"name":"Democrat"}}],"represents":{"regionType":"DistrictRegion","regionCode":"OH"}}}],"creativeWork":[],"researchRecord":[{"name":"In the James K. Polk Papers, 1845, 1 item.","recordType":["Papers"],"description":"A letter from President James K. Polk to William L. Marcy, Secretary of War, written on December 26, 1845. In the letter, James Polk introduces Henry St. John, an Ohio congressman, to William Marcy.","recordLocation":{"name":"Rosenbach Museum & Library","location":{"addressLocality":"Philadelphia","addressRegion":"PA"}}}]}}
