{"data":{"usCongressBioId":"S000646","familyName":"Smyth","givenName":"Alexander","honorificPrefix":"Mr.","unaccentedFamilyName":"Smyth","unaccentedGivenName":"Alexander","birthDate":"1765","birthCirca":false,"birthDateUnknown":false,"deathDate":"1830-04-17","deathCirca":false,"deathDateUnknown":false,"profileText":"a Representative from Virginia; born on the Island of Rathlin, Ireland, in 1765; immigrated to the United States and settled in Botetourt County, Va., in 1775; completed preparatory studies; studied law; was admitted to the bar and commenced practice in Abingdon, Va.; moved to Wythe County, Va.; member of the Virginia state house of delegates in 1792, 1796, 1801, 1802, and 1804-1808; served in the Virginia state senate in 1808 and 1809; United States Army, 1808-1813; resumed the practice of his profession; again a member of the Virginia state house of delegates in 1816, 1817, 1826, and 1827; elected as a Democratic Republican to the Fifteenth and to the two succeeding Congresses, and reelected as a Crawford Republican to the Eighteenth Congress (March 4, 1817-March 3, 1825); elected as a Jacksonian candidate to the Twentieth and to the succeeding Congress and served from March 4, 1827, until his death in Washington, D.C., April 17, 1830; interment in the Congressional Cemetery.","relationship":[],"asset":[],"jobPositions":[{"job":{"name":"Representative","jobType":"CongressMemberJob"},"startDate":"1817-12-01","startCirca":false,"endCirca":false,"congressAffiliation":{"congress":{"name":"The 15th United States Congress","congressNumber":15,"congressType":"USCongress","startDate":"1817-03-04","endDate":"1819-03-03"},"partyAffiliation":[{"party":{"name":"Democratic Republican"},"startCirca":false,"endCirca":false}],"caucusAffiliation":[{"party":{"name":"Democratic Republican"},"startCirca":false,"endCirca":false}],"represents":{"regionType":"DistrictRegion","regionCode":"VA"}}},{"job":{"name":"Representative","jobType":"CongressMemberJob"},"startDate":"1819-12-06","startCirca":false,"endCirca":false,"congressAffiliation":{"congress":{"name":"The 16th United States Congress","congressNumber":16,"congressType":"USCongress","startDate":"1819-12-06","endDate":"1821-03-03"},"partyAffiliation":[{"party":{"name":"Democratic Republican"},"startCirca":false,"endCirca":false}],"caucusAffiliation":[{"party":{"name":"Democratic Republican"},"startCirca":false,"endCirca":false}],"represents":{"regionType":"DistrictRegion","regionCode":"VA"}}},{"job":{"name":"Representative","jobType":"CongressMemberJob"},"startDate":"1821-12-03","startCirca":false,"endCirca":false,"congressAffiliation":{"congress":{"name":"The 17th United States Congress","congressNumber":17,"congressType":"USCongress","startDate":"1821-12-03","endDate":"1823-03-03"},"partyAffiliation":[{"party":{"name":"Democratic Republican"},"startCirca":false,"endCirca":false}],"caucusAffiliation":[{"party":{"name":"Democratic Republican"},"startCirca":false,"endCirca":false}],"represents":{"regionType":"DistrictRegion","regionCode":"VA"}}},{"job":{"name":"Representative","jobType":"CongressMemberJob"},"startDate":"1823-12-01","startCirca":false,"congressAffiliation":{"congress":{"name":"The 18th United States Congress","congressNumber":18,"congressType":"USCongress","startDate":"1823-12-01","endDate":"1825-03-03"},"partyAffiliation":[{"party":{"name":"Crawford Republican"}}],"caucusAffiliation":[{"party":{"name":"Republican"}}],"represents":{"regionType":"DistrictRegion","regionCode":"VA"}}},{"job":{"name":"Representative","jobType":"CongressMemberJob"},"startDate":"1827-12-03","startCirca":false,"congressAffiliation":{"congress":{"name":"The 20th United States Congress","congressNumber":20,"congressType":"USCongress","startDate":"1827-12-03","endDate":"1829-03-03"},"partyAffiliation":[{"party":{"name":"Jacksonian"}}],"caucusAffiliation":[{"party":{"name":"Republican"}}],"represents":{"regionType":"DistrictRegion","regionCode":"VA"}}},{"job":{"name":"Representative","jobType":"CongressMemberJob"},"startDate":"1829-12-07","startCirca":false,"endDate":"1830-04-17","endCirca":false,"departureReason":"Died","congressAffiliation":{"congress":{"name":"The 21st United States Congress","congressNumber":21,"congressType":"USCongress","startDate":"1829-03-04","endDate":"1831-03-03"},"departureReason":"Died","partyAffiliation":[{"party":{"name":"Jacksonian"}}],"caucusAffiliation":[{"party":{"name":"Republican"}}],"represents":{"regionType":"DistrictRegion","regionCode":"VA"},"note":[{"type":"Note","noteType":"FootNote","content":"Died April 17, 1830."}]}}],"creativeWork":[{"freeFormCitationText":"Adams, John Quincy. <i>Letter of the Hon. John Quincy Adams, in reply to a letter of the Hon. Alexander Smyth, to his constituents</i>. Washington: Printed by Gales &amp; Seaton, 1828."},{"freeFormCitationText":"Severance, Frank Hayward. <i>The case of Brig. Gen. Alexander Smyth</i>. Buffalo: N.p., 1914."},{"freeFormCitationText":"Smyth, Alexander. <i>An explanation of the Apocalypse, or Revelation of St. John</i>. Washington City: Way &amp; Gideon, printers, 1825."},{"freeFormCitationText":"------. <i>A letter from Alex. Smyth to Francis Preston</i>. [Richmond: Printed by Samuel Pleasants, jun., 1795]."},{"freeFormCitationText":"------. <i>Regulations for the field exercise, manoeuvres [sic], and conduct of the infantry of the United States; drawn up and adapted to the organization of the militia and regular troops. By order of the Secretary of War</i>. Philadelphia: Published by Anthony Finley, at the south-east corner of Chestnut and Fourth streets. T. &amp; G. Palmer, printers. 1812."},{"freeFormCitationText":"------. <i>Speech of Mr. Smyth, on the restriction of slavery in Missouri. Delivered in the House of Representatives of the United States, January 28, 1820</i>. [Washington: N.p., 1820]."},{"freeFormCitationText":"------.<i> Speeches delivered by Alexander Smyth, in the House of Delegates, and at the bar</i>. Richmond: Samuel Pleasants, 1811."},{"freeFormCitationText":"------. <i>The third and last letter from Alexander Smyth to Francis Preston</i>. N.p., 1796."}],"researchRecord":[{"name":"1 letter.","recordType":["Papers"],"recordLocation":{"name":"Boston Public Library","location":{"addressLocality":"Boston","addressRegion":"MA"}}}],"deleted":false}}
