{"data":{"usCongressBioId":"S000615","familyName":"Smith","givenName":"Thomas","honorificPrefix":"Mr.","unaccentedFamilyName":"Smith","unaccentedGivenName":"Thomas","birthDate":"1799-05-01","birthCirca":false,"deathDate":"1876-04-12","deathCirca":false,"profileText":"A Representative from Indiana; born in Fayette County, Pa., May 1, 1799; moved to Rising Sun, Ind., in 1818; learned the trade of tanner; moved to Versailles, Ind., in 1821 and established a tanyard; became a colonel in the militia; member of the State house of representatives in 1829, 1830, and 1833-1836; served in the State senate 1836-1839; elected as a Democrat to the Twenty-sixth Congress (March 4, 1839-March 3, 1841); unsuccessful candidate for election in 1840 to the Twenty-seventh Congress; elected to the Twenty-eighth and Twenty-ninth Congresses (March 4, 1843-March 3, 1847); was not a candidate for renomination in 1846; delegate to the State constitutional convention in 1850; died in Versailles, Ripley County, Ind., April 12, 1876; interment in Cliff Hill Cemetery.","relationship":[],"asset":[],"jobPositions":[{"job":{"name":"Representative","jobType":"CongressMemberJob"},"startDate":"1839-03-04","startCirca":false,"congressAffiliation":{"congress":{"name":"The 26th United States Congress","congressNumber":26,"congressType":"USCongress","startDate":"1839-12-02","endDate":"1841-03-03"},"partyAffiliation":[{"party":{"name":"Democrat"}}],"caucusAffiliation":[{"party":{"name":"Democrat"}}],"represents":{"regionType":"DistrictRegion","regionCode":"IN"}}},{"job":{"name":"Representative","jobType":"CongressMemberJob"},"startDate":"1843-03-04","startCirca":false,"congressAffiliation":{"congress":{"name":"The 28th United States Congress","congressNumber":28,"congressType":"USCongress","startDate":"1843-12-04","endDate":"1845-03-03"},"partyAffiliation":[{"party":{"name":"Democrat"}}],"caucusAffiliation":[{"party":{"name":"Democrat"}}],"represents":{"regionType":"DistrictRegion","regionCode":"IN"}}},{"job":{"name":"Representative","jobType":"CongressMemberJob"},"startDate":"1845-03-04","startCirca":false,"congressAffiliation":{"congress":{"name":"The 29th United States Congress","congressNumber":29,"congressType":"USCongress","startDate":"1845-03-04","endDate":"1847-03-03"},"partyAffiliation":[{"party":{"name":"Democrat"}}],"caucusAffiliation":[{"party":{"name":"Democrat"}}],"represents":{"regionType":"DistrictRegion","regionCode":"IN"}}}],"creativeWork":[],"researchRecord":[]}}
