{"data":{"usCongressBioId":"S000876","familyName":"Stevens","givenName":"Bradford","middleName":"Newcomb","unaccentedFamilyName":"Stevens","unaccentedGivenName":"Bradford","unaccentedMiddleName":"Newcomb","birthDate":"1813","birthCirca":false,"deathDate":"1885","deathCirca":false,"profileText":"A Representative from Illinois; born in Boscawen, Merrimack County, N.H., January 3, 1813; attended schools in New Hampshire and at Montreal, Canada, and was graduated from Dartmouth College, Hanover, N.H., in 1835; taught school six years in Hopkinsville, Ky., and New York City; moved to Bureau County, Ill., in 1846; engaged in mercantile and agricultural pursuits; county surveyor; mayor of Tiskilwa, Ill.; elected as a Democrat to the Forty-second Congress (March 4, 1871-March 3, 1873); resumed mercantile and agricultural pursuits; died in Tiskilwa, Bureau County, Ill., November 10, 1885; interment in Mount Bloom Cemetery.","relationship":[],"asset":[],"jobPositions":[{"job":{"name":"Representative","jobType":"CongressMemberJob"},"congressAffiliation":{"congress":{"name":"The 42nd United States Congress","congressNumber":42,"congressType":"USCongress","startDate":"1871-03-04","endDate":"1873-03-03"},"partyAffiliation":[{"party":{"name":"Democrat"}}],"caucusAffiliation":[{"party":{"name":"Democrat"}}],"represents":{"regionType":"StateRegion","regionCode":"IL"}}}],"creativeWork":[],"researchRecord":[]}}
