{"data":{"usCongressBioId":"S000617","familyName":"Smith","givenName":"Thomas","honorificPrefix":"Mr.","unaccentedFamilyName":"Smith","unaccentedGivenName":"Thomas","birthDate":"1773-10-07","birthCirca":false,"deathDate":"1846-01-27","deathCirca":false,"profileText":"a Representative from Pennsylvania; born in Tinicum Township, Delaware County, Pa., October 7, 1773; resided in Tinicum Township, Delaware County, Pa.; member of the State house of representatives, 1808-1812; elected as a Federalist to the Fourteenth Congress (March 4, 1815-March 3, 1817); moved to Darby Township (later Darby Borough) in 1815; justice of the peace at the time of his death in Darby, Delaware County, Pa., on January 27, 1846; interment in Episcopal Church of Saint James Kingsessing Churchyard, Philadelphia, Pa.","relationship":[],"asset":[],"jobPositions":[{"job":{"name":"Representative","jobType":"CongressMemberJob"},"startDate":"1815-12-04","startCirca":false,"congressAffiliation":{"congress":{"name":"The 14th United States Congress","congressNumber":14,"congressType":"USCongress","startDate":"1815-12-04","endDate":"1817-03-03"},"partyAffiliation":[{"party":{"name":"Federalist"}}],"caucusAffiliation":[{"party":{"name":"Federalist"}}],"represents":{"regionType":"DistrictRegion","regionCode":"PA"},"note":[{"type":"Note","noteType":"FootNote","content":"One of four elected to represent 1st district."}]}}],"creativeWork":[],"researchRecord":[],"deleted":false}}
