{"data":{"usCongressBioId":"S000781","familyName":"Stahlnecker","givenName":"William","middleName":"Griggs","honorificPrefix":"Mr.","unaccentedFamilyName":"Stahlnecker","unaccentedGivenName":"William","unaccentedMiddleName":"Griggs","birthDate":"1849-06-20","birthCirca":false,"deathDate":"1902-03-26","deathCirca":false,"profileText":"A Representative from New York; born in Auburn, Cayuga County, N.Y., June 20, 1849; moved with his parents to Brooklyn and later to New York City; pursued an academic course and attended the University of New York in New York City; studied law; was admitted to practice; engaged in mercantile pursuits; member of the New York Produce Exchange; moved to Yonkers in 1880; mayor of Yonkers, N.Y., 1884-1886; delegate to the Democratic State convention at Saratoga in June 1884; delegate to the Democratic National Convention in 1884; elected as a Democrat to the Forty-ninth and to the three succeeding Congresses (March 4, 1885-March 3, 1893); engaged in the practice of law; died in Yonkers, N.Y., March 26, 1902; interment in Sleepy Hollow Cemetery, Tarrytown, N.Y.","relationship":[],"asset":[],"jobPositions":[{"job":{"name":"Representative","jobType":"CongressMemberJob"},"congressAffiliation":{"congress":{"name":"The 49th United States Congress","congressNumber":49,"congressType":"USCongress","startDate":"1885-03-04","endDate":"1887-03-03"},"partyAffiliation":[{"party":{"name":"Democrat"}}],"caucusAffiliation":[{"party":{"name":"Democrat"}}],"represents":{"regionType":"StateRegion","regionCode":"NY"}}},{"job":{"name":"Representative","jobType":"CongressMemberJob"},"startDate":"1887-03-04","startCirca":false,"congressAffiliation":{"congress":{"name":"The 50th United States Congress","congressNumber":50,"congressType":"USCongress","startDate":"1887-12-05","endDate":"1889-03-04"},"partyAffiliation":[{"party":{"name":"Democrat"}}],"caucusAffiliation":[{"party":{"name":"Democrat"}}],"represents":{"regionType":"DistrictRegion","regionCode":"NY"}}},{"job":{"name":"Representative","jobType":"CongressMemberJob"},"startDate":"1889-03-04","startCirca":false,"congressAffiliation":{"congress":{"name":"The 51st United States Congress","congressNumber":51,"congressType":"USCongress","startDate":"1889-03-04","endDate":"1891-03-03"},"partyAffiliation":[{"party":{"name":"Democrat"}}],"caucusAffiliation":[{"party":{"name":"Democrat"}}],"represents":{"regionType":"DistrictRegion","regionCode":"NY"}}},{"job":{"name":"Representative","jobType":"CongressMemberJob"},"startDate":"1891-03-04","startCirca":false,"congressAffiliation":{"congress":{"name":"The 52nd United States Congress","congressNumber":52,"congressType":"USCongress","startDate":"1891-12-07","endDate":"1893-03-04"},"partyAffiliation":[{"party":{"name":"Democrat"}}],"caucusAffiliation":[{"party":{"name":"Democrat"}}],"represents":{"regionType":"DistrictRegion","regionCode":"NY"}}}],"creativeWork":[],"researchRecord":[]}}
