{"data":{"usCongressBioId":"S000813","familyName":"Starkweather","givenName":"David","middleName":"Austin","honorificPrefix":"Mr.","unaccentedFamilyName":"Starkweather","unaccentedGivenName":"David","unaccentedMiddleName":"Austin","birthDate":"1802-01-21","birthCirca":false,"deathDate":"1876-07-12","deathCirca":false,"profileText":"A Representative from Ohio; born in Preston, Conn., January 21, 1802; received an academic education; studied law; was admitted to the bar in 1825 and commenced practice in Mansfield, Ohio; moved to Canton, Ohio, in 1827 and continued the practice of law; judge of one of the higher courts in Stark County, Ohio; member of the State house of representatives 1833-1835; served in the State senate 1836-1838; elected as a Democrat to the Twenty-sixth Congress (March 4, 1839-March 3, 1841); resumed the practice of law in Cleveland, Ohio; elected to the Twenty-ninth Congress (March 4, 1845-March 3, 1847); unsuccessful candidate for reelection in 1846 to the Thirtieth Congress; chairman of the Democratic National Convention in 1852; Minister to Chile 1854-1857; lived in retirement until his death in Cleveland, Ohio, on July 12, 1876; interment in Lake View Cemetery.","relationship":[],"asset":[],"jobPositions":[{"job":{"name":"Representative","jobType":"CongressMemberJob"},"startDate":"1839-03-04","startCirca":false,"congressAffiliation":{"congress":{"name":"The 26th United States Congress","congressNumber":26,"congressType":"USCongress","startDate":"1839-12-02","endDate":"1841-03-03"},"partyAffiliation":[{"party":{"name":"Democrat"}}],"caucusAffiliation":[{"party":{"name":"Democrat"}}],"represents":{"regionType":"DistrictRegion","regionCode":"OH"}}},{"job":{"name":"Representative","jobType":"CongressMemberJob"},"startDate":"1845-03-04","startCirca":false,"congressAffiliation":{"congress":{"name":"The 29th United States Congress","congressNumber":29,"congressType":"USCongress","startDate":"1845-03-04","endDate":"1847-03-03"},"partyAffiliation":[{"party":{"name":"Democrat"}}],"caucusAffiliation":[{"party":{"name":"Democrat"}}],"represents":{"regionType":"DistrictRegion","regionCode":"OH"}}}],"creativeWork":[],"researchRecord":[{"name":"1 letter.","recordType":["Papers"],"recordLocation":{"name":"Boston Public Library","location":{"addressLocality":"Boston","addressRegion":"MA"}}}]}}
