{"data":{"usCongressBioId":"S000965","familyName":"Stone","givenName":"William","honorificPrefix":"Mr.","unaccentedFamilyName":"Stone","unaccentedGivenName":"William","birthDate":"1791-01-26","birthCirca":false,"deathDate":"1853-02-18","deathCirca":false,"profileText":"A Representative from Tennessee; born in Sevier County, Tenn. (then North Carolina), January 26, 1791; completed preparatory studies; held several local offices; was a captain in the Creek War and served with General Jackson in the Battle of New Orleans; was presented a cane by Congress for bravery in the Battle of Tippecanoe; unsuccessful Whig candidate for election in 1836 to the Twenty-fifth Congress; subsequently elected to the Twenty-fifth Congress to fill the vacancy caused by the death of James Standifer and served from September 14, 1837, to March 3, 1839; unsuccessful candidate for reelection to the Twenty-sixth Congress; died in Delphi (later Davis), Sequatchie County, Tenn., February 18, 1853; interment in the family burying ground at Delphi.","relationship":[],"asset":[],"jobPositions":[{"job":{"name":"Representative","jobType":"CongressMemberJob"},"startDate":"1837-09-14","startCirca":false,"congressAffiliation":{"congress":{"name":"The 25th United States Congress","congressNumber":25,"congressType":"USCongress","startDate":"1837-03-04","endDate":"1839-03-03"},"partyAffiliation":[{"party":{"name":"Whig"}}],"caucusAffiliation":[{"party":{"name":"Whig"}}],"represents":{"regionType":"DistrictRegion","regionCode":"TN"},"note":[{"type":"Note","noteType":"FootNote","content":"Elected to fill vacancy caused by death of James Standifer, and took his seat October 6, 1837."}]}}],"creativeWork":[],"researchRecord":[]}}
