{"data":{"usCongressBioId":"S000576","familyName":"Smith","givenName":"John","middleName":"T.","honorificPrefix":"Mr.","unaccentedFamilyName":"Smith","unaccentedGivenName":"John","unaccentedMiddleName":"T.","birthDate":"1801-05","birthCirca":true,"birthDateUnknown":false,"deathDate":"1864-05-30","deathCirca":false,"deathDateUnknown":false,"profileText":"a Representative from Pennsylvania; born in Philadelphia, Pa., c. May 1801; attended the common schools of his native city; elected as a Democrat to the Twenty-eighth Congress (March 4, 1843-March 3, 1845); died on March 30, 1864, in Philadelphia, Pa., interment at Laurel Hill Cemetery, Philadelphia, Pa.","relationship":[],"asset":[],"jobPositions":[{"job":{"name":"Representative","jobType":"CongressMemberJob"},"startDate":"1843-03-04","startCirca":false,"congressAffiliation":{"congress":{"name":"The 28th United States Congress","congressNumber":28,"congressType":"USCongress","startDate":"1843-12-04","endDate":"1845-03-03"},"partyAffiliation":[{"party":{"name":"Democrat"}}],"caucusAffiliation":[{"party":{"name":"Democrat"}}],"represents":{"regionType":"DistrictRegion","regionCode":"PA"}}}],"creativeWork":[],"researchRecord":[],"deleted":false}}
