{"data":{"usCongressBioId":"S000630","familyName":"Smith","givenName":"William","middleName":"Alexander","unaccentedFamilyName":"Smith","unaccentedGivenName":"William","unaccentedMiddleName":"Alexander","birthDate":"1828","birthCirca":false,"deathDate":"1888","deathCirca":false,"profileText":"A Representative from North Carolina; born in Warren County, N.C., January 9, 1828; attended the common schools; engaged in agricultural pursuits; member of the State constitutional convention in 1865; member of the State senate in 1870; president of the North Carolina Railroad in 1868 and of the Yadkin River Railroad; elected as a Republican to the Forty-third Congress (March 4, 1873-March 3, 1875); died in Richmond, Va., May 16, 1888; interment in Hollywood Cemetery.","relationship":[],"asset":[],"jobPositions":[{"job":{"name":"Representative","jobType":"CongressMemberJob"},"congressAffiliation":{"congress":{"name":"The 43rd United States Congress","congressNumber":43,"congressType":"USCongress","startDate":"1873-03-04","endDate":"1875-03-03"},"partyAffiliation":[{"party":{"name":"Republican"}}],"caucusAffiliation":[{"party":{"name":"Republican"}}],"represents":{"regionType":"StateRegion","regionCode":"NC"}}}],"creativeWork":[],"researchRecord":[]}}
