{"data":{"usCongressBioId":"S000893","familyName":"Stevenson","givenName":"Job","middleName":"Evans","unaccentedFamilyName":"Stevenson","unaccentedGivenName":"Job","unaccentedMiddleName":"Evans","birthDate":"1832","birthCirca":false,"deathDate":"1922","deathCirca":false,"profileText":"A Representative from Ohio; born in Yellow Bud, Ross County, Ohio, February 10, 1832; completed preparatory studies; studied law; was admitted to the bar and commenced the practice of his profession in Chillicothe, Ohio; also engaged in agricultural pursuits; member of the State senate 1863-1865; solicitor of Chillicothe 1859-1862; unsuccessful candidate for election in 1864 to the Thirty-ninth Congress; moved to Cincinnati, Ohio, in 1865; was elected as a Republican to the Forty-first and Forty-second Congresses (March 4, 1869-March 3, 1873); resumed the practice of law in Cincinnati, Ohio; resided in Lexington and Corinth, Ky.; died in Corinth, Ky., July 24, 1922; interment in Yellow Bud Cemetery, Yellow Bud, Ohio.","relationship":[],"asset":[],"jobPositions":[{"job":{"name":"Representative","jobType":"CongressMemberJob"},"congressAffiliation":{"congress":{"name":"The 41st United States Congress","congressNumber":41,"congressType":"USCongress","startDate":"1869-03-04","endDate":"1871-03-03"},"partyAffiliation":[{"party":{"name":"Republican"}}],"caucusAffiliation":[{"party":{"name":"Republican"}}],"represents":{"regionType":"StateRegion","regionCode":"OH"}}},{"job":{"name":"Representative","jobType":"CongressMemberJob"},"congressAffiliation":{"congress":{"name":"The 42nd United States Congress","congressNumber":42,"congressType":"USCongress","startDate":"1871-03-04","endDate":"1873-03-03"},"partyAffiliation":[{"party":{"name":"Republican"}}],"caucusAffiliation":[{"party":{"name":"Republican"}}],"represents":{"regionType":"StateRegion","regionCode":"OH"}}}],"creativeWork":[],"researchRecord":[]}}
