{"data":{"usCongressBioId":"S000985","familyName":"Stowell","givenName":"William","middleName":"Henry Harrison","unaccentedFamilyName":"Stowell","unaccentedGivenName":"William","unaccentedMiddleName":"Henry Harrison","birthDate":"1840","birthCirca":false,"deathDate":"1922","deathCirca":false,"profileText":"A Representative from Virginia; born in Windsor, Vt., July 26, 1840; attended the public schools in Boston, Mass., and was graduated from Boston Latin School in 1860; engaged in mercantile pursuits; moved to Virginia in 1865; collector of internal revenue for the fourth district in 1869; elected as a Republican to the Forty-second, Forty-third, and Forty-fourth Congresses (March 4, 1871-March 3, 1877); was not a candidate for renomination in 1876; delegate to the Republican National Convention in 1876; moved to Appleton, Wis., in 1880 and engaged in paper manufacturing; moved to Duluth, Minn., in 1886 and engaged in paper and steel manufacturing; president of the Manufacturers Bank of West Duluth 1889-1895; correspondent in Paris, France, for various newspapers; moved to Amherst, Mass., in 1914, where he died on April 27, 1922; interment in Woodlawn Cemetery, New York City.","relationship":[],"asset":[],"jobPositions":[{"job":{"name":"Representative","jobType":"CongressMemberJob"},"congressAffiliation":{"congress":{"name":"The 42nd United States Congress","congressNumber":42,"congressType":"USCongress","startDate":"1871-03-04","endDate":"1873-03-03"},"partyAffiliation":[{"party":{"name":"Republican"}}],"caucusAffiliation":[{"party":{"name":"Republican"}}],"represents":{"regionType":"StateRegion","regionCode":"VA"}}},{"job":{"name":"Representative","jobType":"CongressMemberJob"},"congressAffiliation":{"congress":{"name":"The 43rd United States Congress","congressNumber":43,"congressType":"USCongress","startDate":"1873-03-04","endDate":"1875-03-03"},"partyAffiliation":[{"party":{"name":"Republican"}}],"caucusAffiliation":[{"party":{"name":"Republican"}}],"represents":{"regionType":"StateRegion","regionCode":"VA"}}},{"job":{"name":"Representative","jobType":"CongressMemberJob"},"congressAffiliation":{"congress":{"name":"The 44th United States Congress","congressNumber":44,"congressType":"USCongress","startDate":"1875-03-05","endDate":"1877-03-04"},"partyAffiliation":[{"party":{"name":"Republican"}}],"caucusAffiliation":[{"party":{"name":"Republican"}}],"represents":{"regionType":"StateRegion","regionCode":"VA"}}}],"creativeWork":[],"researchRecord":[]}}
