{"data":{"usCongressBioId":"S000004","familyName":"Sabine","givenName":"Lorenzo","honorificPrefix":"Mr.","unaccentedFamilyName":"Sabine","unaccentedGivenName":"Lorenzo","birthDate":"1803-02-28","birthCirca":false,"deathDate":"1877-04-14","deathCirca":false,"profileText":"A Representative from Massachusetts; born in New Concord (now Lisbon), N.H., February 28, 1803; moved to Boston, Mass., with his parents in 1811 and to Hampden, Maine, in 1814; completed preparatory studies; at the age of eighteen moved to Eastport, Maine, and became employed as a clerk and afterward engaged in mercantile pursuits; editor of the Eastport Sentinel; founder of the Eastport Lyceum; incorporator of Eastport Academy and Eastport Athenaeum; member of the Maine house of representatives in 1833 and 1834; deputy collector of customs at Eastport 1841-1843; moved to Framingham, Mass., in 1848, having been appointed trial justice; elected as a Whig to the Thirty-second Congress to fill the vacancy caused by the death of Benjamin Thompson and served from December 13, 1852, to March 3, 1853; was not a candidate for the Thirty-third Congress; moved to Roxbury, Mass., having been appointed secretary of the Boston Board of Trade; also served as special agent of the United States Treasury Department; died in Roxbury, Mass., April 14, 1877; interment in Hillside Cemetery, Eastport, Washington County, Maine.","relationship":[],"asset":[],"jobPositions":[{"job":{"name":"Representative","jobType":"CongressMemberJob"},"startDate":"1852-12-13","startCirca":false,"congressAffiliation":{"congress":{"name":"The 32nd United States Congress","congressNumber":32,"congressType":"USCongress","startDate":"1851-03-04","endDate":"1853-03-03"},"partyAffiliation":[{"party":{"name":"Whig"}}],"caucusAffiliation":[{"party":{"name":"Whig"}}],"represents":{"regionType":"DistrictRegion","regionCode":"MA"},"note":[{"type":"Note","noteType":"FootNote","content":"Elected to fill vacancy caused by death of Benjamin Thompson, and took his seat December 28, 1852."}]}}],"creativeWork":[{"freeFormCitationText":"Sabine, Lorenzo.<i> An address before the New England Historic-Genealogical Society</i>,. Boston: Published by A. Williams &amp; Co., for the Society, 1859."},{"freeFormCitationText":"------.<i> Biographical Sketches of Loyalists of the American Revolution, With an Historical Essay </i>. Boston: Little, Brown and Company, 1864. Reprint, Baltimore: Genealogical Pub. Co., 1979."},{"freeFormCitationText":"------. <i>A Historical Essay on the Loyalists of the American Revolution</i>. With a foreword by Benjamin Keen. Springfield, Mass.: Walden Press, 1957."},{"freeFormCitationText":"------. <i>Notes on Duels and Dueling, Alphabetically Arranged, with a Preliminary Historical Essay</i>. Boston: Crosby, Nichols, 1855. Reprint, Boston: Milford House, [1973]."},{"freeFormCitationText":"------. <i>Report on the principal fisheries of the American seas</i>. [Washington: N.p., 1853]."}],"researchRecord":[{"name":"1821-1870, 4 boxes.","recordType":["Papers"],"description":"The papers of Lorenzo Sabine document his writings, and political activities. Subjects include capital punishment, the Civil and Revolutionary wars, dueling, fisheries, Indians, Loyalists, currency, justices of the peace, slavery, temperance, and women. Includes signature of Abraham Lincoln.","recordLocation":{"name":"New Hampshire Historical Society","location":{"addressLocality":"Concord","addressRegion":"NH"}}},{"name":"2 letters.","recordType":["Papers"],"recordLocation":{"name":"Boston Public Library","location":{"addressLocality":"Boston","addressRegion":"MA"}}},{"name":"1847-1864. 5 letters.","recordType":["Papers"],"description":"Finding aid in repository.","recordLocation":{"name":"Brooklyn Historical Society","location":{"addressLocality":"Brooklyn","addressRegion":"NY"}}},{"name":"1852, 1 page.","recordType":["Papers"],"description":"A letter from Lorenzo Sabine to Daniel Webster written on August 9, 1852. In the letter, Sabine writes he will meet with Webster to discuss the question of fisheries if possible.","recordLocation":{"name":"Rauner Special Collections Library","location":{"addressLocality":"Hanover","addressRegion":"NH"},"parentRecordLocation":{"name":"Dartmouth College","location":{"addressLocality":"Hanover","addressRegion":"NH"}}}},{"name":"In Letters to Charles Russell Train, 1850 Aug. 29-1853 Jan. 27. 4 items.","recordType":["Papers"],"description":"The letters are from Lorenzo Sabine to Charles Russell Train.","recordLocation":{"name":"State Library of Massachusetts","location":{"addressLocality":"Boston","addressRegion":"MA"}}}]}}
