{"data":{"usCongressBioId":"S000610","familyName":"Smith","givenName":"Samuel","honorificPrefix":"Mr.","unaccentedFamilyName":"Smith","unaccentedGivenName":"Samuel","birthCirca":false,"birthDateUnknown":true,"deathCirca":false,"deathDateUnknown":true,"profileText":"A Representative from Pennsylvania; birth date unknown; associate judge of Erie County, Pa., 1803-1805, when he resigned; elected as a Democratic Republican to the Ninth Congress to fill the vacancy caused by the resignation of United States Representative John B. C. Lucas; reelected as a Democratic Republican to the Tenth and Eleventh Congresses (November 7, 1805-March 3, 1811); unsuccessful candidate for reelection to the Twelfth Congress in 1810; death date unknown.","relationship":[],"asset":[],"jobPositions":[{"job":{"name":"Representative","jobType":"CongressMemberJob"},"startDate":"1805-12-02","startCirca":false,"endCirca":false,"congressAffiliation":{"congress":{"name":"The 9th United States Congress","congressNumber":9,"congressType":"USCongress","startDate":"1805-12-02","endDate":"1807-03-03"},"partyAffiliation":[{"party":{"name":"Democratic Republican"},"startCirca":false,"endCirca":false}],"caucusAffiliation":[{"party":{"name":"Democratic Republican"},"startCirca":false,"endCirca":false}],"represents":{"regionType":"DistrictRegion","regionCode":"PA"},"note":[{"type":"Note","content":"Elected to fill vacancy caused by resignation of John. B. C. Lucas, and took his seat December 2, 1805.","noteType":"FootNote"}]}},{"job":{"name":"Representative","jobType":"CongressMemberJob"},"startDate":"1807-10-26","startCirca":false,"endCirca":false,"congressAffiliation":{"congress":{"name":"The 10th United States Congress","congressNumber":10,"congressType":"USCongress","startDate":"1807-10-26","endDate":"1809-03-03"},"partyAffiliation":[{"party":{"name":"Democratic Republican"},"startCirca":false,"endCirca":false}],"caucusAffiliation":[{"party":{"name":"Democratic Republican"},"startCirca":false,"endCirca":false}],"represents":{"regionType":"DistrictRegion","regionCode":"PA"}}},{"job":{"name":"Representative","jobType":"CongressMemberJob"},"startDate":"1809-05-22","startCirca":false,"endCirca":false,"congressAffiliation":{"congress":{"name":"The 11th United States Congress","congressNumber":11,"congressType":"USCongress","startDate":"1809-03-04","endDate":"1811-03-03"},"partyAffiliation":[{"party":{"name":"Democratic Republican"},"startCirca":false,"endCirca":false}],"caucusAffiliation":[{"party":{"name":"Democratic Republican"},"startCirca":false,"endCirca":false}],"represents":{"regionType":"DistrictRegion","regionCode":"PA"}}}],"creativeWork":[],"researchRecord":[],"deleted":false}}
