{"data":{"usCongressBioId":"S000745","familyName":"Sprague","givenName":"William","honorificPrefix":"Mr.","unaccentedFamilyName":"Sprague","unaccentedGivenName":"William","birthDate":"1809-02-23","birthCirca":false,"deathDate":"1868-09-19","deathCirca":false,"profileText":"A Representative from Michigan; born in Providence, R.I., February 23, 1809; attended the public schools; moved to Michigan and settled in Kalamazoo; studied theology and was ordained as a minister; presiding elder of the Methodist Episcopal Church, Kalamazoo district, 1844-1848; elected as a Whig to the Thirty-first Congress (March 4, 1849-March 3, 1851); retired to his farm near Oshtemo, Kalamazoo County, Mich.; died in Kalamazoo, Mich., September 19, 1868; interment in Mountain Home Cemetery.","relationship":[],"asset":[],"jobPositions":[{"job":{"name":"Representative","jobType":"CongressMemberJob"},"startDate":"1849-03-04","startCirca":false,"endCirca":false,"congressAffiliation":{"congress":{"name":"The 31st United States Congress","congressNumber":31,"congressType":"USCongress","startDate":"1849-03-05","endDate":"1851-03-03"},"partyAffiliation":[{"party":{"name":"Whig"},"startCirca":false,"endCirca":false}],"caucusAffiliation":[{"party":{"name":"Whig"},"startCirca":false,"endCirca":false}],"represents":{"regionType":"DistrictRegion","regionCode":"MI"}}}],"creativeWork":[],"researchRecord":[]}}
