{"data":{"usCongressBioId":"S001018","familyName":"Strong","givenName":"Stephen","honorificPrefix":"Mr.","unaccentedFamilyName":"Strong","unaccentedGivenName":"Stephen","birthDate":"1791-10-11","birthCirca":false,"deathDate":"1866-04-15","deathCirca":false,"profileText":"A Representative from New York; born in Lebanon, Conn., October 11, 1791; moved to New York; attended Hamilton College, Clinton, N.Y.; studied law; was admitted to the bar in 1822 and practiced; district attorney of Tioga County 1836-1838 and 1844-1847; judge of Tioga County 1838-1843; elected as a Democrat to the Twenty-ninth Congress (March 4, 1845-March 3, 1847); chairman, Committee on Expenditures in the Department of State (Twenty-ninth Congress); resumed the practice of law in Owego, N.Y.; again judge of Tioga County 1855-1859; moved to Watertown, Jefferson County, N.Y., in 1861 and practiced law; died in Watertown, N.Y., April 15, 1866.","relationship":[],"asset":[],"jobPositions":[{"job":{"name":"Representative","jobType":"CongressMemberJob"},"startDate":"1845-03-04","startCirca":false,"congressAffiliation":{"congress":{"name":"The 29th United States Congress","congressNumber":29,"congressType":"USCongress","startDate":"1845-03-04","endDate":"1847-03-03"},"partyAffiliation":[{"party":{"name":"Democrat"}}],"caucusAffiliation":[{"party":{"name":"Democrat"}}],"represents":{"regionType":"DistrictRegion","regionCode":"NY"}}}],"creativeWork":[],"researchRecord":[]}}
