{"data":{"usCongressBioId":"S001100","familyName":"Sweat","givenName":"Lorenzo","middleName":"De Medici","honorificPrefix":"Mr.","unaccentedFamilyName":"Sweat","unaccentedGivenName":"Lorenzo","unaccentedMiddleName":"De Medici","birthDate":"1818-05-26","birthCirca":false,"deathDate":"1898-06-26","deathCirca":false,"profileText":"A Representative from Maine; born in Parsonsfield, Maine, May 26, 1818; was graduated from Bowdoin College, Brunswick, Maine, in 1837 and from the law department of Harvard University in 1840; was admitted to the bar and commenced practice in New Orleans, La., in 1841; returned to Maine and settled in Portland; held several local offices, including city solicitor, 1856-1860; member of the State senate in 1862; elected as a Democrat to the Thirty-eighth Congress (March 4, 1863-March 3, 1865); unsuccessful candidate for reelection in 1864 to the Thirty-ninth Congress and for election in 1866 to the Fortieth Congress; delegate to the Union National Convention at Philadelphia in 1868; while attending the Democratic National Convention in 1872 was chosen a member of the National committee and served four years; honorary commissioner to the World's Expositions at Paris in 1867 and at Vienna in 1873; died in Portland, Maine, July 26, 1898; interment in Evergreen Cemetery.","relationship":[],"asset":[],"jobPositions":[{"job":{"name":"Representative","jobType":"CongressMemberJob"},"startDate":"1863-03-04","startCirca":false,"congressAffiliation":{"congress":{"name":"The 38th United States Congress","congressNumber":38,"congressType":"USCongress","startDate":"1863-03-04","endDate":"1865-03-04"},"partyAffiliation":[{"party":{"name":"Democrat"}}],"caucusAffiliation":[{"party":{"name":"Democrat"}}],"represents":{"regionType":"DistrictRegion","regionCode":"ME"}}}],"creativeWork":[],"researchRecord":[{"name":"In the Autographs of Special Note Papers, ca. 1650-1950, 2 boxes.","recordType":["Papers"],"description":"Autographs include Lorenzo De Medici Sweat.","recordLocation":{"name":"Maine Historical Society Library","location":{"addressLocality":"Portland","addressRegion":"ME"}}},{"name":"In the Aaron Porter Papers, 1629-1847, 400 items.","recordType":["Papers"],"description":"Other authors include Lorenzo De Medici Sweat.","recordLocation":{"name":"Maine Historical Society Library","location":{"addressLocality":"Portland","addressRegion":"ME"}}}]}}
