{"data":{"usCongressBioId":"S001010","familyName":"Strong","givenName":"James","honorificPrefix":"Mr.","unaccentedFamilyName":"Strong","unaccentedGivenName":"James","birthDate":"1783","birthCirca":false,"birthDateUnknown":false,"deathDate":"1847-08-08","deathCirca":false,"deathDateUnknown":false,"profileText":"a Representative from New York; born in Windham, Conn., in 1783; graduated from the University of Vermont at Burlington in 1806; moved to Hudson, Columbia County, N.Y.; elected as Federalist to the Sixteenth Congress (March 4, 1819-March 3, 1821); elected as an Adams-Clay Federalist to the Eighteenth Congress, reelected as an Adams candidate to the Nineteenth and Twentieth Congresses, and reelected as an Anti-Jacksonian candidate to the Twenty-first Congress (March 4, 1823-March 3, 1831); chairman, Committee on Territories (Nineteenth and Twentieth Congresses); died in Chester, Morris County, N.J., on August 8, 1847.","relationship":[],"asset":[],"jobPositions":[{"job":{"name":"Representative","jobType":"CongressMemberJob"},"startDate":"1819-12-06","startCirca":false,"congressAffiliation":{"congress":{"name":"The 16th United States Congress","congressNumber":16,"congressType":"USCongress","startDate":"1819-12-06","endDate":"1821-03-03"},"partyAffiliation":[{"party":{"name":"Federalist"}}],"caucusAffiliation":[{"party":{"name":"Federalist"}}],"represents":{"regionType":"DistrictRegion","regionCode":"NY"}}},{"job":{"name":"Representative","jobType":"CongressMemberJob"},"startDate":"1823-12-01","startCirca":false,"congressAffiliation":{"congress":{"name":"The 18th United States Congress","congressNumber":18,"congressType":"USCongress","startDate":"1823-12-01","endDate":"1825-03-03"},"partyAffiliation":[{"party":{"name":"Adams-Clay Federalist"}}],"caucusAffiliation":[{"party":{"name":"Adams-Clay Federalist"}}],"represents":{"regionType":"DistrictRegion","regionCode":"NY"}}},{"job":{"name":"Representative","jobType":"CongressMemberJob"},"startDate":"1825-12-05","startCirca":false,"congressAffiliation":{"congress":{"name":"The 19th United States Congress","congressNumber":19,"congressType":"USCongress","startDate":"1825-03-04","endDate":"1827-03-03"},"partyAffiliation":[{"party":{"name":"Adams"}}],"caucusAffiliation":[{"party":{"name":"Adams"}}],"represents":{"regionType":"DistrictRegion","regionCode":"NY"}}},{"job":{"name":"Representative","jobType":"CongressMemberJob"},"startDate":"1827-12-03","startCirca":false,"congressAffiliation":{"congress":{"name":"The 20th United States Congress","congressNumber":20,"congressType":"USCongress","startDate":"1827-12-03","endDate":"1829-03-03"},"partyAffiliation":[{"party":{"name":"Adams"}}],"caucusAffiliation":[{"party":{"name":"Adams"}}],"represents":{"regionType":"DistrictRegion","regionCode":"NY"}}},{"job":{"name":"Representative","jobType":"CongressMemberJob"},"startDate":"1829-12-07","startCirca":false,"congressAffiliation":{"congress":{"name":"The 21st United States Congress","congressNumber":21,"congressType":"USCongress","startDate":"1829-03-04","endDate":"1831-03-03"},"partyAffiliation":[{"party":{"name":"Anti-Jacksonian"}}],"caucusAffiliation":[{"party":{"name":"Anti-Jacksonian"}}],"represents":{"regionType":"DistrictRegion","regionCode":"NY"}}}],"creativeWork":[],"researchRecord":[{"name":"2 letters (1824-1825) in the DeWitt Clinton collection.","recordType":["Papers"],"description":"Official correspondence. Finding aid in repository.","recordLocation":{"name":"Rare Book and Manuscript Library","location":{"addressLocality":"New York","addressRegion":"NY"},"parentRecordLocation":{"name":"Columbia University","location":{"addressLocality":"New York","addressRegion":"NY"}}}},{"name":"1 letter.","recordType":["Papers"],"recordLocation":{"name":"Boston Public Library","location":{"addressLocality":"Boston","addressRegion":"MA"}}}],"deleted":false}}
