{"data":{"usCongressBioId":"S001133","familyName":"Symes","givenName":"George","middleName":"Gifford","honorificPrefix":"Mr.","unaccentedFamilyName":"Symes","unaccentedGivenName":"George","unaccentedMiddleName":"Gifford","birthDate":"1840-04-28","birthCirca":false,"deathDate":"1893-11-03","deathCirca":false,"profileText":"A Representative from Colorado; born in Ashtabula County, Ohio, April 28, 1840; attended the common schools; studied law; was admitted to the bar and practiced; during the Civil War enlisted as a private in Company B, Second Regiment, Wisconsin Volunteers, April 12, 1861; adjutant of the Twenty-fifth Regiment, Wisconsin Infantry; commissioned colonel of the Forty-fourth Regiment, Wisconsin Volunteers, in August 1864; practiced law in Paducah, Ky.; associate justice of the supreme court of Montana Territory 1869-1871; resumed the practice of law in Helena, Mont.; moved to Denver, Colo., in 1874; elected as a Republican to the Forty-ninth and Fiftieth Congresses (March 4, 1885-March 3, 1889); engaged in the management of his estate and in the practice of law; died in Denver, Colo., November 3, 1893; interment in Fairmount Cemetery.","relationship":[],"asset":[],"jobPositions":[{"job":{"name":"Representative","jobType":"CongressMemberJob"},"startDate":"1885-03-04","startCirca":false,"congressAffiliation":{"congress":{"name":"The 49th United States Congress","congressNumber":49,"congressType":"USCongress","startDate":"1885-03-04","endDate":"1887-03-03"},"partyAffiliation":[{"party":{"name":"Republican"}}],"caucusAffiliation":[{"party":{"name":"Republican"}}],"represents":{"regionType":"StateRegion","regionCode":"CO"}}},{"job":{"name":"Representative","jobType":"CongressMemberJob"},"startDate":"1887-03-04","startCirca":false,"congressAffiliation":{"congress":{"name":"The 50th United States Congress","congressNumber":50,"congressType":"USCongress","startDate":"1887-12-05","endDate":"1889-03-04"},"partyAffiliation":[{"party":{"name":"Republican"}}],"caucusAffiliation":[{"party":{"name":"Republican"}}],"represents":{"regionType":"StateRegion","regionCode":"CO"}}}],"creativeWork":[],"researchRecord":[{"name":"1884-1888. 1 cubic foot.","recordType":["Papers"],"description":"Photographs and memorabilia. Finding aid in repository.","recordLocation":{"name":"Colorado Historical Society","location":{"addressLocality":"Denver","addressRegion":"CO"}}},{"name":"1889, 1892. 2 letters (typed copies).","recordType":["Papers"],"recordLocation":{"name":"Manuscript Division","location":{"addressLocality":"Washington","addressRegion":"DC"},"parentRecordLocation":{"name":"Library of Congress","location":{"addressLocality":"Washington","addressRegion":"DC"}}}}]}}
