{"data":{"usCongressBioId":"S001029","familyName":"Strudwick","givenName":"William","middleName":"Francis","honorificPrefix":"Mr.","unaccentedFamilyName":"Strudwick","unaccentedGivenName":"William","unaccentedMiddleName":"Francis","birthDate":"1765","birthCirca":true,"deathDate":"1812","deathCirca":true,"profileText":"A Representative from North Carolina; born at ``Stag Park,'' near Wilmington, New Hanover County, N.C., ca. 1765; received a limited education; farmer; delegate to the North Carolina state convention, 1789; member of the North Carolina state senate, 1792-1793 and 1797; elected as a Federalist to the Fourth Congress to fill the vacancy caused by the resignation of United States Representative Absalom Tatom (November 28, 1796-March 3, 1797); member of the North Carolina state house of representatives, 1801-1803; died in North Carolina in 1812; interment in a private cemetery on his estate at ``Hawfields,'' Orange County, N.C.","relationship":[],"asset":[],"jobPositions":[{"job":{"name":"Representative","jobType":"CongressMemberJob"},"startDate":"1795-12-07","startCirca":false,"congressAffiliation":{"congress":{"name":"The 4th United States Congress","congressNumber":4,"congressType":"USCongress","startDate":"1795-06-08","endDate":"1797-03-03"},"partyAffiliation":[{"party":{"name":"Federalist"}}],"caucusAffiliation":[{"party":{"name":"Federalist"}}],"represents":{"regionType":"DistrictRegion","regionCode":"NC"},"note":[{"type":"Note","noteType":"FootNote","content":"Elected to fill the vacancy caused by the resignation of Absalom Tatom, and took his seat December 13, 1796."}]}}],"creativeWork":[],"researchRecord":[{"name":"In the Strudwick Family Papers, ca. 1771-1796, 0.5 linear foot.","recordType":["Papers"],"description":"Persons represented include William F. Strudwick.","recordLocation":{"name":"Manuscripts Department, Southern Historical Collection","location":{"addressLocality":"Chapel Hill","addressRegion":"NC"},"parentRecordLocation":{"name":"The University of North Carolina at Chapel Hill Libraries","location":{"addressLocality":"Chapel Hill","addressRegion":"NC"}}}}]}}
