{"data":{"usCongressBioId":"S001032","familyName":"Stuart","givenName":"Archibald","honorificPrefix":"Mr.","unaccentedFamilyName":"Stuart","unaccentedGivenName":"Archibald","birthDate":"1795-12-02","birthCirca":false,"deathDate":"1855-09-20","deathCirca":false,"profileText":"A Representative from Virginia; born in Lynchburg, Va., December 2, 1795; attended private schools and completed preparatory studies; served as an officer in the War of 1812; studied law; was admitted to the bar and practiced in Lynchburg, Campbell County, Va.; member of the State house of delegates in 1830 and 1831; delegate to the State conventions of 1829, 1830, 1850, and 1851; elected as a Democrat to the Twenty-fifth Congress (March 4, 1837-March 3, 1839); unsuccessful candidate for reelection in 1838 to the Twenty-sixth Congress; resumed the practice of law; served in the State senate 1852-1854; died at his home, ``Laurel Hill,'' Patrick County, Va., September 20, 1855; interment in the Stuart family cemetery at Laurel Hill, Patrick County, Va.","relationship":[{"relationshipType":"cousin","relatedTo":{"usCongressBioId":"S001030","familyName":"Stuart","givenName":"Alexander","middleName":"Hugh Holmes","honorificPrefix":"Mr.","unaccentedFamilyName":"Stuart","unaccentedGivenName":"Alexander","unaccentedMiddleName":"Hugh Holmes","birthDate":"1807-04-02","birthCirca":false,"deathDate":"1891-02-13","deathCirca":false}}],"asset":[],"jobPositions":[{"job":{"name":"Representative","jobType":"CongressMemberJob"},"startDate":"1837-03-04","startCirca":false,"congressAffiliation":{"congress":{"name":"The 25th United States Congress","congressNumber":25,"congressType":"USCongress","startDate":"1837-03-04","endDate":"1839-03-03"},"partyAffiliation":[{"party":{"name":"Democrat"}}],"caucusAffiliation":[{"party":{"name":"Democrat"}}],"represents":{"regionType":"DistrictRegion","regionCode":"VA"}}}],"creativeWork":[],"researchRecord":[{"name":"1838-1855. 1/10 foot. In the Abram Penn Staples, Sr. papers.","recordType":["Papers"],"description":"Letters from Stuart regarding legislative and business activities. Finding aid in repository.","recordLocation":{"name":"William R. Perkins Library Special Collections Department","location":{"addressLocality":"Durham","addressRegion":"NC"},"parentRecordLocation":{"name":"Duke University","location":{"addressLocality":"Durham","addressRegion":"NC"}}}}]}}
