{"data":{"usCongressBioId":"S001036","familyName":"Stuart","givenName":"Philip","honorificPrefix":"Mr.","unaccentedFamilyName":"Stuart","unaccentedGivenName":"Philip","birthDate":"1760","birthCirca":true,"deathDate":"1830-08-14","deathCirca":false,"profileText":"A Representative from Maryland; born near Fredericksburg, Va., in 1760; completed his preparatory education; moved to Maryland; served in the Revolutionary Army as a lieutenant in the Third Continental Dragoons; wounded at Eutaw Springs September 8, 1781; transferred to Baylor's dragoons November 9, 1782; lieutenant, Second Artillerists and Engineers, June 5, 1798; resigned November 15, 1800; served in the War of 1812; elected as a Federalist to the Twelfth and to the three succeeding Congresses (March 4, 1811-March 3, 1819); died in Washington, D.C., August 14, 1830; interment in the Congressional Cemetery.","relationship":[],"asset":[],"jobPositions":[{"job":{"name":"Representative","jobType":"CongressMemberJob"},"startDate":"1811-11-04","startCirca":false,"congressAffiliation":{"congress":{"name":"The 12th United States Congress","congressNumber":12,"congressType":"USCongress","startDate":"1811-11-04","endDate":"1813-03-03"},"partyAffiliation":[{"party":{"name":"Federalist"}}],"caucusAffiliation":[{"party":{"name":"Federalist"}}],"represents":{"regionType":"DistrictRegion","regionCode":"MD"}}},{"job":{"name":"Representative","jobType":"CongressMemberJob"},"startDate":"1813-05-24","startCirca":false,"congressAffiliation":{"congress":{"name":"The 13th United States Congress","congressNumber":13,"congressType":"USCongress","startDate":"1813-05-24","endDate":"1815-03-03"},"partyAffiliation":[{"party":{"name":"Federalist"}}],"caucusAffiliation":[{"party":{"name":"Federalist"}}],"represents":{"regionType":"DistrictRegion","regionCode":"MD"}}},{"job":{"name":"Representative","jobType":"CongressMemberJob"},"startDate":"1815-12-04","startCirca":false,"congressAffiliation":{"congress":{"name":"The 14th United States Congress","congressNumber":14,"congressType":"USCongress","startDate":"1815-12-04","endDate":"1817-03-03"},"partyAffiliation":[{"party":{"name":"Federalist"}}],"caucusAffiliation":[{"party":{"name":"Federalist"}}],"represents":{"regionType":"DistrictRegion","regionCode":"MD"}}},{"job":{"name":"Representative","jobType":"CongressMemberJob"},"startDate":"1817-12-01","startCirca":false,"congressAffiliation":{"congress":{"name":"The 15th United States Congress","congressNumber":15,"congressType":"USCongress","startDate":"1817-03-04","endDate":"1819-03-03"},"partyAffiliation":[{"party":{"name":"Federalist"}}],"caucusAffiliation":[{"party":{"name":"Federalist"}}],"represents":{"regionType":"DistrictRegion","regionCode":"MD"}}}],"creativeWork":[],"researchRecord":[]}}
