{"data":{"usCongressBioId":"S001140","familyName":"Sypher","givenName":"Jacob","middleName":"Hale","honorificPrefix":"Mr.","unaccentedFamilyName":"Sypher","unaccentedGivenName":"Jacob","unaccentedMiddleName":"Hale","birthDate":"1837-06-22","birthCirca":false,"deathDate":"1905-05-09","deathCirca":false,"profileText":"A Representative from Louisiana; born near Millerstown, Perry County, Pa., June 22, 1837; received a liberal education, and was graduated from Alfred (N.Y.) University in 1859; taught school in Cleveland, Ohio; entered the Union Army as a private in Company A, First Ohio Light Artillery, and later served as colonel of the Eleventh United States Colored Heavy Artillery; after the war bought a plantation in northern Louisiana, but about two years later commenced the study of law; was admitted to the bar and practiced in New Orleans, La.; delegate to the Republican National Convention in 1868; upon readmission of the State of Louisiana to representation was elected as a Republican to the Fortieth Congress and served from July 18, 1868, to March 3, 1869; contested the election of Louis St. Martin to the Forty-first Congress, but the House decided that neither was entitled to the seat; subsequently elected to the Forty-first Congress to fill the vacancy thus created; reelected to the Forty-second Congress and served from November 7, 1870, to March 3, 1873; presented credentials as a Member-elect to the Forty-third Congress and served from March 4, 1873, to March 3, 1875, when he was succeeded by Effingham Lawrence, who contested the election; chairman, Committee on Expenditures in the Department of the Treasury (Forty-third Congress); unsuccessful candidate for election in 1874 to the Forty-fourth Congress; resumed the practice of law in Washington, D.C.; died in Baltimore, Md., May 9, 1905; interment in the Arlington National Cemetery.","relationship":[],"asset":[],"jobPositions":[{"job":{"name":"Representative","jobType":"CongressMemberJob"},"startDate":"1868-07-18","startCirca":false,"congressAffiliation":{"congress":{"name":"The 40th United States Congress","congressNumber":40,"congressType":"USCongress","startDate":"1867-03-04","endDate":"1869-03-03"},"partyAffiliation":[{"party":{"name":"Republican"}}],"caucusAffiliation":[{"party":{"name":"Republican"}}],"represents":{"regionType":"DistrictRegion","regionCode":"LA"},"note":[{"type":"Note","noteType":"FootNote","content":"Took his seat July 18, 1868."}]}},{"job":{"name":"Representative","jobType":"CongressMemberJob"},"startDate":"1870-11-07","startCirca":false,"congressAffiliation":{"congress":{"name":"The 41st United States Congress","congressNumber":41,"congressType":"USCongress","startDate":"1869-03-04","endDate":"1871-03-03"},"partyAffiliation":[{"party":{"name":"Republican"}}],"caucusAffiliation":[{"party":{"name":"Republican"}}],"represents":{"regionType":"DistrictRegion","regionCode":"LA"},"note":[{"type":"Note","noteType":"FootNote","content":"Contested the election of Louis St. Martin; committee reported in favor of seating Mr. Sypher, and House adopted the report by a vote of 78 to 73, moved to reconsider by a vote of 86 to 79, then adopted a substitute resolution declaring the seat vacant by a vote of 96 to 68 (April 20, 1870); subsequently elected, and took his seat December 5, 1870."}]}},{"job":{"name":"Representative","jobType":"CongressMemberJob"},"congressAffiliation":{"congress":{"name":"The 42nd United States Congress","congressNumber":42,"congressType":"USCongress","startDate":"1871-03-04","endDate":"1873-03-03"},"partyAffiliation":[{"party":{"name":"Republican"}}],"caucusAffiliation":[{"party":{"name":"Republican"}}],"represents":{"regionType":"StateRegion","regionCode":"LA"}}},{"job":{"name":"Representative","jobType":"CongressMemberJob"},"congressAffiliation":{"congress":{"name":"The 43rd United States Congress","congressNumber":43,"congressType":"USCongress","startDate":"1873-03-04","endDate":"1875-03-03"},"partyAffiliation":[{"party":{"name":"Republican"}}],"caucusAffiliation":[{"party":{"name":"Republican"}}],"represents":{"regionType":"StateRegion","regionCode":"LA"}}}],"creativeWork":[],"researchRecord":[]}}
