{"data":{"usCongressBioId":"S001002","familyName":"Street","givenName":"Randall","middleName":"S.","honorificPrefix":"Mr.","unaccentedFamilyName":"Street","unaccentedGivenName":"Randall","unaccentedMiddleName":"S.","birthDate":"1780","birthCirca":true,"deathDate":"1841-11-21","deathCirca":false,"profileText":"A Representative from New York; born in Catskill, N.Y., in 1780; pursued classical studies; studied law; was admitted to the bar and began practice in Poughkeepsie; district attorney for the second judicial district from February 1810 to February 1811 and from March 1813 to February 1815; lieutenant colonel of militia in the War of 1812; elected as a Federalist to the Sixteenth Congress (March 4, 1819-March 3, 1821); moved to Monticello, N.Y., about 1825; continued the practice of law until his death in Monticello, N.Y., November 21, 1841; interment in Poughkeepsie, N.Y.","relationship":[],"asset":[],"jobPositions":[{"job":{"name":"Representative","jobType":"CongressMemberJob"},"startDate":"1819-12-06","startCirca":false,"congressAffiliation":{"congress":{"name":"The 16th United States Congress","congressNumber":16,"congressType":"USCongress","startDate":"1819-12-06","endDate":"1821-03-03"},"partyAffiliation":[{"party":{"name":"Federalist"}}],"caucusAffiliation":[{"party":{"name":"Federalist"}}],"represents":{"regionType":"DistrictRegion","regionCode":"NY"}}}],"creativeWork":[],"researchRecord":[]}}
