{"data":{"usCongressBioId":"S001125","familyName":"Swoope","givenName":"Jacob","honorificPrefix":"Mr.","unaccentedFamilyName":"Swoope","unaccentedGivenName":"Jacob","birthDateUnknown":true,"deathDate":"1832","deathCirca":true,"profileText":"A Representative from Virginia; born in Philadelphia, Pa., birth date unknown; attended the common schools; moved to Staunton, Va., in 1789 and engaged in the mercantile business; held several local offices; elected the first mayor of Staunton under the new charter of 1801; reelected in 1804; elected as a Federalist to the Eleventh Congress (March 4, 1809-March 3, 1811); declined to be a candidate for renomination in 1810; died in Staunton, Va., in 1832; interment in Trinity Episcopal Churchyard.","relationship":[],"asset":[],"jobPositions":[{"job":{"name":"Representative","jobType":"CongressMemberJob"},"startDate":"1809-05-22","startCirca":false,"congressAffiliation":{"congress":{"name":"The 11th United States Congress","congressNumber":11,"congressType":"USCongress","startDate":"1809-03-04","endDate":"1811-03-03"},"partyAffiliation":[{"party":{"name":"Federalist"}}],"caucusAffiliation":[{"party":{"name":"Federalist"}}],"represents":{"regionType":"DistrictRegion","regionCode":"VA"}}}],"creativeWork":[],"researchRecord":[]}}
