{"data":{"usCongressBioId":"S001096","familyName":"Swart","givenName":"Peter","honorificPrefix":"Mr.","unaccentedFamilyName":"Swart","unaccentedGivenName":"Peter","birthDate":"1752-07-05","birthCirca":false,"birthDateUnknown":false,"deathDate":"1829-11-03","deathCirca":false,"deathDateUnknown":false,"profileText":"A Representative from New York; born in Schoharie, N.Y., July 5, 1752; attended the common schools; studied law; was admitted to the New York bar and commenced the practice of law in Schoharie; judge of the court of common pleas of Schoharie County in 1795; member of the New York state assembly in 1798 and 1799; elected as a Democratic Republican to the Tenth Congress (March 4, 1807-March 3, 1809); sheriff of Schoharie County in 1810 and 1813; served in the New York state senate 1817-1820; resumed the practice of his profession in Schoharie, N.Y., and died there on November 3, 1829; interment in the Old Stone Fort Cemetery.","relationship":[],"asset":[],"jobPositions":[{"job":{"name":"Representative","jobType":"CongressMemberJob"},"startDate":"1807-10-27","startCirca":false,"endCirca":false,"congressAffiliation":{"congress":{"name":"The 10th United States Congress","congressNumber":10,"congressType":"USCongress","startDate":"1807-10-26","endDate":"1809-03-03"},"partyAffiliation":[{"party":{"name":"Democratic Republican"},"startCirca":false,"endCirca":false}],"caucusAffiliation":[{"party":{"name":"Democratic Republican"},"startCirca":false,"endCirca":false}],"represents":{"regionType":"DistrictRegion","regionCode":"NY"}}}],"creativeWork":[],"researchRecord":[],"deleted":false}}
