{"data":{"usCongressBioId":"S001026","familyName":"Strouse","givenName":"Myer","honorificPrefix":"Mr.","unaccentedFamilyName":"Strouse","unaccentedGivenName":"Myer","birthDate":"1825-12-16","birthCirca":false,"deathDate":"1878-02-11","deathCirca":false,"profileText":"A Representative from Pennsylvania; born in Oberstrau, Bavaria, Germany, December 16, 1825; immigrated to the United States in 1832 with his father, who settled in Pottsville, Schuylkill County, Pa.; attended private schools; edited the North American Farmer in Philadelphia 1848-1852; studied law; was admitted to the bar in 1855 and commenced practice in Pottsville; elected as a Democrat to the Thirty-eighth and Thirty-ninth Congresses (March 4, 1863-March 3, 1867); was not a candidate for renomination in 1866; resumed the practice of law; was attorney and solicitor for the ``Molly Maguires,'' a secret organization in the mining regions of Pennsylvania, in 1876 and 1877; died in Pottsville, Pa., February 11, 1878; interment in Odd Fellows Cemetery.","relationship":[],"asset":[],"jobPositions":[{"job":{"name":"Representative","jobType":"CongressMemberJob"},"startDate":"1863-03-04","startCirca":false,"congressAffiliation":{"congress":{"name":"The 38th United States Congress","congressNumber":38,"congressType":"USCongress","startDate":"1863-03-04","endDate":"1865-03-04"},"partyAffiliation":[{"party":{"name":"Democrat"}}],"caucusAffiliation":[{"party":{"name":"Democrat"}}],"represents":{"regionType":"DistrictRegion","regionCode":"PA"}}},{"job":{"name":"Representative","jobType":"CongressMemberJob"},"startDate":"1865-03-04","startCirca":false,"congressAffiliation":{"congress":{"name":"The 39th United States Congress","congressNumber":39,"congressType":"USCongress","startDate":"1865-03-04","endDate":"1867-03-03"},"partyAffiliation":[{"party":{"name":"Democrat"}}],"caucusAffiliation":[{"party":{"name":"Democrat"}}],"represents":{"regionType":"DistrictRegion","regionCode":"PA"}}}],"creativeWork":[],"researchRecord":[]}}
