{"data":{"usCongressBioId":"T000157","familyName":"Thomas","givenName":"Benjamin","middleName":"Franklin","honorificPrefix":"Mr.","unaccentedFamilyName":"Thomas","unaccentedGivenName":"Benjamin","unaccentedMiddleName":"Franklin","birthDate":"1813-02-12","birthCirca":false,"deathDate":"1878-09-27","deathCirca":false,"profileText":"A Representative from Massachusetts; born in Boston, Mass., February 12, 1813; moved with his parents to Worcester in 1819; attended Lancaster Academy, and was graduated from Brown University, Providence, R.I., in 1830; studied law in Cambridge, Mass.; was admitted to the bar in 1833 and commenced practice in Worcester, Mass.; held several local offices; member of the State house of representatives in 1842; commissioner of bankruptcy in 1842; judge of probate 1844-1848; presidential elector on the Whig ticket in 1848; judge of the Massachusetts Supreme Court from 1853 to 1859, when he resigned; continued the practice of law in Boston, Mass.; elected as a Unionist to the Thirty-seventh Congress to fill the vacancy caused by the resignation of Charles F. Adams and served from June 11, 1861, to March 3, 1863; declined a renomination; again engaged in the practice of law; nominated by Governor Bullock for chief justice of the supreme court of Massachusetts in 1868, but the nomination was not confirmed by the council; died at his home in Beverly Farms, Mass., September 27, 1878; interment in Forrest Hill Cemetery, Boston, Mass.","relationship":[],"asset":[],"jobPositions":[{"job":{"name":"Representative","jobType":"CongressMemberJob"},"startDate":"1861-06-11","startCirca":false,"congressAffiliation":{"congress":{"name":"The 37th United States Congress","congressNumber":37,"congressType":"USCongress","startDate":"1861-03-04","endDate":"1863-03-03"},"partyAffiliation":[{"party":{"name":"Unionist"}}],"caucusAffiliation":[{"party":{"name":"Unionist"}}],"represents":{"regionType":"DistrictRegion","regionCode":"MA"},"note":[{"type":"Note","noteType":"FootNote","content":"Elected to fill vacancy caused by resignation of Charles F. Adams, and took his seat July 4, 1861."}]}}],"creativeWork":[],"researchRecord":[{"name":"4 letters.","recordType":["Papers"],"recordLocation":{"name":"Boston Public Library","location":{"addressLocality":"Boston","addressRegion":"MA"}}},{"name":"In the Jonathan Henry Hill Papers, 1841-1884, 1 box.","recordType":["Papers"],"description":"Correspondents include Benjamin Franklin Thomas.","recordLocation":{"name":"Manuscripts Department","location":{"addressLocality":"Worcester","addressRegion":"MA"},"parentRecordLocation":{"name":"American Antiquarian Society","location":{"addressLocality":"Worcester","addressRegion":"MA"}}}},{"name":"In the Thomas Family Papers, 1815-1887, 22 items.","recordType":["Papers"],"description":"Persons represented include Benjamin Franklin Thomas.","recordLocation":{"name":"Manuscripts Department","location":{"addressLocality":"Worcester","addressRegion":"MA"},"parentRecordLocation":{"name":"American Antiquarian Society","location":{"addressLocality":"Worcester","addressRegion":"MA"}}}},{"name":"In the Wall Family Papers, 1833-1899, 2 folders.","recordType":["Papers"],"description":"Persons represented include Benjamin Franklin Thomas.","recordLocation":{"name":"Manuscripts Department","location":{"addressLocality":"Worcester","addressRegion":"MA"},"parentRecordLocation":{"name":"American Antiquarian Society","location":{"addressLocality":"Worcester","addressRegion":"MA"}}}},{"name":"In the Endicott Family Special Collection, 1773-1938, 11 narrow boxes.","recordType":["Papers"],"description":"Other authors include Benjamin Franklin Thomas.","recordLocation":{"name":"Massachusetts Historical Society","url":"http://thomasjeffersonpapers.org/independence","location":{"addressLocality":"Boston","addressRegion":"MA"}}}]}}
