{"data":{"usCongressBioId":"T000213","familyName":"Thompson","givenName":"Philip","middleName":"Rootes","honorificPrefix":"Mr.","unaccentedFamilyName":"Thompson","unaccentedGivenName":"Philip","unaccentedMiddleName":"Rootes","birthDate":"1766-03-26","birthCirca":false,"birthDateUnknown":false,"deathDate":"1837-07-27","deathCirca":false,"deathDateUnknown":false,"profileText":"A Representative from Virginia; born near Fredericksburg, Va., March 26, 1766; was educated by private tutors; graduated from the College of William and Mary, Williamsburg, Va.; studied law; was admitted to the bar and commenced practice in Fairfax, Va.; member of the Virginia state house of delegates, 1793-1797; elected as a Democratic Republican to the Seventh and to the two succeeding Congresses (March 4, 1801-March 3, 1807); resumed the practice of law; died in Kanawha County, Va. (now West Virginia), July 27, 1837; interment at Coals Mouth (now St. Albans), W.Va.","relationship":[],"asset":[],"jobPositions":[{"job":{"name":"Representative","jobType":"CongressMemberJob"},"startDate":"1801-12-07","startCirca":false,"endCirca":false,"congressAffiliation":{"congress":{"name":"The 7th United States Congress","congressNumber":7,"congressType":"USCongress","startDate":"1801-03-04","endDate":"1803-03-03"},"partyAffiliation":[{"party":{"name":"Democratic Republican"},"startCirca":false,"endCirca":false}],"caucusAffiliation":[{"party":{"name":"Democratic Republican"},"startCirca":false,"endCirca":false}],"represents":{"regionType":"DistrictRegion","regionCode":"VA"}}},{"job":{"name":"Representative","jobType":"CongressMemberJob"},"startDate":"1803-10-17","startCirca":false,"endCirca":false,"congressAffiliation":{"congress":{"name":"The 8th United States Congress","congressNumber":8,"congressType":"USCongress","startDate":"1803-10-17","endDate":"1805-03-03"},"partyAffiliation":[{"party":{"name":"Democratic Republican"},"startCirca":false,"endCirca":false}],"caucusAffiliation":[{"party":{"name":"Democratic Republican"},"startCirca":false,"endCirca":false}],"represents":{"regionType":"DistrictRegion","regionCode":"VA"}}},{"job":{"name":"Representative","jobType":"CongressMemberJob"},"startDate":"1805-12-02","startCirca":false,"endCirca":false,"congressAffiliation":{"congress":{"name":"The 9th United States Congress","congressNumber":9,"congressType":"USCongress","startDate":"1805-12-02","endDate":"1807-03-03"},"partyAffiliation":[{"party":{"name":"Democratic Republican"},"startCirca":false,"endCirca":false}],"caucusAffiliation":[{"party":{"name":"Democratic Republican"},"startCirca":false,"endCirca":false}],"represents":{"regionType":"DistrictRegion","regionCode":"VA"}}}],"creativeWork":[],"researchRecord":[{"name":"In the Stuart-Baldwin Families Papers, 1764-1884, approximately 8 linear feet.","recordType":["Papers"],"description":"Correspondents include Philip Rootes Thompson.","recordLocation":{"name":"Albert and Shirley Small Special Collections Library","location":{"addressLocality":"Charlottesville","addressRegion":"VA"},"parentRecordLocation":{"name":"University of Virginia","location":{"addressLocality":"Charlottesville","addressRegion":"VA"}}}}],"deleted":false}}
