{"data":{"usCongressBioId":"T000273","familyName":"Tillinghast","givenName":"Thomas","honorificPrefix":"Mr.","unaccentedFamilyName":"Tillinghast","unaccentedGivenName":"Thomas","birthDate":"1742-08-21","birthCirca":false,"birthDateUnknown":false,"deathDate":"1821-08-26","deathCirca":false,"deathDateUnknown":false,"profileText":"A Representative from Rhode Island; born in East Greenwich, R.I., August 21, 1742; completed preparatory studies; member of the Rhode Island state house of representatives in 1772 and 1773; held several offices under Revolutionary authorities; again a member of the Rhode Island state house of representatives, 1778-1780; judge of the court of common pleas in 1779; member of the council of war; associate justice of the Rhode Island state supreme court, 1780-1797; elected as a Federalist to the Fifth Congress to fill the vacancy caused by the resignation of Elisha R. Potter and served from November 13, 1797, to March 3, 1799; elected as a Democratic Republican to the Seventh Congress (March 4, 1801-March 3, 1803); died in East Greenwich, R.I., August 26, 1821; interment in Tillinghast Cemetery.","relationship":[{"relationshipType":"cousin","relatedTo":{"usCongressBioId":"T000272","familyName":"Tillinghast","givenName":"Joseph","middleName":"Leonard","honorificPrefix":"Mr.","unaccentedFamilyName":"Tillinghast","unaccentedGivenName":"Joseph","unaccentedMiddleName":"Leonard","birthDate":"1791","birthCirca":true,"deathDate":"1844-12-30","deathCirca":false}}],"asset":[],"jobPositions":[{"job":{"name":"Representative","jobType":"CongressMemberJob"},"startDate":"1797-05-15","startCirca":false,"congressAffiliation":{"congress":{"name":"The 5th United States Congress","congressNumber":5,"congressType":"USCongress","startDate":"1797-03-04","endDate":"1799-03-03"},"partyAffiliation":[{"party":{"name":"Federalist"}}],"caucusAffiliation":[{"party":{"name":"Federalist"}}],"represents":{"regionType":"StateRegion","regionCode":"RI"},"note":[{"type":"Note","noteType":"FootNote","content":"Elected to fill vacancy caused by resignation of Elisha R. Potter, and took his seat November 13, 1797."}]}},{"job":{"name":"Representative","jobType":"CongressMemberJob"},"startDate":"1801-12-07","startCirca":false,"endCirca":false,"congressAffiliation":{"congress":{"name":"The 7th United States Congress","congressNumber":7,"congressType":"USCongress","startDate":"1801-03-04","endDate":"1803-03-03"},"partyAffiliation":[{"party":{"name":"Democratic Republican"},"startCirca":false,"endCirca":false}],"caucusAffiliation":[{"party":{"name":"Democratic Republican"},"startCirca":false,"endCirca":false}],"represents":{"regionType":"StateRegion","regionCode":"RI"}}}],"creativeWork":[],"researchRecord":[{"recordLocation":{"name":"John Hay Library","location":{"addressLocality":"Providence","addressRegion":"RI"},"parentRecordLocation":{"name":"Brown University","location":{"addressLocality":"Providence","addressRegion":"RI"}}}},{"name":"3 items.","recordType":["Papers"],"description":"Cataloged.","recordLocation":{"name":"Rhode Island Historical Society","location":{"addressLocality":"Providence","addressRegion":"RI"}}}],"deleted":false}}
