{"data":{"usCongressBioId":"T000027","familyName":"Taliaferro","givenName":"John","honorificPrefix":"Mr.","unaccentedFamilyName":"Taliaferro","unaccentedGivenName":"John","birthDate":"1768","birthCirca":false,"birthDateUnknown":false,"deathDate":"1852-08-12","deathCirca":false,"deathDateUnknown":false,"profileText":"a Representative from Virginia; born on the estate, \"Hays,\" near Fredericksburg, King George County, Va., in 1768; attended the common schools; studied law; was admitted to the bar and commenced practice in Fredericksburg, Va.; elected as a Democratic Republican to the Seventh Congress (March 4, 1801-March 3, 1803); as a Democratic Republican, successfully contested the election of John P. Hungerford to the Twelfth Congress and served from November 29, 1811, to March 3, 1813; unsuccessfully contested the election of John P. Hungerford to the Thirteenth Congress; elected as a Crawford Republican to the Eighteenth Congress, by special election, to fill the vacancy caused by the death of William L. Ball; reelected as an Adams candidate to the Nineteenth and to the succeeding Congress; and reelected as an Anti-Jacksonian candidate to the Twenty-first Congress (March 24, 1824-March 3, 1831); elected as an Anti-Jacksonian candidate to the Twenty-fourth; reelected as a Whig to the Twenty-fifth and to the two succeeding Congresses (March 4, 1835-March 3, 1843); chairman, Committee on Revolutionary Pensions (Twenty-sixth and Twenty-seventh Congresses); librarian of the United States Treasury Department from 1850 until his death at his residence, \"Hagley,\" near Fredericksburg, King George County, Va., August 12, 1852; interment on his farm, \"Hagley.\"","relationship":[],"asset":[],"jobPositions":[{"job":{"name":"Representative","jobType":"CongressMemberJob"},"startDate":"1801-12-07","startCirca":false,"endCirca":false,"congressAffiliation":{"congress":{"name":"The 7th United States Congress","congressNumber":7,"congressType":"USCongress","startDate":"1801-03-04","endDate":"1803-03-03"},"partyAffiliation":[{"party":{"name":"Democratic Republican"},"startCirca":false,"endCirca":false}],"caucusAffiliation":[{"party":{"name":"Democratic Republican"},"startCirca":false,"endCirca":false}],"represents":{"regionType":"DistrictRegion","regionCode":"VA"}}},{"job":{"name":"Representative","jobType":"CongressMemberJob"},"startDate":"1811-11-04","startCirca":false,"endCirca":false,"congressAffiliation":{"congress":{"name":"The 12th United States Congress","congressNumber":12,"congressType":"USCongress","startDate":"1811-11-04","endDate":"1813-03-03"},"partyAffiliation":[{"party":{"name":"Democratic Republican"},"startCirca":false,"endCirca":false}],"caucusAffiliation":[{"party":{"name":"Democratic Republican"},"startCirca":false,"endCirca":false}],"represents":{"regionType":"DistrictRegion","regionCode":"VA"},"note":[{"type":"Note","content":"Successfully contested the election of John P. Hungerford, and took his seat December 2, 1811.","noteType":"FootNote"}]}},{"job":{"name":"Representative","jobType":"CongressMemberJob"},"startDate":"1823-12-01","startCirca":false,"congressAffiliation":{"congress":{"name":"The 18th United States Congress","congressNumber":18,"congressType":"USCongress","startDate":"1823-12-01","endDate":"1825-03-03"},"partyAffiliation":[{"party":{"name":"Crawford Republican"}}],"caucusAffiliation":[{"party":{"name":"Republican"}}],"represents":{"regionType":"DistrictRegion","regionCode":"VA"},"note":[{"type":"Note","noteType":"FootNote","content":"Elected to fill vacancy caused by death of William L. Ball, and took his seat April 8, 1824."}]}},{"job":{"name":"Representative","jobType":"CongressMemberJob"},"startDate":"1825-12-05","startCirca":false,"congressAffiliation":{"congress":{"name":"The 19th United States Congress","congressNumber":19,"congressType":"USCongress","startDate":"1825-03-04","endDate":"1827-03-03"},"partyAffiliation":[{"party":{"name":"Adams"}}],"caucusAffiliation":[{"party":{"name":"Republican"}}],"represents":{"regionType":"DistrictRegion","regionCode":"VA"}}},{"job":{"name":"Representative","jobType":"CongressMemberJob"},"startDate":"1827-12-03","startCirca":false,"congressAffiliation":{"congress":{"name":"The 20th United States Congress","congressNumber":20,"congressType":"USCongress","startDate":"1827-12-03","endDate":"1829-03-03"},"partyAffiliation":[{"party":{"name":"Adams"}}],"caucusAffiliation":[{"party":{"name":"Republican"}}],"represents":{"regionType":"DistrictRegion","regionCode":"VA"}}},{"job":{"name":"Representative","jobType":"CongressMemberJob"},"startDate":"1829-12-07","startCirca":false,"congressAffiliation":{"congress":{"name":"The 21st United States Congress","congressNumber":21,"congressType":"USCongress","startDate":"1829-03-04","endDate":"1831-03-03"},"partyAffiliation":[{"party":{"name":"Anti-Jacksonian"}}],"caucusAffiliation":[{"party":{"name":"Republican"}}],"represents":{"regionType":"DistrictRegion","regionCode":"VA"}}},{"job":{"name":"Representative","jobType":"CongressMemberJob"},"startDate":"1835-03-04","startCirca":false,"congressAffiliation":{"congress":{"name":"The 24th United States Congress","congressNumber":24,"congressType":"USCongress","startDate":"1835-12-07","endDate":"1837-03-03"},"partyAffiliation":[{"party":{"name":"Anti-Jacksonian"}}],"caucusAffiliation":[{"party":{"name":"Whig"}}],"represents":{"regionType":"DistrictRegion","regionCode":"VA"}}},{"job":{"name":"Representative","jobType":"CongressMemberJob"},"startDate":"1837-03-04","startCirca":false,"congressAffiliation":{"congress":{"name":"The 25th United States Congress","congressNumber":25,"congressType":"USCongress","startDate":"1837-03-04","endDate":"1839-03-03"},"partyAffiliation":[{"party":{"name":"Whig"}}],"caucusAffiliation":[{"party":{"name":"Whig"}}],"represents":{"regionType":"DistrictRegion","regionCode":"VA"}}},{"job":{"name":"Representative","jobType":"CongressMemberJob"},"startDate":"1839-03-04","startCirca":false,"congressAffiliation":{"congress":{"name":"The 26th United States Congress","congressNumber":26,"congressType":"USCongress","startDate":"1839-12-02","endDate":"1841-03-03"},"partyAffiliation":[{"party":{"name":"Whig"}}],"caucusAffiliation":[{"party":{"name":"Whig"}}],"represents":{"regionType":"DistrictRegion","regionCode":"VA"}}},{"job":{"name":"Representative","jobType":"CongressMemberJob"},"startDate":"1841-03-04","startCirca":false,"congressAffiliation":{"congress":{"name":"The 27th United States Congress","congressNumber":27,"congressType":"USCongress","startDate":"1841-03-04","endDate":"1843-03-03"},"partyAffiliation":[{"party":{"name":"Whig"}}],"caucusAffiliation":[{"party":{"name":"Whig"}}],"represents":{"regionType":"DistrictRegion","regionCode":"VA"}}}],"creativeWork":[],"researchRecord":[{"name":"In the Outerbridge Horsey Collection of Lee, Horsey and Carroll Family Papers; 1684-1834, amount unknown.","recordType":["Papers"],"description":"Persons represented include John Taliaferro.","recordLocation":{"name":"Maryland Historical Society","location":{"addressLocality":"Baltimore","addressRegion":"MD"}}},{"name":"1829, 1 page.","recordType":["Papers"],"description":"A letter from John Quincy Adams to John Taliaferro written on January 20, 1829. In the letter, Adams cites his reasons for not remitting the penalty for mail theft committed by Leland B. Rose: \"among my motives for this seeming inflexibility has been a sense of the danger of making an exception, which would establish a precedent.\"","recordLocation":{"name":"J.S. Copley Library","location":{"addressLocality":"La Jolla","addressRegion":"CA"},"parentRecordLocation":{"name":"The Copley Press","location":{"addressLocality":"La Jolla","addressRegion":"CA"}}}},{"name":"In the James Monroe Financia, ca. 1809-1831, 79 items.","recordType":["Papers"],"description":"Correspondents include John Taliaferro.","recordLocation":{"name":"James Monroe Museum and Memorial Library","location":{"addressLocality":"Fredericksburg","addressRegion":"VA"}}},{"name":"In the James Monroe Virginia General Assembly and U.S. Senate Papers, 1783-1790, 34 items.","recordType":["Papers"],"description":"The papers include John Taliaferro’s letter reporting in 1786 that Monroe lost the election to Daniel Fitzhugh.","recordLocation":{"name":"James Monroe Museum and Memorial Library","location":{"addressLocality":"Fredericksburg","addressRegion":"VA"}}},{"name":"1838, 1 item.","recordType":["Papers"],"description":"A letter from John Taliaferro to Joseph Gales, Jr., written on July 3, 1838. In the letter, Taliaferro writes concerning a dinner invitation.","recordLocation":{"name":"The Morgan Library and Museum","location":{"addressLocality":"New York","addressRegion":"NY"}}},{"name":"In the John Wingate Thornton Papers, 1694-1884, 2 linear feet.","recordType":["Papers"],"description":"Correspondents include John Taliaferro.","recordLocation":{"name":"New England Historic Genealogical Society","location":{"addressLocality":"Boston","addressRegion":"MA"}}},{"name":"In the Samuel L. Southard Papers, ca. 1783-1893, 73.6 linear feet.","recordType":["Papers"],"description":"Persons represented include John Taliaferro.","recordLocation":{"name":"Mudd Manuscript Library","location":{"addressLocality":"Princeton","addressRegion":"NJ"},"parentRecordLocation":{"name":"Princeton University Library","location":{"addressLocality":"Princeton","addressRegion":"NJ"}}}},{"name":"In the Josiah Simpson Papers, 1804-1805, 3 items.","recordType":["Papers"],"description":"Persons represented include John Taliaferro.","recordLocation":{"name":"Southern Historical Collection","location":{"addressLocality":"Chapel Hill","addressRegion":"NC"},"parentRecordLocation":{"name":"University of North Carolina at Chapel Hill","location":{"addressLocality":"Chapel Hill","addressRegion":"NC"}}}},{"name":"In the Conway Family Papers, 1732-1904, 12 items and 3 volumes.","recordType":["Papers"],"description":"Persons represented include John Taliaferro.","recordLocation":{"name":"Albert and Shirley Small Special Collections Library","location":{"addressLocality":"Charlottesville","addressRegion":"VA"},"parentRecordLocation":{"name":"University of Virginia","location":{"addressLocality":"Charlottesville","addressRegion":"VA"}}}},{"name":"In the Miller Family Papers, 1806-1914, 70 items.","recordType":["Papers"],"description":"Correspondents include John Taliaferro.","recordLocation":{"name":"Albert and Shirley Small Special Collections Library","location":{"addressLocality":"Charlottesville","addressRegion":"VA"},"parentRecordLocation":{"name":"University of Virginia","location":{"addressLocality":"Charlottesville","addressRegion":"VA"}}}},{"name":"In the Daniel Webster Collection, 1841-1843, 5 linear feet.","recordType":["Papers"],"description":"Correspondents include John Taliaferro.","recordLocation":{"name":"Robert D. Farber University Archives and Special Collections Department","location":{"addressLocality":"Waltham","addressRegion":"MA"},"parentRecordLocation":{"name":"Brandeis University","location":{"addressLocality":"Waltham","addressRegion":"MA"}}}},{"name":"1 letter.","recordType":["Papers"],"recordLocation":{"name":"Boston Public Library","location":{"addressLocality":"Boston","addressRegion":"MA"}}}],"deleted":false}}
