{"data":{"usCongressBioId":"T000304","familyName":"Tompkins","givenName":"Christopher","honorificPrefix":"Mr.","unaccentedFamilyName":"Tompkins","unaccentedGivenName":"Christopher","birthDate":"1780-03-24","birthCirca":false,"birthDateUnknown":false,"deathDate":"1858-08-09","deathCirca":false,"deathDateUnknown":false,"profileText":"A Representative from Kentucky; born in Green County, Ky., March 24, 1780; completed preparatory studies; studied law; was admitted to the bar and commenced practice in Glasgow; member of the State house of representatives in 1805; elected as an Anti-Jacksonian candidate to the Twenty-second and Twenty-third Congresses (March 4, 1831-March 3, 1835); again a member of the State house of representatives in 1835 and 1836; presidential elector on the Whig ticket in 1837; resumed the practice of law; died in Glasgow, Barren County, Ky., August 9, 1858; interment in the family burying ground at Glasgow.","relationship":[],"asset":[],"jobPositions":[{"job":{"name":"Representative","jobType":"CongressMemberJob"},"startDate":"1831-12-05","startCirca":false,"congressAffiliation":{"congress":{"name":"The 22nd United States Congress","congressNumber":22,"congressType":"USCongress","startDate":"1831-12-05","endDate":"1833-03-02"},"partyAffiliation":[{"party":{"name":"Anti-Jacksonian"}}],"caucusAffiliation":[{"party":{"name":"Anti Jacksonian"}}],"represents":{"regionType":"DistrictRegion","regionCode":"KY"}}},{"job":{"name":"Representative","jobType":"CongressMemberJob"},"startDate":"1833-12-02","startCirca":false,"congressAffiliation":{"congress":{"name":"The 23rd United States Congress","congressNumber":23,"congressType":"USCongress","startDate":"1833-12-02","endDate":"1835-03-03"},"partyAffiliation":[{"party":{"name":"Anti-Jacksonian"}}],"caucusAffiliation":[{"party":{"name":"Anti Jacksonian"}}],"represents":{"regionType":"DistrictRegion","regionCode":"KY"}}}],"creativeWork":[{"freeFormCitationText":"Doutrich, Paul E., III. \"A Pivotal Decision: The 1824 Gubernatorial Election in Kentucky.\" <i> Filson Club Historical Quarterly</i> 56 (January 1982): 14-29."}],"researchRecord":[],"deleted":false}}
