{"data":{"usCongressBioId":"T000390","familyName":"Trumbull","givenName":"Joseph","unaccentedFamilyName":"Trumbull","unaccentedGivenName":"Joseph","birthDate":"1737","birthCirca":false,"deathDate":"1778","deathCirca":false,"profileText":"(Brother of Jonathan Trumbull, Jr.), a Delegate from Connecticut; born in Lebanon, Conn., March 11, 1737; was graduated from Harvard College in 1756; elected to the Continental Congress in 1774, but did not attend; served in the Continental Army as commissary general with the rank of colonel from July 19, 1775, to August 2, 1777; was commissioner of the board of war from 1777 until his resignation in April 1778 on account of ill health; died in Lebanon, Conn., July 23, 1778; interment in the East Cemetery.","relationship":[],"asset":[],"jobPositions":[],"creativeWork":[{"freeFormCitationText":"White, Stephen. <i>Death Dissolves the Nearest and Dearest Relations, and the Closest Connexions [sic] Between men. A Sermon, Occasioned by the Much Lamented Death of Col. Joseph Trumbull, Esq., Who Departed This Life July the 23d, 1778; and Delivered in the First Society in Lebanon, at his Interment, July the 24th</i>. Hartford: Printed by Watson and Goodwin, 1779."}],"researchRecord":[{"name":"1776, 2 items.","recordType":["Papers"],"description":"A letter (18 Apr. 1776) from Joseph Trumball in New York, to Jabez Huntington asking that 500 bushels of salt for pickling pork and beef be sent and saying that flour can picked up by Huntington's son, Joshua.","recordLocation":{"name":"Manuscript Division","location":{"addressLocality":"Washington","addressRegion":"DC"},"parentRecordLocation":{"name":"Library of Congress","location":{"addressLocality":"Washington","addressRegion":"DC"}}}},{"name":"In the Elbridge Gerry Papers, 1948, 1 box.","recordType":["Papers"],"description":"Correspondents include Joseph Trumbull.","recordLocation":{"name":"Manuscript Division","location":{"addressLocality":"Washington","addressRegion":"DC"},"parentRecordLocation":{"name":"Library of Congress","location":{"addressLocality":"Washington","addressRegion":"DC"}}}},{"name":"In the Miscellaneous Manuscripts Collection, 1776, 1 item.","recordType":["Papers"],"description":"A copy of a congressional resolution (1776 Dec. 26) signed by John Hancock empowering Joseph Trumbull as commissary general to acquire flour and the ships with which to transport it from Virginia and other southern states, followed by a copy of an order by Joseph Trumbull to Jeremiah Wadsworth and an order by Wadsworth to Peter Colt for the acquisition of ships.","recordLocation":{"name":"Manuscript Division","location":{"addressLocality":"Washington","addressRegion":"DC"},"parentRecordLocation":{"name":"Library of Congress","location":{"addressLocality":"Washington","addressRegion":"DC"}}}},{"name":"In the Nathaniel Shaw Papers, 1735-1782 and undated, 14 items.","recordType":["Papers"],"description":"Correspondents include Joseph Trumbull.","recordLocation":{"name":"Manuscript Division","location":{"addressLocality":"Washington","addressRegion":"DC"},"parentRecordLocation":{"name":"Library of Congress","location":{"addressLocality":"Washington","addressRegion":"DC"}}}},{"name":"In the Jeremiah Wadsworth Papers, 1775-1833, 89 items.","recordType":["Papers"],"description":"Persons represented include Joseph Trumbull.","recordLocation":{"name":"Manuscript Division","location":{"addressLocality":"Washington","addressRegion":"DC"},"parentRecordLocation":{"name":"Library of Congress","location":{"addressLocality":"Washington","addressRegion":"DC"}}}},{"name":"In the Elbridge Gerry Papers, ca. 1772-1936, 7 boxes.","recordType":["Papers"],"description":"Correspondents include Joseph Trumbull.","recordLocation":{"name":"Massachusetts Historical Society","url":"http://thomasjeffersonpapers.org/independence","location":{"addressLocality":"Boston","addressRegion":"MA"}}},{"name":"1753-1791, 4 boxes.","recordType":["Papers"],"description":"Personal and business correspondence relating to the activities of Joseph Trumbull during the American Revolution. Correspondents include Elisha Avery, Eliphalet Dyer, Eleazer Fitch, Alexander Hamilton, John Hancock, Christopher Leffingwell, Charles Miller, Oliver Phelps and Jonathan Trumbull, Jr.","recordLocation":{"name":"Connecticut Historical Society","location":{"addressLocality":"Hartford","addressRegion":"CT"}}},{"name":"In the William Bryant Papers, 1764, 1 folder.","recordType":["Papers"],"description":"Correspondence from William Bryant to Joseph Trumbull, along with drawings and specifications for a house, the parts of which were to be made in Connecticut and shipped to the West Indies to be built there.","recordLocation":{"name":"Connecticut Historical Society","location":{"addressLocality":"Hartford","addressRegion":"CT"}}},{"name":"In the Jonathan Trumbull Papers, 1637-1787, 12 boxes.","recordType":["Papers"],"description":"Correspondents include Joseph Trumbull.","recordLocation":{"name":"Connecticut Historical Society","location":{"addressLocality":"Hartford","addressRegion":"CT"}}},{"name":"In the Jonathan Trumbull Papers, 1753-1832, 5 volumes.","recordType":["Papers"],"description":"Correspondents include Joseph Trumbull.","recordLocation":{"name":"Connecticut Historical Society","location":{"addressLocality":"Hartford","addressRegion":"CT"}}},{"name":"In the Jeremiah Wadsworth Business and Commissary Records, 1759-1847, 24 linear feet.","recordType":["Papers"],"description":"Correspondents include Joseph Trumbull.","recordLocation":{"name":"Connecticut Historical Society","location":{"addressLocality":"Hartford","addressRegion":"CT"}}},{"name":"In the Williams Family Papers, 1700-1903, 5 boxes.","recordType":["Papers"],"description":"Correspondents include Joseph Trumbull.","recordLocation":{"name":"Connecticut Historical Society","location":{"addressLocality":"Hartford","addressRegion":"CT"}}},{"name":"In the Miscellaneous Manuscripts, 1664-1956, 10 feet.","recordType":["Papers"],"description":"Persons represented inlcude Joseph Trumbull.","recordLocation":{"name":"New Jersey Historical Society","location":{"addressLocality":"Newark","addressRegion":"NJ"}}},{"name":"In the Carpenter Wharton Correspondence, 1776-1777. 0.3 cubic foot.","recordType":["Papers"],"description":"Correspondents include Joseph Trumbull.","recordLocation":{"name":"Carl A. Kroch Library","location":{"addressLocality":"Ithaca","addressRegion":"NY"},"parentRecordLocation":{"name":"Cornell University","location":{"addressLocality":"Ithaca","addressRegion":"NY"}}}},{"name":"In the William D. Faulkner Account Books, 1772-1790, 3 volumes.","recordType":["Papers"],"description":"Persons represented inlcude Joseph Trumbull.","recordLocation":{"name":"The New-York Historical Society","location":{"addressLocality":"New York","addressRegion":"NY"}}},{"name":"In the John Trumbull Papers, 1776-1842, 0.8 linear foot.","recordType":["Papers"],"description":"Correspondents include Joseph Trumbull.","recordLocation":{"name":"The New-York Historical Society","location":{"addressLocality":"New York","addressRegion":"NY"}}},{"name":"In the John Trumbull Papers, 1750-1961, 5.25 linear feet.","recordType":["Papers"],"description":"Correspondents include Joseph Trumbull.","recordLocation":{"name":"Manuscripts and Archives","location":{"addressLocality":"New Haven","addressRegion":"CT"},"parentRecordLocation":{"name":"Yale University Library","location":{"addressLocality":"New Haven","addressRegion":"CT"}}}},{"name":"In the Wadsworth Family Papers, ca. 1745-1914, 0.5 linear foot.","recordType":["Papers"],"description":"Persons represented include Joseph Trumbull.","recordLocation":{"name":"Manuscripts and Archives","location":{"addressLocality":"New Haven","addressRegion":"CT"},"parentRecordLocation":{"name":"Yale University Library","location":{"addressLocality":"New Haven","addressRegion":"CT"}}}}]}}
