{"data":{"usCongressBioId":"T000104","familyName":"Taylor","givenName":"William","honorificPrefix":"Mr.","unaccentedFamilyName":"Taylor","unaccentedGivenName":"William","birthDate":"1788-04-05","birthCirca":false,"deathDate":"1846-01-17","deathCirca":false,"profileText":"A Representative from Virginia; born in Alexandria, Va. (then included in the District of Columbia), April 5, 1788; completed preparatory studies; studied law; was admitted to the bar and commenced practice in Staunton, Va.; moved to Lexington, Va., in 1813; became a member of the bar; Commonwealth attorney for the county court of Rockbridge 1817-1843; Commonwealth attorney for the circuit court of Pocahontas County 1817-1843; member of the house of delegates in 1821; elected as a Democrat to the Twenty-eighth and Twenty-ninth Congresses and served from March 4, 1843, until his death in Washington, D.C., January 17, 1846; chairman, Committee on Accounts (Twenty-eighth and Twenty-ninth Congresses); interment in the Congressional Cemetery.","relationship":[],"asset":[],"jobPositions":[{"job":{"name":"Representative","jobType":"CongressMemberJob"},"startDate":"1843-03-04","startCirca":false,"congressAffiliation":{"congress":{"name":"The 28th United States Congress","congressNumber":28,"congressType":"USCongress","startDate":"1843-12-04","endDate":"1845-03-03"},"partyAffiliation":[{"party":{"name":"Democrat"}}],"caucusAffiliation":[{"party":{"name":"Democrat"}}],"represents":{"regionType":"DistrictRegion","regionCode":"VA"}}},{"job":{"name":"Representative","jobType":"CongressMemberJob"},"startDate":"1845-03-04","startCirca":false,"endDate":"1846-01-17","endCirca":false,"departureReason":"Died","congressAffiliation":{"congress":{"name":"The 29th United States Congress","congressNumber":29,"congressType":"USCongress","startDate":"1845-03-04","endDate":"1847-03-03"},"departureReason":"Died","partyAffiliation":[{"party":{"name":"Democrat"}}],"caucusAffiliation":[{"party":{"name":"Democrat"}}],"represents":{"regionType":"DistrictRegion","regionCode":"VA"},"note":[{"type":"Note","noteType":"FootNote","content":"Died January 17, 1846."}]}}],"creativeWork":[],"researchRecord":[]}}
