{"data":{"usCongressBioId":"T000270","familyName":"Tilden","givenName":"Daniel","middleName":"Rose","honorificPrefix":"Mr.","unaccentedFamilyName":"Tilden","unaccentedGivenName":"Daniel","unaccentedMiddleName":"Rose","birthDate":"1804-11-05","birthCirca":false,"deathDate":"1890-03-04","deathCirca":false,"profileText":"A Representative from Ohio; born in Lebanon, Conn., November 5, 1804; attended the public schools; resided several years in Virginia and South Carolina; moved to Garrettsville, Ohio, about 1828, and thence to Warren, Ohio; studied law; was admitted to the bar in 1836 and commenced practice in Ravenna, Portage County, Ohio; prosecuting attorney of Portage County 1838-1841; elected as a Whig to the Twenty-eighth and Twenty-ninth Congresses (March 4, 1843-March 3, 1847); delegate to the Whig National Convention in 1848 and 1852; moved to Cleveland, Ohio, in 1852; elected probate judge of Cuyahoga County and served from 1855 to 1888; died in Cleveland, Ohio, March 4, 1890; remains were cremated at Buffalo, N.Y., and the ashes deposited in the Buffalo Crematory.","relationship":[],"asset":[],"jobPositions":[{"job":{"name":"Representative","jobType":"CongressMemberJob"},"startDate":"1843-03-04","startCirca":false,"congressAffiliation":{"congress":{"name":"The 28th United States Congress","congressNumber":28,"congressType":"USCongress","startDate":"1843-12-04","endDate":"1845-03-03"},"partyAffiliation":[{"party":{"name":"Whig"}}],"caucusAffiliation":[{"party":{"name":"Whig"}}],"represents":{"regionType":"DistrictRegion","regionCode":"OH"}}},{"job":{"name":"Representative","jobType":"CongressMemberJob"},"startDate":"1845-03-04","startCirca":false,"congressAffiliation":{"congress":{"name":"The 29th United States Congress","congressNumber":29,"congressType":"USCongress","startDate":"1845-03-04","endDate":"1847-03-03"},"partyAffiliation":[{"party":{"name":"Whig"}}],"caucusAffiliation":[{"party":{"name":"Whig"}}],"represents":{"regionType":"DistrictRegion","regionCode":"OH"}}}],"creativeWork":[{"freeFormCitationText":"Tilden, Daniel Rose. <i>Speech of Mr. Daniel R. Tilden, of Ohio, on the Mexican war. Delivered in the House of Representatives, Tuesday, July 14, 1846</i>. Washington: Printed at the Office of Blair and Rives, 1846."}],"researchRecord":[{"name":"In the Elisha Whittlesey Papers, 1783-1863, 32 linear feet.","recordType":["Papers"],"description":"Other authors include Daniel Rose Tilden.","recordLocation":{"name":"Western Reserve Historical Society Library","location":{"addressLocality":"Cleveland","addressRegion":"OH"}}}]}}
