{"data":{"usCongressBioId":"T000037","familyName":"Tanner","givenName":"Adolphus","middleName":"Hitchcock","honorificPrefix":"Mr.","unaccentedFamilyName":"Tanner","unaccentedGivenName":"Adolphus","unaccentedMiddleName":"Hitchcock","birthDate":"1833-05-23","birthCirca":false,"deathDate":"1882-01-14","deathCirca":false,"profileText":"A Representative from New York; born in Granville, Washington County, N.Y., May 23, 1833; completed preparatory studies; studied law; was admitted to the bar in 1854 and commenced practice in Whitehall, N.Y.; during the Civil War entered the Union Army in 1862 as a captain; was subsequently commissioned lieutenant colonel of the One Hundred and Twenty-third Regiment, New York Volunteer Infantry, and served until the close of the war; elected as a Republican to the Forty-first Congress (March 4, 1869-March 3, 1871); resumed the practice of law in Whitehall, Washington County, N.Y., and died there January 14, 1882; interment in Evergreen Cemetery, Salem, N.Y.","relationship":[],"asset":[],"jobPositions":[{"job":{"name":"Representative","jobType":"CongressMemberJob"},"startDate":"1869-03-04","startCirca":false,"congressAffiliation":{"congress":{"name":"The 41st United States Congress","congressNumber":41,"congressType":"USCongress","startDate":"1869-03-04","endDate":"1871-03-03"},"partyAffiliation":[{"party":{"name":"Republican"}}],"caucusAffiliation":[{"party":{"name":"Republican"}}],"represents":{"regionType":"DistrictRegion","regionCode":"NY"}}}],"creativeWork":[],"researchRecord":[],"deleted":false}}
