{"data":{"usCongressBioId":"T000040","familyName":"Tappan","givenName":"Mason","middleName":"Weare","honorificPrefix":"Mr.","unaccentedFamilyName":"Tappan","unaccentedGivenName":"Mason","unaccentedMiddleName":"Weare","birthDate":"1817-10-20","birthCirca":false,"birthDateUnknown":false,"deathDate":"1886-10-25","deathCirca":false,"deathDateUnknown":false,"profileText":"A Representative from New Hampshire; born in Newport, Sullivan County, N.H., October 20, 1817; moved to Bradford, N.H., with his parents; attended private schools and the Hopkinton and Meriden Academies; studied law; was admitted to the bar in 1841 and commenced practice in Bradford, N.H.; served in the state house of representatives 1853-1855; elected as an American to the Thirty-fourth Congress and reelected as a Republican to the Thirty-fifth and Thirty-sixth Congresses (March 4, 1855-March 3, 1861); chairman, Committee on Claims (Thirty-sixth Congress); was not a candidate for renomination in 1860; during the Civil War served in the Union Army as colonel of the First Regiment, New Hampshire Volunteer Infantry; again a member of the state house of representatives in 1860 and 1861; resumed the practice of law; appointed attorney general of the state in 1876, which position he held until his death in Bradford, Merrimack County, N.H., October 25, 1886; interment in Pleasant Hill Cemetery.","relationship":[],"asset":[],"jobPositions":[{"job":{"name":"Representative","jobType":"CongressMemberJob"},"startDate":"1855-03-04","startCirca":false,"endCirca":false,"congressAffiliation":{"congress":{"name":"The 34th United States Congress","congressNumber":34,"congressType":"USCongress","startDate":"1855-12-03","endDate":"1857-03-03"},"partyAffiliation":[{"party":{"name":"American"},"startCirca":false,"endCirca":false}],"caucusAffiliation":[{"party":{"name":"American"},"startCirca":false,"endCirca":false}],"represents":{"regionType":"DistrictRegion","regionCode":"NH"}}},{"job":{"name":"Representative","jobType":"CongressMemberJob"},"startDate":"1857-03-04","startCirca":false,"congressAffiliation":{"congress":{"name":"The 35th United States Congress","congressNumber":35,"congressType":"USCongress","startDate":"1857-03-04","endDate":"1859-03-03"},"partyAffiliation":[{"party":{"name":"Republican"}}],"caucusAffiliation":[{"party":{"name":"Republican"}}],"represents":{"regionType":"DistrictRegion","regionCode":"NH"}}},{"job":{"name":"Representative","jobType":"CongressMemberJob"},"startDate":"1859-03-04","startCirca":false,"congressAffiliation":{"congress":{"name":"The 36th United States Congress","congressNumber":36,"congressType":"USCongress","startDate":"1859-03-04","endDate":"1861-03-03"},"partyAffiliation":[{"party":{"name":"Republican"}}],"caucusAffiliation":[{"party":{"name":"Republican"}}],"represents":{"regionType":"DistrictRegion","regionCode":"NH"}}}],"creativeWork":[],"researchRecord":[{"name":"1857-1865, 13 items.","recordType":["Papers"],"description":"These letters are addressed to Mason W. Tappan primarily concerning Republican politics. Correspondents include N.H. senator John Parker Hale, William E. Chandler, Daniel Dewey Barnard, Senator Aaron Harrison Cragin, and Amos Tuck. Also includes letters on legal matters from U.S. Attorney General Caleb Cushing.","recordLocation":{"name":"Rare Book, Manuscript, and Special Collections Library","location":{"addressLocality":"Durham","addressRegion":"NC"},"parentRecordLocation":{"name":"Duke University Libraries","location":{"addressLocality":"Durham","addressRegion":"NC"}}}},{"name":"1859, 1 page.","recordType":["Papers"],"description":"A letter from Albert G. Browne to Mason W. Tappan written on December 9, 1859. In the letter, Browne writes to ask Mason Tappan his opinion about issuing subpoenas for witnesses in the treason trial of one Stevens, in the U.S. District Court for Virginia.","recordLocation":{"name":"Law School Library","location":{"addressLocality":"Cambridge","addressRegion":"MA"},"parentRecordLocation":{"name":"Harvard University","location":{"addressLocality":"Cambridge","addressRegion":"MA"}}}},{"name":"ca. 1846-1869, 2 boxes.","recordType":["Papers"],"description":"Chiefly correspondence, arranged chronologically, relating to Mason Tappan's service as colonel with New Hampshire Volunteers, 1st Regiment, his practice of law in Bradford, and activities as state legislator and U.S. representative; and other materials. Correspondents include Samuel D. Bell, William E. Chandler, Jacob Ela, George C. Fogg, Joseph A. Gilmore, William H. Gove, Gilman Marston, Larking D. Mason, Austin F. Pike, Oliver Pillsbury, E.H. Rollins, and Amos Tuck. A finding aid is available in the repository.","recordLocation":{"name":"New Hampshire Historical Society Library","location":{"addressLocality":"Concord","addressRegion":"NH"}}},{"name":"In the Jonathan Eastman Pecker Papers, 1839-1893, approximately 100 items.","recordType":["Papers"],"description":"Correspondents include Mason Tappan.","recordLocation":{"name":"New Hampshire Historical Society Library","location":{"addressLocality":"Concord","addressRegion":"NH"}}},{"name":"In the George Gilman Fogg Papers, 1831-1881, 2 boxes.","recordType":["Papers"],"description":"Correspondents include Mason Tappan.","recordLocation":{"name":"New Hampshire Historical Society Library","location":{"addressLocality":"Concord","addressRegion":"NH"}}},{"name":"In the Canterbury, N.H., Single-sheet Manuscripts, 1849-1926, 0.5 box.","recordType":["Papers"],"description":"Correspondents include Mason Tappan.","recordLocation":{"name":"Shaker Library","location":{"addressLocality":"New Gloucester","addressRegion":"ME"},"parentRecordLocation":{"name":"United Society of Shakers","location":{"addressLocality":"New Gloucester","addressRegion":"ME"}}}},{"name":"In the Levi W. Stratton Papers, 1838-1878, 28 items and 1 oversize item.","recordType":["Papers"],"description":"Correspondents include Mason Tappan.","recordLocation":{"name":"Minnesota Historical Society","location":{"addressLocality":"St. Paul","addressRegion":"MN"}}}],"deleted":false}}
