{"data":{"usCongressBioId":"T000084","familyName":"Taylor","givenName":"John","honorificPrefix":"Mr.","unaccentedFamilyName":"Taylor","unaccentedGivenName":"John","birthCirca":false,"birthDateUnknown":true,"deathCirca":false,"deathDateUnknown":true,"profileText":"A Representative from South Carolina; birth date unknown; member of the South Carolina state house of representatives, 1802-1805; elected as a Democratic Republican to the Fourteenth Congress (March 4, 1815-March 3, 1817); unsuccessful candidate for reelection to the Fifteenth Congress in 1816 and for election to the Seventeenth Congress in 1820; death date unknown.","relationship":[],"asset":[],"jobPositions":[{"job":{"name":"Representative","jobType":"CongressMemberJob"},"startDate":"1815-12-04","startCirca":false,"endCirca":false,"congressAffiliation":{"congress":{"name":"The 14th United States Congress","congressNumber":14,"congressType":"USCongress","startDate":"1815-12-04","endDate":"1817-03-03"},"partyAffiliation":[{"party":{"name":"Democratic Republican"},"startCirca":false,"endCirca":false}],"caucusAffiliation":[{"party":{"name":"Democratic Republican"},"startCirca":false,"endCirca":false}],"represents":{"regionType":"DistrictRegion","regionCode":"SC"}}}],"creativeWork":[],"researchRecord":[],"deleted":false}}
