{"data":{"usCongressBioId":"T000174","familyName":"Thomas","givenName":"John","middleName":"Lewis","honorificPrefix":"Mr.","honorificSuffix":"Jr.","unaccentedFamilyName":"Thomas","unaccentedGivenName":"John","unaccentedMiddleName":"Lewis","birthDate":"1835-05-20","birthCirca":false,"deathDate":"1893-10-15","deathCirca":false,"profileText":"A Representative from Maryland; born in Baltimore, Md., May 20, 1835; completed preparatory studies; studied law; was admitted to the bar in 1856 and commenced practice in Cumberland, Md.; city counselor of Cumberland in 1856 and 1857; moved to Baltimore, Md., in 1857 and continued the practice of law; city solicitor of Baltimore 1860-1862; delegate to the State constitutional convention in 1863; State's attorney 1863-1865; elected as an Unconditional Unionist to the Thirty-ninth Congress to fill the vacancy caused by the resignation of Edwin H. Webster and served from December 4, 1865, to March 3, 1867; was an unsuccessful Republican candidate for reelection in 1866 to the Fortieth Congress; collector of the port of Baltimore, Md., from 1869 to 1873, and from 1877 to 1882; died in Baltimore, Md., on October 15, 1893; interment in Greenmount Cemetery.","relationship":[],"asset":[],"jobPositions":[{"job":{"name":"Representative","jobType":"CongressMemberJob"},"startDate":"1865-12-04","startCirca":false,"congressAffiliation":{"congress":{"name":"The 39th United States Congress","congressNumber":39,"congressType":"USCongress","startDate":"1865-03-04","endDate":"1867-03-03"},"partyAffiliation":[{"party":{"name":"Unconditional Unionist"}}],"caucusAffiliation":[{"party":{"name":"Unconditional Unionist"}}],"represents":{"regionType":"DistrictRegion","regionCode":"MD"},"note":[{"type":"Note","noteType":"FootNote","content":"Elected to fill vacancy caused by resignation of Edwin H. Webster, and took his seat December 4, 1865"}]}}],"creativeWork":[],"researchRecord":[{"name":"1770, 1806-1921. ca. 7 feet.","recordType":["Papers"],"description":"Official and family correspondence and diaries.","recordLocation":{"name":"Maryland Historical Society","location":{"addressLocality":"Baltimore","addressRegion":"MD"}}},{"name":"In the Charles Lanman papers, 1823-1868. 1 foot.","recordType":["Papers"],"description":"Autobiographical or biographical letter. Unpublished inventory in library.","recordLocation":{"name":"McKeldin Library","location":{"addressLocality":"College Park","addressRegion":"MD"},"parentRecordLocation":{"name":"University of Maryland","location":{"addressLocality":"College Park","addressRegion":"MD"}}}},{"name":"In the John Lewis Thomas Papers Relating to the Northern Pacific Railroad, 1878-1884, 1.1 linear foot.","recordType":["Papers"],"description":"Souvenir programs, menus, tickets, and a scrapbook containing newspaper clippings of articles about the trip written by John Lewis Thomas, maps, and photographs of the excursion made by F. Jay Haynes, who served as official photographer to the Northern Pacific. Photographs depict Crow Indians; Bismarck and Fargo, North Dakota; Butte, Montana; Seattle, Washington; Portland, Oregon; the Columbia River; and Victoria, British Columbia.","recordLocation":{"name":"Beinecke Rare Book & Manuscript Library","location":{"addressLocality":"New Haven","addressRegion":"CT"},"parentRecordLocation":{"name":"Yale University Library","location":{"addressLocality":"New Haven","addressRegion":"CT"}}}}]}}
