{"data":{"usCongressBioId":"T000117","familyName":"Teller","givenName":"Isaac","honorificPrefix":"Mr.","unaccentedFamilyName":"Teller","unaccentedGivenName":"Isaac","birthDate":"1799-02-07","birthCirca":false,"deathDate":"1868-04-30","deathCirca":false,"profileText":"A Representative from New York; born in Matteawan, Dutchess County, N.Y., February 7, 1799; completed preparatory studies; held several local offices; elected as a Whig to the Thirty-third Congress to fill the vacancy caused by the resignation of Gilbert Dean and served from November 7, 1854, to March 3, 1855; engaged in agricultural pursuits; died in Matteawan (now Beacon), N.Y., April 30, 1868; interment in the Rural Cemetery, Fishkill, Dutchess County, N.Y.","relationship":[{"relationshipType":"nephew","relatedTo":{"usCongressBioId":"S000115","familyName":"Schenck","givenName":"Abraham","middleName":"Henry","honorificPrefix":"Mr.","unaccentedFamilyName":"Schenck","unaccentedGivenName":"Abraham","unaccentedMiddleName":"Henry","birthDate":"1775-01-22","birthCirca":false,"birthDateUnknown":false,"deathDate":"1831-06-01","deathCirca":false,"deathDateUnknown":false,"deleted":false}}],"asset":[],"jobPositions":[{"job":{"name":"Representative","jobType":"CongressMemberJob"},"startDate":"1854-11-07","startCirca":false,"congressAffiliation":{"congress":{"name":"The 33rd United States Congress","congressNumber":33,"congressType":"USCongress","startDate":"1853-03-04","endDate":"1855-03-03"},"partyAffiliation":[{"party":{"name":"Whig"}}],"caucusAffiliation":[{"party":{"name":"Whig"}}],"represents":{"regionType":"DistrictRegion","regionCode":"NY"},"note":[{"type":"Note","noteType":"FootNote","content":"Elected to fill vacancy caused by resignation of Gilbert Dean, and took his seat December 4, 1854."}]}}],"creativeWork":[],"researchRecord":[{"name":"1848-1854. 9 letters.","recordType":["Papers"],"description":"Finding aid in repository.","recordLocation":{"name":"New-York Historical Society","location":{"addressLocality":"New York","addressRegion":"NY"}}},{"name":"In the Teller Family Papers, 1690-1926, .3 cubic foot.","recordType":["Papers"],"description":"Persons represented include Isaac Teller.","recordLocation":{"name":"Dutchess County Historical Society","location":{"addressLocality":"Poughkeepsie","addressRegion":"NY"}}}]}}
