{"data":{"usCongressBioId":"T000042","familyName":"Tarr","givenName":"Christian","honorificPrefix":"Mr.","unaccentedFamilyName":"Tarr","unaccentedGivenName":"Christian","birthDate":"1765-05-25","birthCirca":false,"birthDateUnknown":false,"deathDate":"1833-02-24","deathCirca":false,"deathDateUnknown":false,"profileText":"A Representative from Pennsylvania; born in Baltimore, Md., May 25, 1765; received a limited schooling; moved to Westmoreland County, Pa., in 1794 and engaged in agricultural pursuits; engaged in the manufacture of pottery in Fayette County, Pa.; elected as a Democratic Republican to the Fifteenth and Sixteenth Congresses (March 4, 1817-March 3, 1821); member of the Pennsylvania state house of representatives in 1821 and 1822; appointed on October 31, 1827, superintendent of the road which had been built by the United States Government from Cumberland, Md., to Wheeling, Va. (now West Virginia), and served until March 20, 1829; died in Washington Township, Fayette County, Pa., February 24, 1833; interment in the Methodist Graveyard, Brownsville, Pa.","relationship":[],"asset":[],"jobPositions":[{"job":{"name":"Representative","jobType":"CongressMemberJob"},"startDate":"1817-12-01","startCirca":false,"endCirca":false,"congressAffiliation":{"congress":{"name":"The 15th United States Congress","congressNumber":15,"congressType":"USCongress","startDate":"1817-03-04","endDate":"1819-03-03"},"partyAffiliation":[{"party":{"name":"Democratic Republican"},"startCirca":false,"endCirca":false}],"caucusAffiliation":[{"party":{"name":"Democratic Republican"},"startCirca":false,"endCirca":false}],"represents":{"regionType":"DistrictRegion","regionCode":"PA"}}},{"job":{"name":"Representative","jobType":"CongressMemberJob"},"startDate":"1819-12-06","startCirca":false,"endCirca":false,"congressAffiliation":{"congress":{"name":"The 16th United States Congress","congressNumber":16,"congressType":"USCongress","startDate":"1819-12-06","endDate":"1821-03-03"},"partyAffiliation":[{"party":{"name":"Democratic Republican"},"startCirca":false,"endCirca":false}],"caucusAffiliation":[{"party":{"name":"Democratic Republican"},"startCirca":false,"endCirca":false}],"represents":{"regionType":"DistrictRegion","regionCode":"PA"}}}],"creativeWork":[],"researchRecord":[],"deleted":false}}
