{"data":{"usCongressBioId":"T000136","familyName":"Terry","givenName":"William","unaccentedFamilyName":"Terry","unaccentedGivenName":"William","birthDate":"1824","birthCirca":false,"deathDate":"1888","deathCirca":false,"profileText":"A Representative from Virginia; born in Amherst County, Va., August 14, 1824; attended an ``old field school'' in Amherst County; was graduated from the University of Virginia at Charlottesville in 1848; taught school; studied law; was admitted to the bar in 1851 and commenced practice in Wytheville, Va.; engaged in newspaper work; served in the Confederate Army as a lieutenant in the Fourth Regiment, Virginia Infantry; promoted to major in 1862, colonel in February 1864, and commissioned brigadier general May 20, 1864; resumed the practice of law in Wytheville; elected as a Democrat to the Forty-second Congress (March 4, 1871-March 3, 1873); unsuccessful candidate for renomination in 1872; elected to the Forty-fourth Congress (March 4, 1875-March 3, 1877); unsuccessful candidate for renomination in 1876; delegate to the Democratic National Convention in 1880; resumed the practice of law; drowned while trying to ford Reed Creek, near Wytheville, Va., September 5, 1888; interment in East End Cemetery, Wytheville, Va.","relationship":[],"asset":[],"jobPositions":[{"job":{"name":"Representative","jobType":"CongressMemberJob"},"congressAffiliation":{"congress":{"name":"The 42nd United States Congress","congressNumber":42,"congressType":"USCongress","startDate":"1871-03-04","endDate":"1873-03-03"},"partyAffiliation":[{"party":{"name":"Democrat"}}],"caucusAffiliation":[{"party":{"name":"Democrat"}}],"represents":{"regionType":"StateRegion","regionCode":"VA"}}},{"job":{"name":"Representative","jobType":"CongressMemberJob"},"congressAffiliation":{"congress":{"name":"The 44th United States Congress","congressNumber":44,"congressType":"USCongress","startDate":"1875-03-05","endDate":"1877-03-04"},"partyAffiliation":[{"party":{"name":"Democrat"}}],"caucusAffiliation":[{"party":{"name":"Democrat"}}],"represents":{"regionType":"StateRegion","regionCode":"VA"}}}],"creativeWork":[],"researchRecord":[]}}
