{"data":{"usCongressBioId":"T000135","familyName":"Terry","givenName":"Nathaniel","honorificPrefix":"Mr.","unaccentedFamilyName":"Terry","unaccentedGivenName":"Nathaniel","birthDate":"1768-01-30","birthCirca":false,"deathDate":"1844-06-14","deathCirca":false,"profileText":"A Representative from Connecticut; born in Enfield, Conn., January 30, 1768; attended the common schools, Dartmouth College, and was graduated from Yale College in 1786; studied law; was admitted to the bar in 1790 and commenced practice in Enfield; moved to Hartford in 1796; commander of the Governor's Foot Guard of Hartford 1802-1813; judge of the Hartford County Court from 1807 to 1809, when he resigned; member of the State house of representatives 1804-1815; elected as a Federalist to the Fifteenth Congress (March 4, 1817-March 3, 1819); member of the State constitutional convention in 1818; president of the Hartford Fire Insurance Co. 1810-1835; president of the Hartford Bank 1819-1828; mayor of Hartford 1824-1831; served as a general in the State militia; died in New Haven, Conn., June 14, 1844; interment in Old North (Spring Grove) Cemetery, Hartford, Conn.","relationship":[],"asset":[],"jobPositions":[{"job":{"name":"Representative","jobType":"CongressMemberJob"},"startDate":"1817-12-01","startCirca":false,"congressAffiliation":{"congress":{"name":"The 15th United States Congress","congressNumber":15,"congressType":"USCongress","startDate":"1817-03-04","endDate":"1819-03-03"},"partyAffiliation":[{"party":{"name":"Federalist"}}],"caucusAffiliation":[{"party":{"name":"Federalist"}}],"represents":{"regionType":"StateRegion","regionCode":"CT"}}}],"creativeWork":[],"researchRecord":[{"name":"1813. 1 commission.","recordType":["Papers"],"recordLocation":{"name":"Connecticut State Library","location":{"addressLocality":"Hartford","addressRegion":"CT"}}},{"name":"1810, 1 page.","recordType":["Papers"],"description":"A letter from John Treadwell to Nathaniel Terry written on May 2, 1810. In the letter, Treadwell states policy on discharges from the militia for medical reasons.","recordLocation":{"name":"Connecticut Historical Society","location":{"addressLocality":"Hartford","addressRegion":"CT"}}},{"name":"In the Connecticut State Corps Records, 1805-1815, 2 boxes.","recordType":["Papers"],"description":"The papers include military correspondence of Nathaniel Terry and returns, muster, pay and receipt rolls for troops under his command.","recordLocation":{"name":"Connecticut Historical Society","location":{"addressLocality":"Hartford","addressRegion":"CT"}}},{"name":"In the Hartford Bank Records, 1792-1801, 1 folder.","recordType":["Papers"],"description":"Persons represented include Nathaniel Terry.","recordLocation":{"name":"Connecticut Historical Society","location":{"addressLocality":"Hartford","addressRegion":"CT"}}},{"name":"In the John Cotton Smith Letters, 1813-1814, 3 items.","recordType":["Papers"],"description":"Letters from John Cotton Smith to Nathaniel Terry containing suggestions and policies in regard to the Governor's Foot Guards; requests meeting of the Council of Safety.","recordLocation":{"name":"Connecticut Historical Society","location":{"addressLocality":"Hartford","addressRegion":"CT"}}},{"name":"In the John Cotton Smith Personal, Legal and Political Papers, 1788-1845, 5 linear feet.","recordType":["Papers"],"description":"Correspondents include Nathaniel Terry.","recordLocation":{"name":"Connecticut Historical Society","location":{"addressLocality":"Hartford","addressRegion":"CT"}}},{"name":"In the Terry and Bacon Families Papers, 1789-1919, 2 linear feet.","recordType":["Papers"],"description":"Other authors include Nathaniel Terry.","recordLocation":{"name":"Connecticut Historical Society","location":{"addressLocality":"Hartford","addressRegion":"CT"}}},{"name":"In the Wadsworth and Terry Family Papers, 1753-1866, 1.25 linear feet.","recordType":["Papers"],"description":"Correspondents include Nathaniel Terry.","recordLocation":{"name":"Connecticut Historical Society","location":{"addressLocality":"Hartford","addressRegion":"CT"}}}]}}
