{"data":{"usCongressBioId":"T000209","familyName":"Thompson","givenName":"John","middleName":"McCandless","unaccentedFamilyName":"Thompson","unaccentedGivenName":"John","unaccentedMiddleName":"McCandless","birthDate":"1829-01-04","birthCirca":false,"deathDate":"1903-09-08","deathCirca":false,"profileText":"a Representative from Pennsylvania; born near Butler, Butler County, Pa., January 4, 1829; attended the common schools and Witherspoon Institute; studied law; was admitted to the bar in 1854 and began practice in Butler, Pa.; member of the State house of representatives in 1859 and 1860; entered the Union Army during the Civil War and served as major and subsequently as lieutenant colonel of the One Hundred and Thirty-fourth Regiment, Pennsylvania Volunteer Infantry; delegate to the Republican National Convention in 1868; elected as a Republican to the Forty-third Congress, by special election, to fill the vacancy caused by the resignation of United States Representative Ebenezer McJunkin and served from January 5, 1875, to March 3, 1875; was successfully re-elected to the Forty-fifth Congress (March 4, 1877-March 3, 1879); was not a candidate for renomination in 1878; resumed the practice of his profession; died in Butler, Pa., September 8, 1903; interment in Butler Cemetery.","relationship":[{"relatedTo":{"usCongressBioId":"T000224","familyName":"Thompson","givenName":"William","middleName":"George","unaccentedFamilyName":"Thompson","unaccentedGivenName":"William","unaccentedMiddleName":"George","birthDate":"1830-01-17","birthCirca":false,"deathDate":"1911-04-02","deathCirca":false,"deleted":false},"relationshipType":"brother"}],"asset":[],"jobPositions":[{"job":{"name":"Representative","jobType":"CongressMemberJob"},"congressAffiliation":{"congress":{"name":"The 43rd United States Congress","congressNumber":43,"congressType":"USCongress","startDate":"1873-03-04","endDate":"1875-03-03"},"partyAffiliation":[{"party":{"name":"Republican"}}],"caucusAffiliation":[{"party":{"name":"Republican"}}],"represents":{"regionType":"StateRegion","regionCode":"PA"}}},{"job":{"name":"Representative","jobType":"CongressMemberJob"},"congressAffiliation":{"congress":{"name":"The 45th United States Congress","congressNumber":45,"congressType":"USCongress","startDate":"1877-03-05","endDate":"1879-03-03"},"partyAffiliation":[{"party":{"name":"Republican"}}],"caucusAffiliation":[{"party":{"name":"Republican"}}],"represents":{"regionType":"StateRegion","regionCode":"PA"}}}],"creativeWork":[],"researchRecord":[],"deleted":false}}
