{"data":{"usCongressBioId":"T000240","familyName":"Thornton","givenName":"Anthony","honorificPrefix":"Mr.","unaccentedFamilyName":"Thornton","unaccentedGivenName":"Anthony","birthDate":"1814-11-09","birthCirca":false,"deathDate":"1904-09-10","deathCirca":false,"profileText":"A Representative from Illinois; born near Paris, Bourbon County, Ky., November 9, 1814; attended the common schools and Centre College, Danville, Ky.; was graduated from Miami University, Ohio, in 1834; studied law; was admitted to the bar and commenced practice in Shelbyville, Ill., in 1836; major of militia during the war with Mexico; delegate to the State constitutional conventions in 1847 and 1862; member of the State house of representatives in 1850; elected as a Democrat to the Thirty-ninth Congress (March 4, 1865-March 3, 1867); was not a candidate for renomination in 1866; resumed the practice of law; justice of the supreme court of Illinois from 1870 to 1873, when he resigned; president of the State bar association for four terms; chairman of the State board of arbitration 1895-1897; died in Shelbyville, Shelby County, Ill., on September 10, 1904; interment in Glenwood Cemetery.","relationship":[],"asset":[],"jobPositions":[{"job":{"name":"Representative","jobType":"CongressMemberJob"},"startDate":"1865-03-04","startCirca":false,"congressAffiliation":{"congress":{"name":"The 39th United States Congress","congressNumber":39,"congressType":"USCongress","startDate":"1865-03-04","endDate":"1867-03-03"},"partyAffiliation":[{"party":{"name":"Democrat"}}],"caucusAffiliation":[{"party":{"name":"Democrat"}}],"represents":{"regionType":"DistrictRegion","regionCode":"IL"}}}],"creativeWork":[],"researchRecord":[{"name":"In the David Davis Papers, 1843-1883, 6 items.","recordType":["Papers"],"description":"Correspondents include Anthony Thornton.","recordLocation":{"name":"Abraham Lincoln Presidential Library","location":{"addressLocality":"Springfield","addressRegion":"IL"}}},{"name":"In the Charles Lanman collection.","recordType":["Papers"],"description":"Autobiographical or biographical sketch. Unpublished finding aid in repository.","recordLocation":{"name":"Filson Club Historical Society","location":{"addressLocality":"Louisville","addressRegion":"KY"}}}]}}
