{"data":{"usCongressBioId":"T000368","familyName":"Trigg","givenName":"Abram","honorificPrefix":"Mr.","unaccentedFamilyName":"Trigg","unaccentedGivenName":"Abram","birthDate":"1750","birthCirca":false,"birthDateUnknown":false,"deathCirca":false,"deathDateUnknown":true,"profileText":"a Representative from Virginia; born on his father's estate, near Old Liberty (now Bedford), Va., in 1750; completed academic studies; studied law; was admitted to the bar and commenced practice in Montgomery County, Va.; lived on his estate, \"Buchanan's Bottom,\" on New River; held local offices, such as clerk and judge, and various other offices in Montgomery County; served in the Revolutionary War as lieutenant colonel of militia in 1782 and later as general of militia in Virginia; delegate to the Virginia state ratification convention of 1788; elected as a Democratic Republican to the Fifth and to the five succeeding Congresses (March 4, 1797-March 3, 1809); died and was buried on the family estate; death date unknown.","relationship":[{"relationshipType":"brother","relatedTo":{"usCongressBioId":"T000370","familyName":"Trigg","givenName":"John","middleName":"Johns","honorificPrefix":"Mr.","unaccentedFamilyName":"Trigg","unaccentedGivenName":"John","unaccentedMiddleName":"Johns","birthDate":"1748","birthCirca":false,"birthDateUnknown":false,"deathDate":"1804-05-17","deathCirca":false,"deathDateUnknown":false,"deleted":false}}],"asset":[],"jobPositions":[{"job":{"name":"Representative","jobType":"CongressMemberJob"},"startDate":"1797-05-15","startCirca":false,"endCirca":false,"congressAffiliation":{"congress":{"name":"The 5th United States Congress","congressNumber":5,"congressType":"USCongress","startDate":"1797-03-04","endDate":"1799-03-03"},"partyAffiliation":[{"party":{"name":"Democratic Republican"},"startCirca":false,"endCirca":false}],"caucusAffiliation":[{"party":{"name":"Democratic Republican"},"startCirca":false,"endCirca":false}],"represents":{"regionType":"DistrictRegion","regionCode":"VA"}}},{"job":{"name":"Representative","jobType":"CongressMemberJob"},"startDate":"1799-12-02","startCirca":false,"endCirca":false,"congressAffiliation":{"congress":{"name":"The 6th United States Congress","congressNumber":6,"congressType":"USCongress","startDate":"1799-12-02","endDate":"1801-03-03"},"partyAffiliation":[{"party":{"name":"Democratic Republican"},"startCirca":false,"endCirca":false}],"caucusAffiliation":[{"party":{"name":"Democratic Republican"},"startCirca":false,"endCirca":false}],"represents":{"regionType":"DistrictRegion","regionCode":"VA"}}},{"job":{"name":"Representative","jobType":"CongressMemberJob"},"startDate":"1801-12-07","startCirca":false,"endCirca":false,"congressAffiliation":{"congress":{"name":"The 7th United States Congress","congressNumber":7,"congressType":"USCongress","startDate":"1801-03-04","endDate":"1803-03-03"},"partyAffiliation":[{"party":{"name":"Democratic Republican"},"startCirca":false,"endCirca":false}],"caucusAffiliation":[{"party":{"name":"Democratic Republican"},"startCirca":false,"endCirca":false}],"represents":{"regionType":"DistrictRegion","regionCode":"VA"}}},{"job":{"name":"Representative","jobType":"CongressMemberJob"},"startDate":"1803-10-17","startCirca":false,"endCirca":false,"congressAffiliation":{"congress":{"name":"The 8th United States Congress","congressNumber":8,"congressType":"USCongress","startDate":"1803-10-17","endDate":"1805-03-03"},"partyAffiliation":[{"party":{"name":"Democratic Republican"},"startCirca":false,"endCirca":false}],"caucusAffiliation":[{"party":{"name":"Democratic Republican"},"startCirca":false,"endCirca":false}],"represents":{"regionType":"DistrictRegion","regionCode":"VA"}}},{"job":{"name":"Representative","jobType":"CongressMemberJob"},"startDate":"1805-12-02","startCirca":false,"endCirca":false,"congressAffiliation":{"congress":{"name":"The 9th United States Congress","congressNumber":9,"congressType":"USCongress","startDate":"1805-12-02","endDate":"1807-03-03"},"partyAffiliation":[{"party":{"name":"Democratic Republican"},"startCirca":false,"endCirca":false}],"caucusAffiliation":[{"party":{"name":"Democratic Republican"},"startCirca":false,"endCirca":false}],"represents":{"regionType":"DistrictRegion","regionCode":"VA"}}},{"job":{"name":"Representative","jobType":"CongressMemberJob"},"startDate":"1807-10-26","startCirca":false,"endCirca":false,"congressAffiliation":{"congress":{"name":"The 10th United States Congress","congressNumber":10,"congressType":"USCongress","startDate":"1807-10-26","endDate":"1809-03-03"},"partyAffiliation":[{"party":{"name":"Democratic Republican"},"startCirca":false,"endCirca":false}],"caucusAffiliation":[{"party":{"name":"Democratic Republican"},"startCirca":false,"endCirca":false}],"represents":{"regionType":"DistrictRegion","regionCode":"VA"}}}],"creativeWork":[],"researchRecord":[{"name":"1798, 1 item.","recordType":["Papers"],"description":"A letter from Abram Trigg to Colonel John Preston written on April 13, 1798. In the letter, Abram Trigg encloses dispatches [not included] concerning relations with France, and how Congress is working on regulations to increase taxes, possibly for land.","recordLocation":{"name":"Personal Papers Collection","location":{"addressLocality":"Richmond","addressRegion":"VA"},"parentRecordLocation":{"name":"The Library of Virginia","location":{"addressLocality":"Richmond","addressRegion":"VA"}}}},{"name":"In the George Washington Papers, ca. 1744-1799, approximately 135,000 documents.","recordType":["Papers"],"description":"Persons represented include Abram Trigg.","recordLocation":{"name":"The Albert and Shirley Small Special Collections Library","location":{"addressLocality":"Charlottesville","addressRegion":"VA"},"parentRecordLocation":{"name":"University of Virginia","location":{"addressLocality":"Charlottesville","addressRegion":"VA"}}}}],"deleted":false}}
