{"data":{"usCongressBioId":"T000120","familyName":"Temple","givenName":"William","honorificPrefix":"Mr.","unaccentedFamilyName":"Temple","unaccentedGivenName":"William","birthDate":"1814-02-28","birthCirca":false,"deathDate":"1863-05-28","deathCirca":false,"profileText":"A Representative from Delaware; born in Queen Anne County, Md., February 28, 1814; completed preparatory studies; moved to Smyrna, Del., and engaged in mercantile pursuits; member of the State house of representatives in 1844 and served as speaker; served in the State senate 1845-1854; Acting Governor of Delaware from May 1846 to January 1847; elected as a Democrat to the Thirty-eighth Congress and served from March 4, 1863, until his death before the convening of the Congress; died in Smyrna, Del., May 28, 1863; interment in the Episcopal Cemetery.","relationship":[],"asset":[],"jobPositions":[{"job":{"name":"Representative","jobType":"CongressMemberJob"},"startDate":"1863-03-04","startCirca":false,"endDate":"1863-05-28","endCirca":false,"departureReason":"Died","congressAffiliation":{"congress":{"name":"The 38th United States Congress","congressNumber":38,"congressType":"USCongress","startDate":"1863-03-04","endDate":"1865-03-04"},"departureReason":"Died","partyAffiliation":[{"party":{"name":"Democrat"}}],"caucusAffiliation":[{"party":{"name":"Democrat"}}],"represents":{"regionType":"DistrictRegion","regionCode":"DE"},"note":[{"type":"Note","noteType":"FootNote","content":"Died May 28, 1863, before Congress assembled."}]}}],"creativeWork":[],"researchRecord":[{"name":"In the James A. Bayard and Richard H. Bayard Papers, 1797-1885, 1.6 linear feet.","recordType":["Papers"],"description":"Correspondents include William Temple.","recordLocation":{"name":"Manuscript Division","location":{"addressLocality":"Washington","addressRegion":"DC"},"parentRecordLocation":{"name":"Library of Congress","location":{"addressLocality":"Washington","addressRegion":"DC"}}}},{"name":"Biographical information in the Charles Lanman collection, 1787-1906.","recordType":["Papers"],"recordLocation":{"name":"University of Delaware Library","location":{"addressLocality":"Newark","addressRegion":"DE"}}}]}}
