{"data":{"usCongressBioId":"T000145","familyName":"Thayer","givenName":"Eli","honorificPrefix":"Mr.","unaccentedFamilyName":"Thayer","unaccentedGivenName":"Eli","birthDate":"1819-06-11","birthCirca":false,"deathDate":"1899-04-15","deathCirca":false,"profileText":"A Representative from Massachusetts; born in Mendon, Worcester County, Mass., June 11, 1819; attended the common schools, the academies in Bellingham and Amherst, Mass., and the Worcester Manual Labor School; taught school in Douglas, Mass., in 1835 and 1836 and in Hopkington, R.I., in 1842; had charge of the boys' high school in Providence, R.I., in 1844; was graduated from Brown University at Providence in 1845 and was an instructor in Worcester Academy 1845-1848; studied law and was admitted to the bar, but did not practice; founded the Oread Collegiate Institute, a school for young women, in 1848; member of the Worcester School Board in 1852; alderman of Worcester in 1852 and 1853; member of the State house of representatives in 1853 and 1854; while in the legislature secured a charter, and originated and organized the New England Emigrant Aid Co., which had for its purpose the sending out of an advance colony of antislavery settlers to Kansas; elected as a Republican to the Thirty-fifth and Thirty-sixth Congresses (March 4, 1857-March 3, 1861); chairman, Committee on Public Lands (Thirty-sixth Congress); unsuccessful candidate for reelection in 1860 to the Thirty-seventh Congress; delegate accredited from Oregon to the Republican National Convention in 1860; engaged in railroad and other business pursuits; unsuccessful candidate for election in 1872 to the Forty-third Congress; died in Worcester, Mass., April 15, 1899; interment in Hope Cemetery.","relationship":[{"relationshipType":"father","relatedTo":{"usCongressBioId":"T000147","familyName":"Thayer","givenName":"John","middleName":"Alden","honorificPrefix":"Mr.","unaccentedFamilyName":"Thayer","unaccentedGivenName":"John","unaccentedMiddleName":"Alden","birthDate":"1857-12-22","birthCirca":false,"deathDate":"1917-07-31","deathCirca":false}}],"asset":[],"jobPositions":[{"job":{"name":"Representative","jobType":"CongressMemberJob"},"startDate":"1857-03-04","startCirca":false,"congressAffiliation":{"congress":{"name":"The 35th United States Congress","congressNumber":35,"congressType":"USCongress","startDate":"1857-03-04","endDate":"1859-03-03"},"partyAffiliation":[{"party":{"name":"Republican"}}],"caucusAffiliation":[{"party":{"name":"Republican"}}],"represents":{"regionType":"DistrictRegion","regionCode":"MA"}}},{"job":{"name":"Representative","jobType":"CongressMemberJob"},"startDate":"1859-03-04","startCirca":false,"congressAffiliation":{"congress":{"name":"The 36th United States Congress","congressNumber":36,"congressType":"USCongress","startDate":"1859-03-04","endDate":"1861-03-03"},"partyAffiliation":[{"party":{"name":"Republican"}}],"caucusAffiliation":[{"party":{"name":"Republican"}}],"represents":{"regionType":"DistrictRegion","regionCode":"MA"}}}],"creativeWork":[{"freeFormCitationText":"Andrews, Horace. \"Kansas Crusade: Eli Thayer and the New England Emigrant Aid Company.\" <i>New England Quarterly</i> 35 (December 1962): 497-514."},{"freeFormCitationText":"Johnson, Oliver. <i>The abolitionists vindicated in a review of Eli Thayer's paper on the New England Emigrant Aid Company</i>. Worcester, Mass.: The Worcester Society of Antiquity, 1887."},{"freeFormCitationText":"Thayer, Eli. <i>A History of the Kansas Crusade</i>. New York: Harper &amp; Brothers, 1889. Reprint, Freeport, N.Y.: Books for Libraries Press, 1971."},{"freeFormCitationText":"------. <i>The New England emigrant aid company</i>. Worcester, Mass.: F.P. Rice, 1887."},{"freeFormCitationText":"------. <i>The polygamy question. Speech of Hon. Eli Thayer, of Massachusetts. Delivered in the House of Representatives, April 3, 1860</i>. Washington, D.C.: Buell &amp; Blanchard, Printers, 1860."},{"freeFormCitationText":"------. <i>Six speeches</i>. Boston: Brown and Taggard, 1860."},{"freeFormCitationText":"------. <i>Speech of Hon. Eli Thayer, delivered in Mechanics Hall, Worcester, August 10, 1860, in defense of free labor, and the rights of American citizens. With extracts from letters fo F.P. Blair, sen., and Montgomery Blair, sen., and Montgomery Blair; speech of John Sherman, and the</i> New York Tribune. [N.p., 1860]"},{"freeFormCitationText":"------. <i>The suicide of slavery. Speech of Hon. Eli Thayer, of Mass. Delivered in the House of representatives, March 25, 1858</i>. [Washington: Buell &amp; Blanchard, printers, 1858]."},{"freeFormCitationText":"------. <i>The territorial policy. Speech of Eli Thayer, of Mass., in reply to Hon. Mr. Curtis and Hon. Mr. Gooch. Delivered in the U. S. House of Representatives, May 11, 1860</i>. [Washington: N.p., 1860]."}],"researchRecord":[{"name":"Biography (undated) by Franklin P. Rice.","recordType":["Papers"],"description":"1 container.","recordLocation":{"name":"Manuscript Division","location":{"addressLocality":"Washington","addressRegion":"DC"},"parentRecordLocation":{"name":"Library of Congress","location":{"addressLocality":"Washington","addressRegion":"DC"}}}},{"name":"1888, 1 item.","recordType":["Papers"],"description":"A letter from Eli Thayer, founder of the Emigrant Aid Society, to Samuel Adams Drake concerning Thayer's desire to make Kansas a free state.","recordLocation":{"name":"Rare Book, Manuscript, and Special Collections Library","location":{"addressLocality":"Durham","addressRegion":"NC"},"parentRecordLocation":{"name":"Duke University Libraries","location":{"addressLocality":"Durham","addressRegion":"NC"}}}},{"name":"In the Amos Adams Lawrence Papers, 1817-1886, 51 boxes and 4 volumes.","recordType":["Papers"],"description":"Persons represented include Eli Thayer.","recordLocation":{"name":"Massachusetts Historical Society","url":"http://thomasjeffersonpapers.org/independence","location":{"addressLocality":"Boston","addressRegion":"MA"}}},{"name":"1843-1903, 4 reels.","recordType":["Microfilm"],"description":"The Eli Thayer Collection contains correspondence, essays, articles, and newspaper clippings (approx. 1500 items) has as its chief focal point the Kansas conflict in the 1850's. The New England Emigrant Aid Company and similar organizations undertook to send settlers to Kansas from the North East to counteract the influence of the South in determining the free vs. slave status of Kansas on its becoming a state. The Kansas theme runs throughout the collection in contemporary materials as well as in reminiscences and historical narratives written some thirty to fifty years subsequently. Other places important to the collection are West Virginia, Massachusetts, and New York.","recordLocation":{"name":"John Hay Library","location":{"addressLocality":"Providence","addressRegion":"RI"},"parentRecordLocation":{"name":"Brown University","location":{"addressLocality":"Providence","addressRegion":"RI"}}}},{"name":"1839-1889, 1 folder.","recordType":["Papers"],"description":"The Eli Thayer Collection consists of four business letters and documents, 1853-1889, including a land deed and a copy of a letter written by Thayer to Theodore Roosevelt (1858-1919) in 1889 concerning the latter's potential as a presidential candidate. The collection also contains a volume of two manuscript plays, 1839-1840. The first play, entitled \"The Miser,\" was written by Thayer for presentation at the graduation exercises of the Worcester Manual Labor School in 1840. It is a satirical view of the times, with occasional soliloquies in verse. The seond play is a colloquy entitled \"Border War,\" written by an unidentified Yale University student and concerning the Aroostook War, which erupted between Maine and Canada in 1839.","recordLocation":{"name":"American Antiquarian Society","location":{"addressLocality":"Worcester","addressRegion":"MA"}}},{"name":"1854-1891, 1 reel.","recordType":["Microfilm"],"description":"The Eli Thayer Papers primarily contain correspondence relating to migration to Kansas, territorial matters, and anti-slavery settlement in southern states.","recordLocation":{"name":"Kansas State Historical Society","location":{"addressLocality":"Topeka","addressRegion":"KS"}}},{"name":"In the Charles and Sara T.D. Robinson Papers, ca. 1834-1911, 13 reels.","recordType":["Microfilm"],"description":"Persons represented include Eli Thayer.","recordLocation":{"name":"Kansas State Historical Society","location":{"addressLocality":"Topeka","addressRegion":"KS"}}},{"name":"1861, 2 items.","recordType":["Papers"],"description":"Two letters from Eli Thayer to Silas Seymour, [1861 Sept.] and 1861 November 1. The letters concern a contract for small cannon with the firm of Todd and Pond.","recordLocation":{"name":"Department of Literary and Historical Manuscripts","location":{"addressLocality":"New York","addressRegion":"NY"},"parentRecordLocation":{"name":"The Morgan Library","location":{"addressLocality":"New York","addressRegion":"NY"}}}},{"name":"In the John Marshall McCue Papers, 1808-1908, 0.6 cubic foot.","recordType":["Papers"],"description":"Correspondents include Eli Thayer.","recordLocation":{"name":"Special Collections and Digital Programs","location":{"addressLocality":"Lexington","addressRegion":"KY"},"parentRecordLocation":{"name":"University of Kentucky Libraries","url":"http://www.uky.edu/Libraries/Special/mpa","location":{"addressLocality":"Lexington","addressRegion":"KY"}}}}]}}
