{"data":{"usCongressBioId":"T000397","familyName":"Tucker","givenName":"George","honorificPrefix":"Mr.","unaccentedFamilyName":"Tucker","unaccentedGivenName":"George","birthDate":"1775-08-20","birthCirca":false,"birthDateUnknown":false,"deathDate":"1861-04-10","deathCirca":false,"deathDateUnknown":false,"profileText":"a Representative from Virginia; born in St. Georges, Bermuda, on August 20, 1775; immigrated to Virginia about 1790; graduated from the College of William and Mary, Williamsburg, Va., in 1797; studied law with Judge St. George Tucker at William and Mary; admitted to the bar and commenced practice in Richmond, Va.; moved to Pittsylvania County, Va., and elected Commonwealth attorney of the county; member of the State house of delegates in 1815; moved to Lynchburg, Va., in 1818 and continued the practice of law; elected as a Democratic Republican to the Sixteenth and to the succeeding Congress; elected as a Crawford Republican to the Eighteenth Congress (March 4, 1819-March 3, 1825); chairman, Committee on Expenditures in the Department of War (Seventeenth and Eighteenth Congresses); was appointed by Thomas Jefferson as the first professor of moral philosophy at the University of Virginia; resigned as professor in 1845 and moved to Philadelphia; author on finance, economics, banking, and historical subjects; died in Sherwood, Albemarle County, Va., April 10, 1861; interment in the University of Virginia Cemetery, Albemarle County, Va.","relationship":[{"relationshipType":"cousin","relatedTo":{"usCongressBioId":"T000398","familyName":"Tucker","givenName":"Henry","middleName":"St. George","honorificPrefix":"Mr.","unaccentedFamilyName":"Tucker","unaccentedGivenName":"Henry","unaccentedMiddleName":"St. George","birthDate":"1780-12-29","birthCirca":false,"birthDateUnknown":false,"deathDate":"1848-08-28","deathCirca":false,"deathDateUnknown":false,"deleted":false}}],"asset":[],"jobPositions":[{"job":{"name":"Representative","jobType":"CongressMemberJob"},"startDate":"1819-12-06","startCirca":false,"endCirca":false,"congressAffiliation":{"congress":{"name":"The 16th United States Congress","congressNumber":16,"congressType":"USCongress","startDate":"1819-12-06","endDate":"1821-03-03"},"partyAffiliation":[{"party":{"name":"Democratic Republican"},"startCirca":false,"endCirca":false}],"caucusAffiliation":[{"party":{"name":"Democratic Republican"},"startCirca":false,"endCirca":false}],"represents":{"regionType":"DistrictRegion","regionCode":"VA"}}},{"job":{"name":"Representative","jobType":"CongressMemberJob"},"startDate":"1821-12-03","startCirca":false,"endCirca":false,"congressAffiliation":{"congress":{"name":"The 17th United States Congress","congressNumber":17,"congressType":"USCongress","startDate":"1821-12-03","endDate":"1823-03-03"},"partyAffiliation":[{"party":{"name":"Democratic Republican"},"startCirca":false,"endCirca":false}],"caucusAffiliation":[{"party":{"name":"Democratic Republican"},"startCirca":false,"endCirca":false}],"represents":{"regionType":"DistrictRegion","regionCode":"VA"}}},{"job":{"name":"Representative","jobType":"CongressMemberJob"},"startDate":"1823-12-01","startCirca":false,"endCirca":false,"congressAffiliation":{"congress":{"name":"The 18th United States Congress","congressNumber":18,"congressType":"USCongress","startDate":"1823-12-01","endDate":"1825-03-03"},"partyAffiliation":[{"party":{"name":"Crawford Republican"},"startCirca":false,"endCirca":false}],"caucusAffiliation":[{"party":{"name":"Crawford Republican"},"startCirca":false,"endCirca":false}],"represents":{"regionType":"DistrictRegion","regionCode":"VA"}}}],"creativeWork":[{"freeFormCitationText":"McLean, Robert Colin. <i>George Tucker: Moral Philosopher and Man of Letters</i>. Chapel Hill: University of North Carolina Press, 1961."},{"freeFormCitationText":"Snavely, Tipton Ray. <i>George Tucker as Political Economist</i>. Charlottesville: University Press of Virginia, 1964."},{"freeFormCitationText":"Tucker, George. <i>A century hence: Or, A romance of 1941</i>. Edited with an introduction by Donald R. Noble. Charlottesville: University Press of Virginia, 1977."},{"freeFormCitationText":"------. <i>Defence [sic] of the character of Thomas Jefferson, against a writer in the New-York review and quarterly church journal. By a Virginian</i>. New-York: Printed by W. Osborn, 1838."},{"freeFormCitationText":"------. <i>An essay on cause and effect; being an examination of Hume's doctrine that we can perceive no necessary connexion [sic] between them</i>. Philadelphia: Lea &amp; Blanchard, 1850."},{"freeFormCitationText":"------. <i>The history of the United States</i>. Philadelphia: J. B. Lippincott &amp; Co., 1856-57."},{"freeFormCitationText":"------. <i>The laws of wages, profits, and rent, investigated</i>. Philadelphia: E.L. Carey &amp; A. Hart, 1837. Reprint, New York: A. M. Kelley, bookseller, 1964."},{"freeFormCitationText":"------. <i>Letters from Virginia</i>. Translated from the French. Baltimore: Published by Fielding Lucas, Jr., 1816."},{"freeFormCitationText":"------. <i>The life of Thomas Jefferson, third President of the United States</i>. Philadelphia: Carey, Lea &amp; Blanchard, 1837."},{"freeFormCitationText":"------. <i>Memoir of the life and character of John P. Emmet, M. D., professor of chemistry and materia medica in the University of Virginia. Delivered before the visiters [sic], faculty, and alumni of the University, on the Fourth of July, 1845. By George Tucker... Published by order of the faculty</i>. Philadelphia: C. Sherman, printer, 1845."},{"freeFormCitationText":"------. <i>Political economy for the people</i>. Philadelphia: C. Sherman &amp; Son, 1859. Reprint, New York: A. M. Kelley, 1970."},{"freeFormCitationText":"------. <i>Progress of the United States in population and wealth in fifty years, as exhibited by the decennial census</i>. New-York: Press of Hunt's Merchants' Magazine; Boston: Little &amp; Brown, 1843. Reprint, New York: B. Franklin, [1970]."},{"freeFormCitationText":"------. <i>Speech of Hon. Henry St. George Tucker: Delivered at Amherst Court House, VA., July 30th, 1896 before the Democratic Convention of the Tenth Congressional District of Virginia</i>. Lexington, Va.: Rockridge County News Print., 1896."},{"freeFormCitationText":"------. <i>Speech of Mr. Tucker, of Virginia, on the restriction of slavery in Missouri</i>. [Washington?: N.p. 1820]"},{"freeFormCitationText":"------. <i>The theory of money &amp; banks investigated</i>. Boston: C. C. Little and J. Brown, 1839. New York: Greenwood Press, 1968."},{"freeFormCitationText":"------. <i>To James Madison, fourth president of the United States. Sir, your long intimacy with Mr. Jefferson, your accordance with him in the principles of civil government ... In submitting to you the biography of that friend</i>. [Charlottesville, Va.?: N.p., 1836?]"},{"freeFormCitationText":"------. <i>The Valley of Shenandoah; or, Memoirs of the Graysons</i>. With an introduction by Donald R. Noble, Jr. New York: C. Wiley, 1824. Reprint, Chapel Hill: University of North Carolina Press, [1970]."},{"freeFormCitationText":"------. <i>A Voyage to the Moon</i>. New York: E. Bliss, 1827. Reprint, with a new preface by David G. Hartwell. Boston: Gregg Press, 1975."}],"researchRecord":[{"name":"1811-1829, 7 items.","recordType":["Papers"],"description":"Letters from George Tucker St. George Tucker chiefly concerning family matters.","recordLocation":{"name":"Albert and Shirley Small Special Collections Library","location":{"addressLocality":"Charlottesville","addressRegion":"VA"},"parentRecordLocation":{"name":"University of Virginia","location":{"addressLocality":"Charlottesville","addressRegion":"VA"}}}},{"name":"1822-1859, 17 items.","recordType":["Papers"],"description":"Letters from George Tucker to James Madison, Andrew Stevenson, and Hugh Blair Grigsby.","recordLocation":{"name":"Albert and Shirley Small Special Collections Library","location":{"addressLocality":"Charlottesville","addressRegion":"VA"},"parentRecordLocation":{"name":"University of Virginia","location":{"addressLocality":"Charlottesville","addressRegion":"VA"}}}},{"name":"1827, 1 item.","recordType":["Papers"],"description":"George Tucker's report on the School of Moral Philosophy, written on July 18, 1827. Tucker's report discusses the curriculum and methods of teaching. He concludes with a postscript giving the number of lectures and examinations given as well as the days on which lectures were omitted.","recordLocation":{"name":"Albert and Shirley Small Special Collections Library","location":{"addressLocality":"Charlottesville","addressRegion":"VA"},"parentRecordLocation":{"name":"University of Virginia","location":{"addressLocality":"Charlottesville","addressRegion":"VA"}}}},{"name":"1830-1831, 50 items.","recordType":["Papers"],"description":"George Tucker manuscripts of the lectures on Rhetoric and Belles Lettres of the Political economist and the University of Virginia's first Professor of Moral Philosophy and Chairman of the Faculty, at the seventh session","recordLocation":{"name":"Albert and Shirley Small Special Collections Library","location":{"addressLocality":"Charlottesville","addressRegion":"VA"},"parentRecordLocation":{"name":"University of Virginia","location":{"addressLocality":"Charlottesville","addressRegion":"VA"}}}},{"name":"1833, 1 item.","recordType":["Papers"],"description":"A letter from Geroge Tucker to Dr. Robley Dunglison written on November 11, 1833. In the letter, Tucker asks Dunglison to accept a pair of pewter mugs and mentions an \"affair of students\" at the University of Virginia.","recordLocation":{"name":"Albert and Shirley Small Special Collections Library","location":{"addressLocality":"Charlottesville","addressRegion":"VA"},"parentRecordLocation":{"name":"University of Virginia","location":{"addressLocality":"Charlottesville","addressRegion":"VA"}}}},{"name":"1836-1837, 2 items.","recordType":["Papers"],"description":"In a letter, 1836 July 25, George Tucker writes to Dolley Payne Todd Madison regarding the publication of James Madison's reports of the debates of the U. S. Constitutional Convention of 1787, mentioning Carey &amp; Lea and Mr. Payne. In another letter, 1937 May 2, to J. Meredith he gives instructions regarding the investment of profits from his wife's estate \"Liliendale\" and the commission to be paid General Stewart, a trustee.","recordLocation":{"name":"Albert and Shirley Small Special Collections Library","location":{"addressLocality":"Charlottesville","addressRegion":"VA"},"parentRecordLocation":{"name":"University of Virginia","location":{"addressLocality":"Charlottesville","addressRegion":"VA"}}}},{"name":"1858, 2 leaves.","recordType":["Papers"],"description":"A letter from George Tucker to Hugh Blair Grigsby written on June 9, 1858. In the letter, Tucker comments on John Randolph of Roanoke's age, his book Political economy for the people and his desire for books.","recordLocation":{"name":"Albert and Shirley Small Special Collections Library","location":{"addressLocality":"Charlottesville","addressRegion":"VA"},"parentRecordLocation":{"name":"University of Virginia","location":{"addressLocality":"Charlottesville","addressRegion":"VA"}}}},{"name":"In the John Albert Broadus Letters, 1850-1894, 405 items.","recordType":["Microfilm"],"description":"Correspondents include George Tucker.","recordLocation":{"name":"Albert and Shirley Small Special Collections Library","location":{"addressLocality":"Charlottesville","addressRegion":"VA"},"parentRecordLocation":{"name":"University of Virginia","location":{"addressLocality":"Charlottesville","addressRegion":"VA"}}}},{"name":"In the Gooch Family Papers, 1800-1891, 5 feet.","recordType":["Papers"],"description":"Correspondents include George Tucker.","recordLocation":{"name":"Albert and Shirley Small Special Collections Library","location":{"addressLocality":"Charlottesville","addressRegion":"VA"},"parentRecordLocation":{"name":"University of Virginia","location":{"addressLocality":"Charlottesville","addressRegion":"VA"}}}},{"name":"In the Harrison, Smith and Tucker Families Papers, 1790-1936, amount unknown.","recordType":["Papers"],"description":"Persons represented include George Tucker.","recordLocation":{"name":"Albert and Shirley Small Special Collections Library","location":{"addressLocality":"Charlottesville","addressRegion":"VA"},"parentRecordLocation":{"name":"University of Virginia","location":{"addressLocality":"Charlottesville","addressRegion":"VA"}}}},{"name":"In the Robert T. Hubard Letters, 1828-1829, 2 items.","recordType":["Papers"],"description":"The papers include a letter, 1829 May 2, George Tucker, University [of Virginia] to Robert T. Hubard, Caira, Buckingham Co., Va., discussing advantages and disadvantages of banks","recordLocation":{"name":"Albert and Shirley Small Special Collections Library","location":{"addressLocality":"Charlottesville","addressRegion":"VA"},"parentRecordLocation":{"name":"University of Virginia","location":{"addressLocality":"Charlottesville","addressRegion":"VA"}}}},{"name":"In the Hubard Family Papers, 1749-1951, approximately 9,600 items.","recordType":["Papers"],"description":"Correspondents include George Tucker.","recordLocation":{"name":"Albert and Shirley Small Special Collections Library","location":{"addressLocality":"Charlottesville","addressRegion":"VA"},"parentRecordLocation":{"name":"University of Virginia","location":{"addressLocality":"Charlottesville","addressRegion":"VA"}}}},{"name":"In the William Holmes McGuffey Papers, 1845-1873, 7 items.","recordType":["Papers"],"description":"Papers concerning William McGuffey's appointment to chair of Moral Philosophy at Univ. of Virginia. Correspondents include George Tucker.","recordLocation":{"name":"Albert and Shirley Small Special Collections Library","location":{"addressLocality":"Charlottesville","addressRegion":"VA"},"parentRecordLocation":{"name":"University of Virginia","location":{"addressLocality":"Charlottesville","addressRegion":"VA"}}}},{"name":"In the James Madison Correspondence, 1801-1842, 48 items.","recordType":["Papers"],"description":"Correspondents include George Tucker.","recordLocation":{"name":"Albert and Shirley Small Special Collections Library","location":{"addressLocality":"Charlottesville","addressRegion":"VA"},"parentRecordLocation":{"name":"University of Virginia","location":{"addressLocality":"Charlottesville","addressRegion":"VA"}}}},{"name":"In the Miscellaneous Papers, ca. 1743-1881, 19 items and 7 volumes.","recordType":["Papers"],"description":"Correspondents include George Tucker.","recordLocation":{"name":"Albert and Shirley Small Special Collections Library","location":{"addressLocality":"Charlottesville","addressRegion":"VA"},"parentRecordLocation":{"name":"University of Virginia","location":{"addressLocality":"Charlottesville","addressRegion":"VA"}}}},{"name":"In the John Randolph Letters to David Parish, 1812-1833, 10 items.","recordType":["Papers"],"description":"Other authors include George Tucker.","recordLocation":{"name":"Albert and Shirley Small Special Collections Library","location":{"addressLocality":"Charlottesville","addressRegion":"VA"},"parentRecordLocation":{"name":"University of Virginia","location":{"addressLocality":"Charlottesville","addressRegion":"VA"}}}},{"name":"In the Richard J. Reid Papers, 1770-1910, 2500 items.","recordType":["Papers"],"description":"Correspondents include George Tucker.","recordLocation":{"name":"Albert and Shirley Small Special Collections Library","location":{"addressLocality":"Charlottesville","addressRegion":"VA"},"parentRecordLocation":{"name":"University of Virginia","location":{"addressLocality":"Charlottesville","addressRegion":"VA"}}}},{"name":"In the Maupin Socrates Papers, 1853-1870, 33 items.","recordType":["Papers"],"description":"Correspondents include George Tucker.","recordLocation":{"name":"Albert and Shirley Small Special Collections Library","location":{"addressLocality":"Charlottesville","addressRegion":"VA"},"parentRecordLocation":{"name":"University of Virginia","location":{"addressLocality":"Charlottesville","addressRegion":"VA"}}}},{"name":"In the Stuart-Baldwin Families, 1764-1884, approximately 8 linear feet.","recordType":["Papers"],"description":"Correspondents include George Tucker.","recordLocation":{"name":"Albert and Shirley Small Special Collections Library","location":{"addressLocality":"Charlottesville","addressRegion":"VA"},"parentRecordLocation":{"name":"University of Virginia","location":{"addressLocality":"Charlottesville","addressRegion":"VA"}}}},{"name":"In the University of Virginia Board of Visitors Records, ca. 1821-1826, 14 items.","recordType":["Papers"],"description":"Correspondents include George Tucker.","recordLocation":{"name":"Albert and Shirley Small Special Collections Library","location":{"addressLocality":"Charlottesville","addressRegion":"VA"},"parentRecordLocation":{"name":"University of Virginia","location":{"addressLocality":"Charlottesville","addressRegion":"VA"}}}},{"name":"In the University of Virginia Chairman of the Faculty Journals, 1827-1864, 12 volumes.","recordType":["Papers"],"description":"Persons represented include George Tucker.","recordLocation":{"name":"Albert and Shirley Small Special Collections Library","location":{"addressLocality":"Charlottesville","addressRegion":"VA"},"parentRecordLocation":{"name":"University of Virginia","location":{"addressLocality":"Charlottesville","addressRegion":"VA"}}}},{"name":"In the Virginia Letters, 1816 and 1826, 2 items.","recordType":["Papers"],"description":"In a letter, 1816 January 25, St. George Tucker, Williamsburg, Va., writes to John Coalter on a financial matter and mentions a rumored account of Jefferson's death. In a letter, 1826 July 6, George Tucker, University of Virginia, writes to Gale &amp; Seaton, Washington, reporting Jefferson's death and funeral.","recordLocation":{"name":"Albert and Shirley Small Special Collections Library","location":{"addressLocality":"Charlottesville","addressRegion":"VA"},"parentRecordLocation":{"name":"University of Virginia","location":{"addressLocality":"Charlottesville","addressRegion":"VA"}}}},{"name":"1858. 1 volume (101 pages).","recordType":["Papers"],"description":"Autobiography. Finding aid in repository.","recordLocation":{"name":"Archives Branch","location":{"addressLocality":"Richmond","addressRegion":"VA"},"parentRecordLocation":{"name":"The Library of Virginia","location":{"addressLocality":"Richmond","addressRegion":"VA"}}}},{"name":"In the Peachy Ridgway Gilmer Papers, 1806-1833, 6 items.","recordType":["Papers"],"description":"Correspondents include George Tucker.","recordLocation":{"name":"Archives Branch","location":{"addressLocality":"Richmond","addressRegion":"VA"},"parentRecordLocation":{"name":"The Library of Virginia","location":{"addressLocality":"Richmond","addressRegion":"VA"}}}},{"name":"2 letters.","recordType":["Papers"],"recordLocation":{"name":"Boston Public Library","location":{"addressLocality":"Boston","addressRegion":"MA"}}},{"name":"In the Thomas Jefferson Papers, ca. 1606-1943, 90 linear feet.","recordType":["Papers"],"description":"Persons represented include George Tucker.","recordLocation":{"name":"Manuscript Division","location":{"addressLocality":"Washington","addressRegion":"DC"},"parentRecordLocation":{"name":"Library of Congress","location":{"addressLocality":"Washington","addressRegion":"DC"}}}},{"name":"In the Stevenson Family Papers, 1756-1882, 51 containers.","recordType":["Papers"],"description":"Correspondents include George Tucker.","recordLocation":{"name":"Manuscript Division","location":{"addressLocality":"Washington","addressRegion":"DC"},"parentRecordLocation":{"name":"Library of Congress","location":{"addressLocality":"Washington","addressRegion":"DC"}}}},{"name":"In the Nicholas Philip Trist Papers, 1795-1873, 6.4 linear feet.","recordType":["Papers"],"description":"Correspondents include George Tucker.","recordLocation":{"name":"Manuscript Division","location":{"addressLocality":"Washington","addressRegion":"DC"},"parentRecordLocation":{"name":"Library of Congress","location":{"addressLocality":"Washington","addressRegion":"DC"}}}}],"deleted":false}}
