{"data":{"usCongressBioId":"T000047","familyName":"Tate","givenName":"Magnus","honorificPrefix":"Mr.","unaccentedFamilyName":"Tate","unaccentedGivenName":"Magnus","birthDate":"1760","birthCirca":false,"birthDateUnknown":false,"deathDate":"1823-03-30","deathCirca":false,"deathDateUnknown":false,"profileText":"a Representative from Virginia; born in Berkeley County, Va. (now West Virginia), in 1760; studied law; was admitted to the bar and practiced; engaged in agricultural pursuits; appointed justice of the Berkeley County Court May 19, 1798; sheriff of Berkeley County in 1819 and 1820; member of the house of delegates of Virginia in 1797, 1803, 1809, and 1810; elected as a Federalist to the Fourteenth Congress (March 4, 1815-March 3, 1817); died near Martinsburg, Va. (now West Virginia), March 30, 1823.","relationship":[],"asset":[],"jobPositions":[{"job":{"name":"Representative","jobType":"CongressMemberJob"},"startDate":"1815-12-04","startCirca":false,"congressAffiliation":{"congress":{"name":"The 14th United States Congress","congressNumber":14,"congressType":"USCongress","startDate":"1815-12-04","endDate":"1817-03-03"},"partyAffiliation":[{"party":{"name":"Federalist"}}],"caucusAffiliation":[{"party":{"name":"Federalist"}}],"represents":{"regionType":"DistrictRegion","regionCode":"VA"}}}],"creativeWork":[],"researchRecord":[{"name":"In the Battaile Muse Papers, ca. 1726-1891, approximately 6,920 items.","recordType":["Papers"],"description":"Correspondents include Magnus Tate.","recordLocation":{"name":"Rare Book, Manuscript, and Special Collections Library","location":{"addressLocality":"Durham","addressRegion":"NC"},"parentRecordLocation":{"name":"Duke University Library","location":{"addressLocality":"Durham","addressRegion":"NC"}}}}],"deleted":false}}
