{"data":{"usCongressBioId":"T000115","familyName":"Telfair","givenName":"Thomas","honorificPrefix":"Mr.","unaccentedFamilyName":"Telfair","unaccentedGivenName":"Thomas","birthDate":"1780-03-02","birthCirca":false,"birthDateUnknown":false,"deathDate":"1818-02-18","deathCirca":false,"deathDateUnknown":false,"profileText":"a Representative from Georgia; born in Savannah, Ga., March 2, 1780; graduated from Princeton College in 1805; studied law; admitted to the bar and commenced practice in Savannah, Ga.; elected as a Democratic Republican to the Thirteenth and Fourteenth Congresses (March 4, 1813-March 3, 1817); died in Savannah, Ga., February 18, 1818; interment in Bonaventure Cemetery.","relationship":[{"relationshipType":"son","relatedTo":{"usCongressBioId":"T000114","familyName":"Telfair","givenName":"Edward","unaccentedFamilyName":"Telfair","unaccentedGivenName":"Edward","birthDate":"1735","birthCirca":false,"deathDate":"1807","deathCirca":false}}],"asset":[],"jobPositions":[{"job":{"name":"Representative","jobType":"CongressMemberJob"},"startDate":"1813-05-24","startCirca":false,"endCirca":false,"congressAffiliation":{"congress":{"name":"The 13th United States Congress","congressNumber":13,"congressType":"USCongress","startDate":"1813-05-24","endDate":"1815-03-03"},"partyAffiliation":[{"party":{"name":"Democratic Republican"},"startCirca":false,"endCirca":false}],"caucusAffiliation":[{"party":{"name":"Democratic Republican"},"startCirca":false,"endCirca":false}],"represents":{"regionType":"StateRegion","regionCode":"GA"}}},{"job":{"name":"Representative","jobType":"CongressMemberJob"},"startDate":"1815-12-04","startCirca":false,"endCirca":false,"congressAffiliation":{"congress":{"name":"The 14th United States Congress","congressNumber":14,"congressType":"USCongress","startDate":"1815-12-04","endDate":"1817-03-03"},"partyAffiliation":[{"party":{"name":"Democratic Republican"},"startCirca":false,"endCirca":false}],"caucusAffiliation":[{"party":{"name":"Democratic Republican"},"startCirca":false,"endCirca":false}],"represents":{"regionType":"StateRegion","regionCode":"GA"}}}],"creativeWork":[],"researchRecord":[{"name":"In File II Names.","recordType":["Papers"],"description":"File is primarily incoming correspondence to the Governor of Georgia. Finding aid in repository.","recordLocation":{"name":"Georgia Department of Archives and History","location":{"addressLocality":"Atlanta","addressRegion":"GA"}}}],"deleted":false}}
