{"data":{"usCongressBioId":"T000347","familyName":"Tracy","givenName":"Uri","honorificPrefix":"Mr.","unaccentedFamilyName":"Tracy","unaccentedGivenName":"Uri","birthDate":"1764-02-08","birthCirca":false,"birthDateUnknown":false,"deathDate":"1838-07-21","deathCirca":false,"deathDateUnknown":false,"profileText":"A Representative from New York; born in Norwich, West Farms (later Franklin), Conn., February 8, 1764; was graduated from Yale College in 1789; became a Presbyterian clergyman and missionary to the Indians; moved to Oxford, N.Y., in 1791; first principal of Oxford Academy in 1794; first sheriff of Chenango County and served from 1798 until his resignation in August 1801; elected county clerk and served from 1801 to 1815; member of the New York state assembly in 1803; first postmaster of Oxford 1802-1805; elected as a Democratic Republican to the Ninth Congress (March 4, 1805-March 3, 1807); elected to the Eleventh and Twelfth Congresses (March 4, 1809-March 3, 1813); appointed first judge of Chenango County July 8, 1819, and served until February 1823; died in Oxford, N.Y., July 21, 1838; interment in Riverview Cemetery.","relationship":[],"asset":[],"jobPositions":[{"job":{"name":"Representative","jobType":"CongressMemberJob"},"startDate":"1805-12-02","startCirca":false,"endCirca":false,"congressAffiliation":{"congress":{"name":"The 9th United States Congress","congressNumber":9,"congressType":"USCongress","startDate":"1805-12-02","endDate":"1807-03-03"},"partyAffiliation":[{"party":{"name":"Democratic Republican"},"startCirca":false,"endCirca":false}],"caucusAffiliation":[{"party":{"name":"Democratic Republican"},"startCirca":false,"endCirca":false}],"represents":{"regionType":"DistrictRegion","regionCode":"NY"}}},{"job":{"name":"Representative","jobType":"CongressMemberJob"},"startDate":"1809-05-22","startCirca":false,"endCirca":false,"congressAffiliation":{"congress":{"name":"The 11th United States Congress","congressNumber":11,"congressType":"USCongress","startDate":"1809-03-04","endDate":"1811-03-03"},"partyAffiliation":[{"party":{"name":"Democratic Republican"},"startCirca":false,"endCirca":false}],"caucusAffiliation":[{"party":{"name":"Democratic Republican"},"startCirca":false,"endCirca":false}],"represents":{"regionType":"DistrictRegion","regionCode":"NY"}}},{"job":{"name":"Representative","jobType":"CongressMemberJob"},"startDate":"1811-05-04","startCirca":false,"endCirca":false,"congressAffiliation":{"congress":{"name":"The 12th United States Congress","congressNumber":12,"congressType":"USCongress","startDate":"1811-11-04","endDate":"1813-03-03"},"partyAffiliation":[{"party":{"name":"Democratic Republican"},"startCirca":false,"endCirca":false}],"caucusAffiliation":[{"party":{"name":"Democratic Republican"},"startCirca":false,"endCirca":false}],"represents":{"regionType":"DistrictRegion","regionCode":"NY"}}}],"creativeWork":[],"researchRecord":[],"deleted":false}}
