{"data":{"usCongressBioId":"T000020","familyName":"Talbott","givenName":"Albert","middleName":"Gallatin","honorificPrefix":"Mr.","unaccentedFamilyName":"Talbott","unaccentedGivenName":"Albert","unaccentedMiddleName":"Gallatin","birthDate":"1808-04-04","birthCirca":false,"deathDate":"1887-09-09","deathCirca":false,"profileText":"A Representative from Kentucky; born near Paris, Bourbon County, Ky., April 4, 1808; moved with his parents to Clark County in 1813 and to Jessamine County in 1818; attended Forrest Hill Academy, Jessamine County, Ky.; studied law, but did not practice; engaged in agricultural pursuits and general trading in 1831; moved to Mercer County in 1838 and engaged in the real estate business; moved to Danville, Boyle County, Ky., in 1846; delegate to the State constitutional convention in 1849; member of the State house of representatives in 1850; elected as a Democrat to the Thirty-fourth and Thirty-fifth Congresses (March 4, 1855-March 3, 1859); chairman, Committee on Expenditures in the Post Office Department (Thirty-fifth Congress); resumed real estate pursuits; served in the State senate 1869-1873; again a member of the State house of representatives in 1883; moved to Pennsylvania and settled near Chestnut Hill, and engaged in agricultural pursuits; died in Philadelphia on September 9, 1887; interment in Bellevue Cemetery, Danville, Ky.","relationship":[{"relationshipType":"uncle","relatedTo":{"usCongressBioId":"A000237","familyName":"Anderson","givenName":"William","middleName":"Clayton","honorificPrefix":"Mr.","unaccentedFamilyName":"Anderson","unaccentedGivenName":"William","unaccentedMiddleName":"Clayton","birthDate":"1826-12-26","birthCirca":false,"birthDateUnknown":false,"deathDate":"1861-12-23","deathCirca":false,"deathDateUnknown":false,"deleted":false}}],"asset":[],"jobPositions":[{"job":{"name":"Representative","jobType":"CongressMemberJob"},"startDate":"1855-03-04","startCirca":false,"congressAffiliation":{"congress":{"name":"The 34th United States Congress","congressNumber":34,"congressType":"USCongress","startDate":"1855-12-03","endDate":"1857-03-03"},"partyAffiliation":[{"party":{"name":"Democrat"}}],"caucusAffiliation":[{"party":{"name":"Democrat"}}],"represents":{"regionType":"DistrictRegion","regionCode":"KY"}}},{"job":{"name":"Representative","jobType":"CongressMemberJob"},"startDate":"1857-03-04","startCirca":false,"congressAffiliation":{"congress":{"name":"The 35th United States Congress","congressNumber":35,"congressType":"USCongress","startDate":"1857-03-04","endDate":"1859-03-03"},"partyAffiliation":[{"party":{"name":"Democrat"}}],"caucusAffiliation":[{"party":{"name":"Democrat"}}],"represents":{"regionType":"DistrictRegion","regionCode":"KY"}}}],"creativeWork":[{"freeFormCitationText":"Talbott, Albert G. <i>National politics</i>. [Washington: Printed at the office of the<i> Congressional Globe</i>, 1856.]"},{"freeFormCitationText":"------. <i>Remarks of Hon. A. G. Talbott, of Kentucky, on the organization of the House of Representatives</i>. Washington: Printed at the<i>Congressional Globe</i> office, 1856."}],"researchRecord":[{"name":"In the Thwaits Family Papers, ca. 1853-1882, 0.5 cubic foot.","recordType":["Papers"],"description":"Persons represented include A. Gallatin Talbott. A finding aid is available in the repository.","recordLocation":{"name":"Kentucky Historical Society Library","location":{"addressLocality":"Frankfort","addressRegion":"KY"}}}]}}
