{"data":{"usCongressBioId":"T000096","familyName":"Taylor","givenName":"Nelson","honorificPrefix":"Mr.","unaccentedFamilyName":"Taylor","unaccentedGivenName":"Nelson","birthDate":"1821-06-08","birthCirca":false,"deathDate":"1894-01-16","deathCirca":false,"profileText":"A Representative from New York; born in South Norwalk, Conn., June 8, 1821; attended the common schools; enlisted for the Mexican War as a captain in the First Regiment, New York Volunteer Infantry, August 1, 1846, and was sent to California in 1846 just before the outbreak of the war; was honorably mustered out September 18, 1848; remained in California and engaged in business at Stockton; member of the State senate 1850-1856; president of the board of trustees of the State insane asylum 1850-1856; elected sheriff of San Joaquin County in 1855; moved to New York City; was graduated from the law department of Harvard University in 1860; was admitted to the bar and practiced; unsuccessful Democratic candidate for election in 1860 to the Thirty-seventh Congress; was commissioned colonel of the Seventy-second Regiment, New York Volunteer Infantry, July 23, 1861; brigadier general of Volunteers September 7, 1862; resigned from the service January 19, 1863; resumed the practice of law in New York City; elected as a Democrat to the Thirty-ninth Congress (March 4, 1865-March 3, 1867); unsuccessful candidate for reelection in 1866 to the Fortieth Congress; moved to South Norwalk, Conn., in 1869 and continued the practice of law; served several times as city attorney; died in South Norwalk, Fairfield County, Conn., January 16, 1894; interment in Riverside Cemetery.","relationship":[],"asset":[],"jobPositions":[{"job":{"name":"Representative","jobType":"CongressMemberJob"},"startDate":"1865-03-04","startCirca":false,"congressAffiliation":{"congress":{"name":"The 39th United States Congress","congressNumber":39,"congressType":"USCongress","startDate":"1865-03-04","endDate":"1867-03-03"},"partyAffiliation":[{"party":{"name":"Democrat"}}],"caucusAffiliation":[{"party":{"name":"Democrat"}}],"represents":{"regionType":"DistrictRegion","regionCode":"NY"}}}],"creativeWork":[],"researchRecord":[{"name":"February 22, 1848. 1 letter.","recordType":["Papers"],"description":"Finding aid in repository.","recordLocation":{"name":"Brooklyn Historical Society","location":{"addressLocality":"Brooklyn","addressRegion":"NY"}}},{"name":"In the James Monroe Scofield Papers, 1823-1923, 4 boxes.","recordType":["Papers"],"description":"Correspondents include Nelson Taylor.","recordLocation":{"name":"Manuscripts Department","location":{"addressLocality":"Worcester","addressRegion":"MA"},"parentRecordLocation":{"name":"American Antiquarian Society","location":{"addressLocality":"Worcester","addressRegion":"MA"}}}}]}}
