{"data":{"usCongressBioId":"T000003","familyName":"Taber","givenName":"Thomas","honorificPrefix":"Mr.","honorificSuffix":"II","unaccentedFamilyName":"Taber","unaccentedGivenName":"Thomas","birthDate":"1785-05-19","birthCirca":false,"birthDateUnknown":false,"deathDate":"1862-03-21","deathCirca":false,"deathDateUnknown":false,"profileText":"A Representative from New York; born in Dover, Dutchess County, N.Y., May 19, 1785; attended the common schools; engaged in agricultural pursuits; member of the State assembly in 1826; elected as a Jacksonian candidate to the Twentieth Congress to fill the vacancy caused by the resignation of Thomas J. Oakley and served from November 5, 1828, to March 3, 1829; died in Roslyn, Long Island, N.Y., March 21, 1862; interment in the Friends Cemetery, Westbury, Long Island, N.Y.","relationship":[{"relationshipType":"father","relatedTo":{"usCongressBioId":"T000002","familyName":"Taber","givenName":"Stephen","honorificPrefix":"Mr.","unaccentedFamilyName":"Taber","unaccentedGivenName":"Stephen","birthDate":"1821-03-07","birthCirca":false,"deathDate":"1886-04-23","deathCirca":false}}],"asset":[],"jobPositions":[{"job":{"name":"Representative","jobType":"CongressMemberJob"},"startDate":"1828-12-01","startCirca":false,"congressAffiliation":{"congress":{"name":"The 20th United States Congress","congressNumber":20,"congressType":"USCongress","startDate":"1827-12-03","endDate":"1829-03-03"},"partyAffiliation":[{"party":{"name":"Jacksonian"}}],"caucusAffiliation":[{"party":{"name":"Jacksonian"}}],"represents":{"regionType":"DistrictRegion","regionCode":"NY"},"note":[{"type":"Note","noteType":"FootNote","content":"Elected to fill vacancy caused by resignation of Thomas J. Oakley, and took his seat December 1, 1828."}]}}],"creativeWork":[],"researchRecord":[],"deleted":false}}
