{"data":{"usCongressBioId":"T000105","familyName":"Taylor","givenName":"William","middleName":"Penn","honorificPrefix":"Mr.","unaccentedFamilyName":"Taylor","unaccentedGivenName":"William","unaccentedMiddleName":"Penn","birthCirca":false,"birthDateUnknown":true,"deathCirca":false,"deathDateUnknown":true,"profileText":"a Representative from Virginia; born in Fredericksburg, Spotsylvania County, Va., birth date unknown; received a limited schooling; held several local offices; elected as an Anti-Jacksonian candidate to the Twenty-third Congress (March 4, 1833-March 3, 1835); was an unsuccessful candidate for reelection to the Twenty-fourth Congress in 1834; died at \"Hayfield,\" Caroline County, Va., near Fredericksburg, Va.; death date unknown; interment in the family graveyard at \"Hayfield.\"","relationship":[],"asset":[],"jobPositions":[{"job":{"name":"Representative","jobType":"CongressMemberJob"},"startDate":"1833-12-02","startCirca":false,"congressAffiliation":{"congress":{"name":"The 23rd United States Congress","congressNumber":23,"congressType":"USCongress","startDate":"1833-12-02","endDate":"1835-03-03"},"partyAffiliation":[{"party":{"name":"Anti-Jacksonian"}}],"caucusAffiliation":[{"party":{"name":"Anti Jacksonian"}}],"represents":{"regionType":"DistrictRegion","regionCode":"VA"}}}],"creativeWork":[],"researchRecord":[{"name":"In the Wickham Family Papers, 1754-1977, 51 boxes.","recordType":["Papers"],"description":"Persons represented include William Penn Taylor.","recordLocation":{"name":"Virginia Historical Society","location":{"addressLocality":"Richmond","addressRegion":"VA"}}}],"deleted":false}}
