{"data":{"usCongressBioId":"T000089","familyName":"Taylor","givenName":"John","middleName":"Lampkin","honorificPrefix":"Mr.","unaccentedFamilyName":"Taylor","unaccentedGivenName":"John","unaccentedMiddleName":"Lampkin","birthDate":"1805-03-07","birthCirca":false,"deathDate":"1870-09-06","deathCirca":false,"profileText":"A Representative from Ohio; born in Stafford County, near Fredericksburg, Va., March 7, 1805; completed preparatory studies; studied law in Washington, D.C.; was admitted to the bar in 1828 and commenced practice in Chillicothe, Ross County, Ohio, in 1829; major general in the State militia for several years; elected as a Whig to the Thirtieth and to the three succeeding Congresses (March 4, 1847-March 3, 1855); served as a clerk in the Interior Department from May 1, 1870, until his sudden death at his desk in Washington, D.C., September 6, 1870; interment in the family burying ground on the Taylor ancestral estate, ``Mansfield,'' near Louisa, Louisa County, Va.","relationship":[],"asset":[],"jobPositions":[{"job":{"name":"Representative","jobType":"CongressMemberJob"},"startDate":"1847-03-04","startCirca":false,"congressAffiliation":{"congress":{"name":"The 30th United States Congress","congressNumber":30,"congressType":"USCongress","startDate":"1847-12-06","endDate":"1849-03-03"},"partyAffiliation":[{"party":{"name":"Whig"}}],"caucusAffiliation":[{"party":{"name":"Whig"}}],"represents":{"regionType":"DistrictRegion","regionCode":"OH"}}},{"job":{"name":"Representative","jobType":"CongressMemberJob"},"startDate":"1849-03-04","startCirca":false,"congressAffiliation":{"congress":{"name":"The 31st United States Congress","congressNumber":31,"congressType":"USCongress","startDate":"1849-03-05","endDate":"1851-03-03"},"partyAffiliation":[{"party":{"name":"Whig"}}],"caucusAffiliation":[{"party":{"name":"Whig"}}],"represents":{"regionType":"DistrictRegion","regionCode":"OH"}}},{"job":{"name":"Representative","jobType":"CongressMemberJob"},"startDate":"1851-03-04","startCirca":false,"congressAffiliation":{"congress":{"name":"The 32nd United States Congress","congressNumber":32,"congressType":"USCongress","startDate":"1851-03-04","endDate":"1853-03-03"},"partyAffiliation":[{"party":{"name":"Whig"}}],"caucusAffiliation":[{"party":{"name":"Whig"}}],"represents":{"regionType":"DistrictRegion","regionCode":"OH"}}},{"job":{"name":"Representative","jobType":"CongressMemberJob"},"startDate":"1853-03-04","startCirca":false,"congressAffiliation":{"congress":{"name":"The 33rd United States Congress","congressNumber":33,"congressType":"USCongress","startDate":"1853-03-04","endDate":"1855-03-03"},"partyAffiliation":[{"party":{"name":"Whig"}}],"caucusAffiliation":[{"party":{"name":"Whig"}}],"represents":{"regionType":"DistrictRegion","regionCode":"OH"}}}],"creativeWork":[],"researchRecord":[{"name":"In the Alexander St. Clair Boys Papers, 1843-1866, 32 items.","recordType":["Papers"],"description":"The papers consist primarily of correspondence from J.L. Taylor to Alexander St. Clair Boys, regarding personal affairs, matters relevant to Chillicothe, Ohio, political matters, the 1848 Whig party convention in Philadelphia, and the slavery question (1850).","recordLocation":{"name":"Ohio Historical Society","location":{"addressLocality":"Columbus","addressRegion":"OH"}}},{"name":"In the Anderson Family Papers, 1810-1848, 8 boxes.","recordType":["Papers"],"description":"Correspondents include John Lampkin Taylor.","recordLocation":{"name":"Manuscripts Department","location":{"addressLocality":"San Marino","addressRegion":"CA"},"parentRecordLocation":{"name":"The Huntington Library","location":{"addressLocality":"San Marino","addressRegion":"CA"}}}},{"name":"1858, 1 item.","recordType":["Papers"],"description":"A letter from John Lampkin Taylor to Charles Lanman written on June 2, 1858. In the letter, John Taylor writes an autobiographical account on the verso of Charles Lanman's printed circular requesting information for his <i>Dictionary of the United States Congress</i>.","recordLocation":{"name":"Rare Books and Manuscripts Library, University Libraries","location":{"addressLocality":"Columbus","addressRegion":"OH"},"parentRecordLocation":{"name":"The Ohio State University","location":{"addressLocality":"Athens","addressRegion":"OH"}}}}]}}
