{"data":{"usCongressBioId":"T000050","familyName":"Tatom","givenName":"Absalom","honorificPrefix":"Mr.","unaccentedFamilyName":"Tatom","unaccentedGivenName":"Absalom","birthDate":"1742","birthCirca":false,"birthDateUnknown":false,"deathDate":"1802-12-20","deathCirca":false,"deathDateUnknown":false,"profileText":"a Representative from North Carolina; born in North Carolina in 1742; sergeant in the Greenville (N.C.) Militia in 1763; during the Revolutionary War was commissioned first lieutenant in the First North Carolina Continental Regiment September 1, 1775; promoted to the rank of captain June 29, 1776; resigned from the Continental Army on September 19, 1776; enlisted as assistant quartermaster and keeper of the arsenal in the State service at Hillsborough, N.C., August 15, 1778; was contractor for Hillsborough in 1778; major of detachment of the North Carolina Light Horse February 12, 1779; clerk of Randolph County Court in 1779; elected to the North Carolina state house of commons, but was unseated because he already held the office of county clerk; district auditor for Hillsborough in 1781; one of three commissioners appointed by Congress to survey lands granted to Continental soldiers in the western territory (later Tennessee) in 1782; private secretary to Gov. Thomas Burke in 1782; State tobacco agent in 1782; elected surveyor of North Carolina by the Continental Congress in May 1785; commissioner to sign North Carolina state paper money in December 1785; served as a delegate to the constitutional convention in 1788; elected as a Democratic Republican to the Fourth Congress and served from March 4, 1795, to June 1, 1796, when he resigned; again served in the State house of commons 1797-1802; died in Raleigh, N.C., on December 20, 1802; interment in the Old City Cemetery.","relationship":[],"asset":[],"jobPositions":[{"job":{"name":"Representative","jobType":"CongressMemberJob"},"startDate":"1795-12-07","startCirca":false,"endDate":"1796-06-01","endCirca":false,"departureReason":"Resigned","congressAffiliation":{"congress":{"name":"The 4th United States Congress","congressNumber":4,"congressType":"USCongress","startDate":"1795-06-08","endDate":"1797-03-03"},"departureReason":"Resigned","partyAffiliation":[{"party":{"name":"Democratic Republican"},"startCirca":false,"endCirca":false}],"caucusAffiliation":[{"party":{"name":"Democratic Republican"},"startCirca":false,"endCirca":false}],"represents":{"regionType":"DistrictRegion","regionCode":"NC"},"note":[{"type":"Note","content":"Resigned June 1, 1796.","noteType":"FootNote"}]}}],"creativeWork":[],"researchRecord":[{"name":"In the Ernest Haywood Collection of Haywood Family Papers, 1752-1967, 24 linear feet.","recordType":["Papers"],"description":"Correspondents include Absalom Tatom.","recordLocation":{"name":"Southern Historical Collection","location":{"addressLocality":"Chapel Hill","addressRegion":"NC"},"parentRecordLocation":{"name":"University of North Carolina at Chapel Hill","location":{"addressLocality":"Chapel Hill","addressRegion":"NC"}}}},{"name":"In the William Lytle Papers, 1773-1841, 125 items.","recordType":["Papers"],"description":"Correspondents include Absalom Tatom.","recordLocation":{"name":"Southern Historical Collection","location":{"addressLocality":"Chapel Hill","addressRegion":"NC"},"parentRecordLocation":{"name":"University of North Carolina at Chapel Hill","location":{"addressLocality":"Chapel Hill","addressRegion":"NC"}}}}],"deleted":false}}
