{"data":{"usCongressBioId":"T000359","familyName":"Treadwell","givenName":"John","unaccentedFamilyName":"Treadwell","unaccentedGivenName":"John","birthDate":"1745","birthCirca":false,"deathDate":"1823","deathCirca":false,"profileText":"A Delegate from Connecticut; born in Farmington, Hartford County, Conn., November 23, 1745; completed preparatory studies; was graduated from Yale College in 1767; studied law; was admitted to the bar and commenced practice in Farmington, Conn.; member of the State house of representatives 1776-1785; clerk of the court of probate 1777-1784; member of the Governor's council in 1785; elected to the Continental Congress in 1784, 1785, and 1787, but did not attend; member of the State council 1786-1797; judge of the court of common pleas; delegate to the State ratification convention in 1788; judge of probate and the supreme court of errors 1789-1809; Lieutenant Governor of Connecticut 1798-1809; Governor of Connecticut 1809-1811; delegate to the State constitutional convention in 1818; died in Farmington, Conn., August 18, 1823; interment in the Old Cemetery.","relationship":[],"asset":[],"jobPositions":[],"creativeWork":[],"researchRecord":[{"name":"In the Timothy Pitkin Papers, ca. 1681-1847, 336 pieces.","recordType":["Papers"],"description":"Correspondents include John Treadwell. An unpublished finding aid is available in the repository.","recordLocation":{"name":"Manuscripts Department","location":{"addressLocality":"San Marino","addressRegion":"CA"},"parentRecordLocation":{"name":"Huntington Library","location":{"addressLocality":"San Marino","addressRegion":"CA"}}}},{"name":"1797-1818, 0.25 linear foot.","recordType":["Papers"],"description":"Incoming and outgoing correspondence and several speeches of John Treadwell while Lieutenant Governor and then Governor of Connecticut. The incoming letters discussed such issues as the Alien and Sedition Acts of 1798, the election of 1800, the use of gun-boats for national defense, and the early talks of Union secession over the institution of slavery. Correspondents include Lyman Beecher, Henry W. Dessasure, Chauncey Goodrich, Governor Roger Griswold, James Hillhouse, Ebenezer Huntington, Joseph Lyman, Timothy Pitkin, Benjamin Tallmadge, Uriah Tracy, Jr., Benjamin Trumbull and Rev. Newton Skinner. Treadwell's speeches include his acceptance as Governor and those given at the opening of the General Assemblies during his term.","recordLocation":{"name":"Connecticut Historical Society","location":{"addressLocality":"Hartford","addressRegion":"CT"}}},{"name":"1809, 1 page.","recordType":["Papers"],"description":"A speech of John Treadwell accepting the office of governor of Connecticut.","recordLocation":{"name":"Connecticut Historical Society","location":{"addressLocality":"Hartford","addressRegion":"CT"}}},{"name":"1810, 1 page.","recordType":["Papers"],"description":"A letter from John Treadwell to Nathaniel Terry written on May 2, 1810. In the letter, Treadwell states policy on discharges from the militia for medical reasons.","recordLocation":{"name":"Connecticut Historical Society","location":{"addressLocality":"Hartford","addressRegion":"CT"}}},{"name":"1809, 1 item.","recordType":["Papers"],"description":"A letter from John Treadwell to Hon. Roger Griswold written on October 21, 1809.","recordLocation":{"name":"Department of Literary and Historical Manuscripts","location":{"addressLocality":"New York","addressRegion":"NY"},"parentRecordLocation":{"name":"The Morgan Library","location":{"addressLocality":"New York","addressRegion":"NY"}}}},{"name":"In the Henry Smith Commissions, 1809-1812, 4 items.","recordType":["Papers"],"description":"Persons represented include Governor John Treadwell.","recordLocation":{"name":"Manuscript Division","location":{"addressLocality":"Washington","addressRegion":"DC"},"parentRecordLocation":{"name":"Library of Congress","location":{"addressLocality":"Washington","addressRegion":"DC"}}}},{"name":"In the Huntington-Wolcott Papers, ca. 1698-1911, 3 boxes, 2 volumes, and 2 folders.","recordType":["Papers"],"description":"Correspondents include John Treadwell.","recordLocation":{"name":"Massachusetts Historical Society","url":"http://thomasjeffersonpapers.org/independence","location":{"addressLocality":"Boston","addressRegion":"MA"}}},{"name":"In the William Jarvis Papers, 1799-1843, 1 folder.","recordType":["Papers"],"description":"Correspondents include John Treadwell.","recordLocation":{"name":"Massachusetts Historical Society","url":"http://thomasjeffersonpapers.org/independence","location":{"addressLocality":"Boston","addressRegion":"MA"}}}]}}
