{"data":{"usCongressBioId":"T000327","familyName":"Towns","givenName":"George","middleName":"Washington Bonaparte","honorificPrefix":"Mr.","unaccentedFamilyName":"Towns","unaccentedGivenName":"George","unaccentedMiddleName":"Washington Bonaparte","birthDate":"1801-05-04","birthCirca":false,"birthDateUnknown":false,"deathDate":"1854-07-15","deathCirca":false,"deathDateUnknown":false,"profileText":"a Representative from Georgia; born in Wilkes County, Ga., May 4, 1801; received a limited education; studied law; admitted to the bar in 1824 and began practice in Montgomery, Ala.; returned to Georgia in 1826 and continued the practice of law at Talbotton; member of the State house of representatives in 1829 and 1830; served in the State senate 1832-1834; elected as a Jacksonian candidate to the Twenty-fourth Congress and served from March 4, 1835, to September 1, 1836, when he resigned; reelected as a Democrat to the Twenty-fifth Congress (March 4, 1837-March 3, 1839); chairman, Committee on Public Buildings and Grounds (Twenty-fifth Congress); was not a candidate for reelection in 1838 to the Twenty-sixth Congress; elected as a Democrat to the Twenty-ninth Congress to fill the vacancy caused by the resignation of Washington Poe and served from January 5, 1846, to March 3, 1847; unsuccessful candidate for reelection in 1846 to the Thirtieth Congress; Governor of Georgia 1847-1851; resumed the practice of law; died in Macon, Ga., July 15, 1854; interment in Rose Hill Cemetery.","relationship":[],"asset":[],"jobPositions":[{"job":{"name":"Representative","jobType":"CongressMemberJob"},"startDate":"1835-12-07","startCirca":false,"endDate":"1836-09-01","endCirca":false,"departureReason":"Resigned","congressAffiliation":{"congress":{"name":"The 24th United States Congress","congressNumber":24,"congressType":"USCongress","startDate":"1835-12-07","endDate":"1837-03-03"},"departureReason":"Resigned","partyAffiliation":[{"party":{"name":"Jacksonian"}}],"caucusAffiliation":[{"party":{"name":"Jacksonian"}}],"represents":{"regionType":"StateRegion","regionCode":"GA"},"note":[{"type":"Note","noteType":"FootNote","content":"Resigned September 1, 1836."}]}},{"job":{"name":"Representative","jobType":"CongressMemberJob"},"startDate":"1837-03-04","startCirca":false,"congressAffiliation":{"congress":{"name":"The 25th United States Congress","congressNumber":25,"congressType":"USCongress","startDate":"1837-03-04","endDate":"1839-03-03"},"partyAffiliation":[{"party":{"name":"Democrat"}}],"caucusAffiliation":[{"party":{"name":"Democrat"}}],"represents":{"regionType":"StateRegion","regionCode":"GA"}}},{"job":{"name":"Representative","jobType":"CongressMemberJob"},"startDate":"1846-01-05","startCirca":false,"congressAffiliation":{"congress":{"name":"The 29th United States Congress","congressNumber":29,"congressType":"USCongress","startDate":"1845-03-04","endDate":"1847-03-03"},"partyAffiliation":[{"party":{"name":"Democrat"}}],"caucusAffiliation":[{"party":{"name":"Democrat"}}],"represents":{"regionType":"DistrictRegion","regionCode":"GA"},"note":[{"type":"Note","noteType":"FootNote","content":"Elected to fill vacancy caused by resignation of Representative-elect Washington Poe on March 4, 1845, before the beginning of the congressional term, and took his seat January 27, 1846."}]}}],"creativeWork":[],"researchRecord":[{"name":"1847-1850, 3 items.","recordType":["Papers"],"description":"Printed forms (1847 November 1, 1849 November 24, and 1850 November 12), completed by hand and issued by George Washington Bonaparte Towns, granting titles for land in Georgia to Alexander Holzendorf and Ladock Sawyer. Georgia state seals are attached.","recordLocation":{"name":"Manuscript Division","location":{"addressLocality":"Washington","addressRegion":"DC"},"parentRecordLocation":{"name":"Library of Congress","location":{"addressLocality":"Washington","addressRegion":"DC"}}}},{"name":"In the Whitemarsh B. Seabrook Correspondence, 1849-1852, 29 items.","recordType":["Papers"],"description":"Correspondents include George Washington Bonaparte.","recordLocation":{"name":"Manuscript Division","location":{"addressLocality":"Washington","addressRegion":"DC"},"parentRecordLocation":{"name":"Library of Congress","location":{"addressLocality":"Washington","addressRegion":"DC"}}}},{"name":"In File II Names.","recordType":["Papers"],"description":"File is primarily incoming correspondence to the Governor of Georgia. Finding aid in repository.","recordLocation":{"name":"Georgia Department of Archives and History","location":{"addressLocality":"Atlanta","addressRegion":"GA"}}},{"name":"In the Alexander Hamilton Stephens Papers, 1822-1911; 3,037 items.","recordType":["Papers"],"description":"Correspondents include George Washington Bonaparte.","recordLocation":{"name":"Manuscript Department, William R. Perkins Library","location":{"addressLocality":"Durham","addressRegion":"NC"},"parentRecordLocation":{"name":"Duke University","location":{"addressLocality":"Durham","addressRegion":"NC"}}}}],"deleted":false}}
