{"data":{"usCongressBioId":"T000385","familyName":"Trowbridge","givenName":"Rowland","middleName":"Ebenezer","honorificPrefix":"Mr.","unaccentedFamilyName":"Trowbridge","unaccentedGivenName":"Rowland","unaccentedMiddleName":"Ebenezer","birthDate":"1821-06-18","birthCirca":false,"deathDate":"1881-04-20","deathCirca":false,"profileText":"A Representative from Michigan; born in Horseheads, Chemung County, N.Y., June 18, 1821; moved with his parents in 1821 to Oakland County, Mich.; was graduated from Kenyon College, Gambier, Ohio, in 1841; engaged in agricultural pursuits; member of the State senate 1856-1860; elected as a Republican to the Thirty-seventh Congress (March 4, 1861-March 3, 1863); unsuccessful candidate for reelection; elected to the Thirty-ninth and Fortieth Congresses (March 4, 1865-March 3, 1869); chairman, Committee on Agriculture (Fortieth Congress); unsuccessful candidate for renomination; resumed agricultural pursuits; Commissioner of Indian Affairs in 1880 and 1881; died in Birmingham, Mich., April 20, 1881; interment in Greenwood Cemetery.","relationship":[],"asset":[],"jobPositions":[{"job":{"name":"Representative","jobType":"CongressMemberJob"},"startDate":"1861-03-04","startCirca":false,"congressAffiliation":{"congress":{"name":"The 37th United States Congress","congressNumber":37,"congressType":"USCongress","startDate":"1861-03-04","endDate":"1863-03-03"},"partyAffiliation":[{"party":{"name":"Republican"}}],"caucusAffiliation":[{"party":{"name":"Republican"}}],"represents":{"regionType":"DistrictRegion","regionCode":"MI"}}},{"job":{"name":"Representative","jobType":"CongressMemberJob"},"startDate":"1865-03-04","startCirca":false,"congressAffiliation":{"congress":{"name":"The 39th United States Congress","congressNumber":39,"congressType":"USCongress","startDate":"1865-03-04","endDate":"1867-03-03"},"partyAffiliation":[{"party":{"name":"Republican"}}],"caucusAffiliation":[{"party":{"name":"Republican"}}],"represents":{"regionType":"DistrictRegion","regionCode":"MI"},"note":[{"type":"Note","noteType":"FootNote","content":"Election unsuccessfully contested by Augustus C. Baldwin."}]}},{"job":{"name":"Representative","jobType":"CongressMemberJob"},"startDate":"1867-03-04","startCirca":false,"congressAffiliation":{"congress":{"name":"The 40th United States Congress","congressNumber":40,"congressType":"USCongress","startDate":"1867-03-04","endDate":"1869-03-03"},"partyAffiliation":[{"party":{"name":"Republican"}}],"caucusAffiliation":[{"party":{"name":"Republican"}}],"represents":{"regionType":"DistrictRegion","regionCode":"MI"}}}],"creativeWork":[],"researchRecord":[{"name":"January 30, 1869. 1 letter.","recordType":["Papers"],"description":"Finding aid in repository.","recordLocation":{"name":"New-York Historical Society","location":{"addressLocality":"New York","addressRegion":"NY"}}},{"name":"In the Henry Howland Crapo Papers, 1830-1920, 12 linear feet.","recordType":["Papers"],"description":"Persons represented include Rowland Trowbridge.","recordLocation":{"name":"Bentley Historical Library","location":{"addressLocality":"Ann Arbor","addressRegion":"MI"},"parentRecordLocation":{"name":"University of Michigan","location":{"addressLocality":"Ann Arbor","addressRegion":"MI"}}}},{"name":"In the John Wesley Longyear Papers, 1846-1875, 2 linear feet.","recordType":["Papers"],"description":"Other authors include Rowland Trowbridge.","recordLocation":{"name":"Bentley Historical Library","location":{"addressLocality":"Ann Arbor","addressRegion":"MI"},"parentRecordLocation":{"name":"University of Michigan","location":{"addressLocality":"Ann Arbor","addressRegion":"MI"}}}},{"name":"In the L.S. Trowbridge Papers, ca. 1842-1890, 0.4 linear foot.","recordType":["Papers"],"description":"Other authors include Rowland Trowbridge.","recordLocation":{"name":"Bentley Historical Library","location":{"addressLocality":"Ann Arbor","addressRegion":"MI"},"parentRecordLocation":{"name":"University of Michigan","location":{"addressLocality":"Ann Arbor","addressRegion":"MI"}}}},{"name":"In the Whittemore Family Papers, 1817-1978, 4 linear feet.","recordType":["Papers"],"description":"Persons represented include Rowland Trowbridge.","recordLocation":{"name":"Bentley Historical Library","location":{"addressLocality":"Ann Arbor","addressRegion":"MI"},"parentRecordLocation":{"name":"University of Michigan","location":{"addressLocality":"Ann Arbor","addressRegion":"MI"}}}},{"name":"In the William H. Withington Papers, 1853-1909, 2 linear feet.","recordType":["Papers"],"description":"Persons represented include Rowland Trowbridge.","recordLocation":{"name":"Bentley Historical Library","location":{"addressLocality":"Ann Arbor","addressRegion":"MI"},"parentRecordLocation":{"name":"University of Michigan","location":{"addressLocality":"Ann Arbor","addressRegion":"MI"}}}}]}}
