{"data":{"usCongressBioId":"T000169","familyName":"Thomas","givenName":"Isaac","honorificPrefix":"Mr.","unaccentedFamilyName":"Thomas","unaccentedGivenName":"Isaac","birthDate":"1784-11-04","birthCirca":false,"birthDateUnknown":false,"deathDate":"1859-02-02","deathCirca":false,"deathDateUnknown":false,"profileText":"A Representative from Tennessee; born in Sevierville, Tenn., November 4, 1784; after the death of his parents he moved to Winchester, Tenn., in 1800; self-educated; studied law; was admitted to the bar in 1808 and practiced in Winchester; elected as a Democratic Republican to the Fourteenth Congress (March 4, 1815-March 3, 1817); moved to Alexandria, Rapides Parish, La., in 1819; resumed the practice of law; purchased vast tracts of land adjoining Alexandria and became one of the largest landowners and slaveholders in Louisiana; was the first man to introduce the cultivation of sugar cane in central Louisiana; also engaged in mercantile pursuits and in the operation of sawmills and steamboats; served as brigadier general of the Louisiana Militia; served in the State senate 1823-1827; moved to California in 1849; returned to Alexandria, La., where he died on February 2, 1859; interment in the Flint lot, in Rapides Cemetery, Pineville, La.","relationship":[],"asset":[],"jobPositions":[{"job":{"name":"Representative","jobType":"CongressMemberJob"},"startDate":"1815-12-04","startCirca":false,"endCirca":false,"congressAffiliation":{"congress":{"name":"The 14th United States Congress","congressNumber":14,"congressType":"USCongress","startDate":"1815-12-04","endDate":"1817-03-03"},"partyAffiliation":[{"party":{"name":"Democratic Republican"},"startCirca":false,"endCirca":false}],"caucusAffiliation":[{"party":{"name":"Democratic Republican"},"startCirca":false,"endCirca":false}],"represents":{"regionType":"DistrictRegion","regionCode":"TN"}}}],"creativeWork":[],"researchRecord":[],"deleted":false}}
