{"data":{"usCongressBioId":"T000440","familyName":"Tweed","givenName":"William","middleName":"M.","honorificPrefix":"Mr.","unaccentedFamilyName":"Tweed","unaccentedGivenName":"William","unaccentedMiddleName":"M.","birthDate":"1823-04-03","birthCirca":false,"deathDate":"1878-04-12","deathCirca":false,"profileText":"a Representative from New York; born in New York City April 3, 1823; completed preparatory studies; learned the trades of chair maker and brush maker; alderman in New York City, 1852-1853; elected as a Democrat to the Thirty-third Congress (March 4, 1853-March 3, 1855); was not a candidate for renomination to the Thirty-fourth Congress in 1854; school commissioner for New York City in 1856 and 1857; member of the board of supervisors for New York County, 1858-1875, and president, 1864-1865 and 1870; defeated as the peace candidate for New York County sheriff in 1861; deputy street commissioner of New York City, 1861-1870; member of the New York state senate, 1867-1873; commissioner of the New York City department of public works in 1870; convicted on November 19, 1873, of willfully neglecting to perform a duty of a public officer; sentenced to city prison; released on appeal but remanded to city prison by state authorities to recover lost public funds in June 1875; escaped prison in December 1875 and was captured in Spain; brought back to the United States on a man-of-war, the USS Franklin; confined to city prison until his death on April 12, 1878; interment in Greenwood Cemetery, Brooklyn, N.Y.","relationship":[],"asset":[],"jobPositions":[{"job":{"name":"Representative","jobType":"CongressMemberJob"},"startDate":"1853-03-04","startCirca":false,"congressAffiliation":{"congress":{"name":"The 33rd United States Congress","congressNumber":33,"congressType":"USCongress","startDate":"1853-03-04","endDate":"1855-03-03"},"partyAffiliation":[{"party":{"name":"Democrat"}}],"caucusAffiliation":[{"party":{"name":"Democrat"}}],"represents":{"regionType":"DistrictRegion","regionCode":"NY"}}}],"creativeWork":[{"freeFormCitationText":"Ashby, Ruth. <i>Boss Tweed and Tammany Hall</i>. San Diego, Calif.: Blackbirch Press, 2002."},{"freeFormCitationText":"Bales, William Alan. <i>Tiger In The Streets.</i> New York: Dodd Mead and Company, 1962."},{"freeFormCitationText":"Brezina, Corona.<i> America's Political Scandals in the Late 1800s: Boss Tweed and Tammany Hall</i>. New York: Rosen Publishing Co., 2004."},{"freeFormCitationText":"Callow, Alexander B., Jr. <i>The Tweed Ring.</i> New York: Oxford University Press, 1966."},{"freeFormCitationText":"Hershkowitz, Leo. <i>Tweed's New York: Another Look.</i> Garden City, N.Y.: Anchor Press-Doubleday, 1978."},{"freeFormCitationText":"Hoff, Syd. <i>Boss Tweed and the Man Who Drew Him</i>. New York: Coward, McCann &amp; Geoghegan, 1978."},{"freeFormCitationText":"Lynch, Denis Tilden. <i>Boss Tweed: The Story of a Grim Generation.</i> 1927. Reprint, new extended introduction by Dennis Hale, New Brunswick, N.J.: Transaction Publishers, 2002."},{"freeFormCitationText":"Mandelbaum, Seymour J. <i>Boss Tweed's New York</i>. New York: Wiley, 1965. Reprint, with a new introduction by the author, Chicago: I.R. Dee, 1990."},{"freeFormCitationText":"Pratt, John W. \"Boss Tweed's Public Welfare Program.\" <i>New-York Historical Society Quarterly</i> 45 (October 1961): 396-411."},{"freeFormCitationText":"Tweed, William Marcy.<i> Boss Tweed in Court [microform]: A Documentary History</i>. Project editor, Leo Hershkowitz. Bethesda, Md.: University Publications of America, 1990."}],"researchRecord":[{"name":"In the Cornelius Rea Agnew Papers, 1851-1924, 6 linear feet.","recordType":["Papers"],"description":"Correspondents include William March Tweed.","recordLocation":{"name":"Rare Book and Manuscript Library","location":{"addressLocality":"New York","addressRegion":"NY"},"parentRecordLocation":{"name":"Columbia University","location":{"addressLocality":"New York","addressRegion":"NY"}}}},{"name":"In the Edwin Patrick Kilroe Papers, 1776-1959, 41 boxes.","recordType":["Papers"],"description":"Correspondents include William Marcy Tweed.","recordLocation":{"name":"Rare Book and Manuscript Library","location":{"addressLocality":"New York","addressRegion":"NY"},"parentRecordLocation":{"name":"Columbia University","location":{"addressLocality":"New York","addressRegion":"NY"}}}},{"name":"In the Thomas Nast Collection, ca. 1862-1902, 2 linear feet.","recordType":["Papers"],"description":"The collection includes many caricatures of William Marcy (Boss) Tweed.","recordLocation":{"name":"Special Collections Research Center","location":{"addressLocality":"Syracuse","addressRegion":"NY"},"parentRecordLocation":{"name":"Syracuse University Library","location":{"addressLocality":"Syracuse","addressRegion":"NY"}}}},{"name":"1853-1857. 19 items.","recordType":["Papers"],"description":"Chiefly letters from Tweed as a Representative to James J. Murphy about securing for Murphy the position of postmaster of Williamsburg, NY. Discuss patronage and politics, the Kansas-Nebraska Bill, and the Know Nothing Party. Finding aid in repository.","recordLocation":{"name":"Municipal Archives","location":{"addressLocality":"New York","addressRegion":"NY"},"parentRecordLocation":{"name":"New York City Department of Records and Information Services","location":{"addressLocality":"New York","addressRegion":"NY"}}}},{"name":"1846-1877. 48 items.","recordType":["Papers"],"recordLocation":{"name":"The New-York Historical Society","location":{"addressLocality":"New York","addressRegion":"NY"}}},{"name":"In the Fairchild Collection, ca. 1700-1928. 8.3 linear feet.","recordType":["Papers"],"description":"Persons represented include William Marcy Tweed.","recordLocation":{"name":"The New-York Historical Society","location":{"addressLocality":"New York","addressRegion":"NY"}}},{"name":"In the Henry Fox Taintor Papers, 1858-1913, approximately 65 items.","recordType":["Papers"],"description":"Persons represented include William Marcy Tweed.","recordLocation":{"name":"The New-York Historical Society","location":{"addressLocality":"New York","addressRegion":"NY"}}},{"name":"In the George Jones Papers, ca. 1825-1894, 0.4 linear foot.","recordType":["Papers"],"description":"Persons represented include William Marcy Tweed.","recordLocation":{"name":"Research Library","location":{"addressLocality":"New York","addressRegion":"NY"},"parentRecordLocation":{"name":"New York Public Library","url":"http://www.nypl.org/research/chss/spe/rbk/mss","location":{"addressLocality":"New York","addressRegion":"NY"}}}},{"name":"In the Samuel J. Tilden Papers, ca. 1794-1886, 36 linear feet.","recordType":["Papers"],"description":"Other authors include William Marcy Tweed.","recordLocation":{"name":"Research Library","location":{"addressLocality":"New York","addressRegion":"NY"},"parentRecordLocation":{"name":"New York Public Library","url":"http://www.nypl.org/research/chss/spe/rbk/mss","location":{"addressLocality":"New York","addressRegion":"NY"}}}},{"name":"In the Laurence Hutton Photograph Albums, ca. 1800s, 5 linear feet.","recordType":["Photographs"],"description":"Persons represented include William Marcy Tweed.","recordLocation":{"name":"Manuscripts Division","location":{"addressLocality":"Preinceton","addressRegion":"NJ"},"parentRecordLocation":{"name":"Princeton University Library","location":{"addressLocality":"Princeton","addressRegion":"NJ"}}}},{"name":"In the Thomas Nast Papers, 1860-1902, 1 linear foot.","recordType":["Papers"],"description":"Persons represented include William Marcy Tweed.","recordLocation":{"name":"Rutherford B. Hayes Presidential Center","location":{"addressLocality":"Freemont","addressRegion":"OH"}}},{"name":"In the Carnochan Family Papers, 1745-1929, 11.5 linear feet.","recordType":["Papers"],"description":"Correspondents include William Marcy Tweed.","recordLocation":{"name":"Department of Special Collections Green Library","location":{"addressLocality":"Stanford","addressRegion":"CA"},"parentRecordLocation":{"name":"Stanford University Libraries","location":{"addressLocality":"Stanford","addressRegion":"CA"}}}},{"name":"In the Tweed Family Papers, ca. 1836-1952, approximately 1,852 leaves.","recordType":["Papers"],"description":"Other authors include William Marcy Tweed.","recordLocation":{"name":"Southwest Collection","location":{"addressLocality":"Lubbock","addressRegion":"TX"},"parentRecordLocation":{"name":"Texas Tech University","location":{"addressLocality":"Lubbock","addressRegion":"TX"}}}}],"deleted":false}}
