{"data":{"usCongressBioId":"U000021","familyName":"Upham","givenName":"Charles","middleName":"Wentworth","honorificPrefix":"Mr.","unaccentedFamilyName":"Upham","unaccentedGivenName":"Charles","unaccentedMiddleName":"Wentworth","birthDate":"1802-05-04","birthCirca":false,"deathDate":"1875-06-15","deathCirca":false,"profileText":"A Representative from Massachusetts; born in St. John, New Brunswick, Canada, May 4, 1802; served as an apothecary's apprentice; worked on a farm in Nova Scotia, immigrated to the United States in 1816 and settled in Boston, Mass.; was graduated from the theological department of Harvard University in 1821; was ordained to the ministry and officiated in Salem, Mass., 1824-1844; member of the State house of representatives 1840-1849; unsuccessful Whig candidate for election to the Thirty-second Congress; mayor of Salem, Mass., in 1852; delegate to the State constitutional convention in 1853; elected as a Whig to the Thirty-third Congress (March 4, 1853-March 3, 1855); unsuccessful candidate for reelection in 1854 to the Thirty-fourth Congress; member of the State senate in 1857 and 1858, serving as president; again a member of the State house of representatives in 1859 and 1860; died in Salem, Mass., on June 15, 1875; interment in Harmony Grove Cemetery.","relationship":[{"relationshipType":"cousin","relatedTo":{"usCongressBioId":"U000022","familyName":"Upham","givenName":"George","middleName":"Baxter","honorificPrefix":"Mr.","unaccentedFamilyName":"Upham","unaccentedGivenName":"George","unaccentedMiddleName":"Baxter","birthDate":"1768-12-27","birthCirca":false,"deathDate":"1848-02-10","deathCirca":false}},{"relationshipType":"cousin","relatedTo":{"usCongressBioId":"U000023","familyName":"Upham","givenName":"Jabez","honorificPrefix":"Mr.","unaccentedFamilyName":"Upham","unaccentedGivenName":"Jabez","birthDate":"1764-08-23","birthCirca":false,"deathDate":"1811-11-08","deathCirca":false}}],"asset":[],"jobPositions":[{"job":{"name":"Representative","jobType":"CongressMemberJob"},"startDate":"1853-03-04","startCirca":false,"congressAffiliation":{"congress":{"name":"The 33rd United States Congress","congressNumber":33,"congressType":"USCongress","startDate":"1853-03-04","endDate":"1855-03-03"},"partyAffiliation":[{"party":{"name":"Whig"}}],"caucusAffiliation":[{"party":{"name":"Whig"}}],"represents":{"regionType":"DistrictRegion","regionCode":"MA"}}}],"creativeWork":[{"freeFormCitationText":"Ellis, George Edward. <i>Memoir of Charles Wentworth Upham</i>. Cambridge, [Mass.]: Press of J. Wilson and Son, 1877."},{"freeFormCitationText":"Upham, Charles W.<i> Address at the re-dedication of the Fourth Meeting-house of the First Church in Salem</i>. Salem: Printed at the office of the<i>Salem Gazette</i>, 1867."},{"freeFormCitationText":"------. <i>A discourse at the funeral of the Rev. John Prince</i>. Salem: <i>Gazette Press</i>, 1836."},{"freeFormCitationText":"------. <i>A discourse delivered on the Sabbath after the decease of the Hon. Timothy Pickering</i>. Salem: Foote &amp; Brown, 1829."},{"freeFormCitationText":"------. <i>Discourse on the national fast (May 14, 1841,): Observed on occasion of the death of President Harrison</i>. Boston: Dutton and Wentworth, Printers, 1841."},{"freeFormCitationText":"------. \"John Quincy Adams.\" Foreword to <i>Lives of Celebrated Statesmen</i> by John Quincy Adams. New York: William H. Graham, 1846."},{"freeFormCitationText":"------. <i>Lectures on Witchcraft, Comprising A History of The Delusion in Salem, in 1692.</i> 2nd ed. Boston: Carter and Hendee, 1832."},{"freeFormCitationText":"------. <i>Letters on the Logos.</i> Boston: Bowles and Dearborn, 1828."},{"freeFormCitationText":"------. <i>Life, Explorations and Public Services of John Charles Fremont.</i> Boston: Ticknor and Fields, 1856."},{"freeFormCitationText":"------. <i>Memoir of Francis Peabody, President of the Essex Institute</i>. Salem, Mass.: Essex Institute Press, 1868."},{"freeFormCitationText":"------. <i>Nebraska and Kansas: Speech of Hon. Charles W. Upham, of Mass., in the House of Representatives, May 10, 1854</i>. [Washington, D.C.: N.p., 1854]."},{"freeFormCitationText":"------.<i> Oration, delivered at the request of the city authorities of Salem, July 4, 1842</i>. Salem, [Mass.]: Chapman &amp; Palfray, printers, 1842."},{"freeFormCitationText":"------. <i>An oration delivered before the New England Society in the city of New York</i>. 2d ed. Boston: J. Monroe and Company, 1847."},{"freeFormCitationText":"------. <i>Principles of Congregationalism. The second century lecture of the First Church</i>. Salem: Foote &amp; Brown, 1829."},{"freeFormCitationText":"------. <i>Principles of the Reformation. A sermon preached November 16, 1826, at the dedication of the house of public worship of the First Congregational Society in Salem</i>. Published at the request of the Society. Salem, [Mass.]: Printed by Warwick Palfray, Jr. 1826."},{"freeFormCitationText":"------. <i>Salem Witchcraft; with An Account of Salem Village, and A History of Opinions on Witchcraft and Kindred Subjects.</i> 2 vols. Boston: Wiggin and Lunt, 1867. Reprint, foreword by Brian F. Le Beau. Mineola, N.Y.: Dover Publications, 2000."},{"freeFormCitationText":"------. <i>Speech of Charles W. Upham, of Salem, in the House of Representatives of Massachusetts</i>. Salem: Printed at the <i>Tri-Weekly Gazette</i> Office, 1849."},{"freeFormCitationText":"------, ed. <i>The Life of General Washington, First President of the United States, Written by Himself, Comprising His Memoirs and Correspondence, As Prepared by Him for Publication, Including Several Original Letters Now First Printed.</i> 2 vols. London: Office of the National Illustrated Library, 1852."}],"researchRecord":[{"name":"ca. 1835-1847, 2 items.","recordType":["Papers"],"description":"In a letter to Messrs. Hilliard, Gray and Co., Charles Wentworth Upham proposes, on behalf of Harriet Martineau, collecting and republishing her anonymous writings; in a third letter to R.G. [Beardslee?] Upham responds to his invitation to address the Young Men's Association of Albany, and mentions a throat problem.","recordLocation":{"name":"Albert and Shirley Small Special Collections Library","location":{"addressLocality":"Charlottesville","addressRegion":"VA"},"parentRecordLocation":{"name":"University of Virginia","location":{"addressLocality":"Charlottesville","addressRegion":"VA"}}}},{"name":"ca. 1873, 2 items.","recordType":["Papers"],"description":"This collection consists of a letter to J. Wingate [Thurston?] from Charles Wentworth Upham, who explains the friendship between Edmund Randolph and Timothy Pickering, mentioning Randolph's comment on Pickering's popularity, and discusses Pickering and Wingate family history. The collection also contains a print of Charles Wentworth Upham by F. T. Stuart.","recordLocation":{"name":"Albert and Shirley Small Special Collections Library","location":{"addressLocality":"Charlottesville","addressRegion":"VA"},"parentRecordLocation":{"name":"University of Virginia","location":{"addressLocality":"Charlottesville","addressRegion":"VA"}}}},{"name":"In the Prints and Photographs in the Clifton Waller Barrett Library of American Literature, n.d., 18 boxes.","recordType":["Papers"],"description":"Persons represented include Charles Wentworth Upham.","recordLocation":{"name":"Albert and Shirley Small Special Collections Library","location":{"addressLocality":"Charlottesville","addressRegion":"VA"},"parentRecordLocation":{"name":"University of Virginia","location":{"addressLocality":"Charlottesville","addressRegion":"VA"}}}},{"name":"In the Autograph File - U, ca. 1689-1943, 2 linear feet.","recordType":["Papers"],"description":"Correspondents include Charles Wentworth Upham.","recordLocation":{"name":"Houghton Library","location":{"addressLocality":"Cambridge","addressRegion":"MA"},"parentRecordLocation":{"name":"Harvard University","location":{"addressLocality":"Cambridge","addressRegion":"MA"}}}},{"name":"In the Robert Carter Papers, 1819-1879, 0.5 linear foot.","recordType":["Papers"],"description":"Correspondents include Charles Wentworth Upham.","recordLocation":{"name":"Houghton Library","location":{"addressLocality":"Cambridge","addressRegion":"MA"},"parentRecordLocation":{"name":"Harvard University","location":{"addressLocality":"Cambridge","addressRegion":"MA"}}}},{"name":"In the Ralph Waldo Emerson Papers, ca. 1814-1882, 12 linear feet.","recordType":["Papers"],"description":"Correspondents include Charles Wentworth Upham.","recordLocation":{"name":"Houghton Library","location":{"addressLocality":"Cambridge","addressRegion":"MA"},"parentRecordLocation":{"name":"Harvard University","location":{"addressLocality":"Cambridge","addressRegion":"MA"}}}},{"name":"In the Oliver Wendell Holmes Papers, 1809-1894, 3.6 linear feet.","recordType":["Papers"],"description":"Correspondents include Charles Wentworth Upham.","recordLocation":{"name":"Houghton Library","location":{"addressLocality":"Cambridge","addressRegion":"MA"},"parentRecordLocation":{"name":"Harvard University","location":{"addressLocality":"Cambridge","addressRegion":"MA"}}}},{"name":"In the Henry Wadsworth Longfellow Papers, 1807-1882, 36 linear feet.","recordType":["Papers"],"description":"Correspondents include Charles Wentworth Upham.","recordLocation":{"name":"Houghton Library","location":{"addressLocality":"Cambridge","addressRegion":"MA"},"parentRecordLocation":{"name":"Harvard University","location":{"addressLocality":"Cambridge","addressRegion":"MA"}}}},{"name":"In the George Nichols Correspondence, 1809-1882, 2 linear feet.","recordType":["Papers"],"description":"Correspondents include Charles Wentworth Upham.","recordLocation":{"name":"Houghton Library","location":{"addressLocality":"Cambridge","addressRegion":"MA"},"parentRecordLocation":{"name":"Harvard University","location":{"addressLocality":"Cambridge","addressRegion":"MA"}}}},{"name":"In the North American Review Papers, 1831-1843, 7 linear feet.","recordType":["Papers"],"description":"Persons represented include Charles Wentworth Upham.","recordLocation":{"name":"Houghton Library","location":{"addressLocality":"Cambridge","addressRegion":"MA"},"parentRecordLocation":{"name":"Harvard University","location":{"addressLocality":"Cambridge","addressRegion":"MA"}}}},{"name":"In the Palfrey Family Papers, ca. 1713-1915, 60 linear feet.","recordType":["Papers"],"description":"Correspondents include Charles Wentworth Upham.","recordLocation":{"name":"Houghton Library","location":{"addressLocality":"Cambridge","addressRegion":"MA"},"parentRecordLocation":{"name":"Harvard University","location":{"addressLocality":"Cambridge","addressRegion":"MA"}}}},{"name":"In the Peleg W. Chandler Letters Received, 1866-1874, approximately 185 items.","recordType":["Papers"],"description":"Correspondents include Charles Wentworth Upham.","recordLocation":{"name":"Boston Public Library","location":{"addressLocality":"Boston","addressRegion":"MA"}}},{"name":"In the Isaac Sherman Papers, 1832-1913, approximately 5000 pieces.","recordType":["Papers"],"description":"Correspondents include Charles W. Upham.","recordLocation":{"name":"The Huntington Library","location":{"addressLocality":"San Marino","addressRegion":"CA"}}},{"name":"In the Samuel J. May Diary, 1869, 1 volume.","recordType":["Papers"],"description":"Persons represented include Charles Wentworth Upham.","recordLocation":{"name":"Carl A. Kroch Library","location":{"addressLocality":"Ithaca","addressRegion":"NY"},"parentRecordLocation":{"name":"Cornell University","location":{"addressLocality":"Ithaca","addressRegion":"NY"}}}}]}}
