{"data":{"usCongressBioId":"U000024","familyName":"Upham","givenName":"Nathaniel","honorificPrefix":"Mr.","unaccentedFamilyName":"Upham","unaccentedGivenName":"Nathaniel","birthDate":"1774-06-09","birthCirca":false,"birthDateUnknown":false,"deathDate":"1829-07-10","deathCirca":false,"deathDateUnknown":false,"profileText":"A Representative from New Hampshire; born in Deerfield, N.H., June 9, 1774; pursued classical studies and attended the Phillips Exeter Academy, Exeter, N.H., in 1793; engaged in mercantile pursuits at Gilmanton in 1794, at Deerfield in 1796, at Portsmouth in 1801, and at Rochester in 1802 and afterward; member of the State house of representatives 1807-1809; governor's counselor in 1811 and 1812; elected as a Democratic Republican to the Fifteenth Congress and reelected to the Sixteenth and Seventeenth Congresses (March 4, 1817-March 3, 1823); declined to be a candidate for renomination in 1822; returned to Rochester, N.H., and became interested in educational work; died in Rochester, N.H., July 10, 1829; interment in Old Rochester Cemetery.","relationship":[],"asset":[],"jobPositions":[{"job":{"name":"Representative","jobType":"CongressMemberJob"},"startDate":"1817-12-01","startCirca":false,"endCirca":false,"congressAffiliation":{"congress":{"name":"The 15th United States Congress","congressNumber":15,"congressType":"USCongress","startDate":"1817-03-04","endDate":"1819-03-03"},"partyAffiliation":[{"party":{"name":"Democratic Republican"},"startCirca":false,"endCirca":false}],"caucusAffiliation":[{"party":{"name":"Democratic Republican"},"startCirca":false,"endCirca":false}],"represents":{"regionType":"StateRegion","regionCode":"NH"}}},{"job":{"name":"Representative","jobType":"CongressMemberJob"},"startDate":"1819-12-06","startCirca":false,"endCirca":false,"congressAffiliation":{"congress":{"name":"The 16th United States Congress","congressNumber":16,"congressType":"USCongress","startDate":"1819-12-06","endDate":"1821-03-03"},"partyAffiliation":[{"party":{"name":"Democratic Republican"},"startCirca":false,"endCirca":false}],"caucusAffiliation":[{"party":{"name":"Democratic Republican"},"startCirca":false,"endCirca":false}],"represents":{"regionType":"StateRegion","regionCode":"NH"}}},{"job":{"name":"Representative","jobType":"CongressMemberJob"},"startDate":"1821-12-03","startCirca":false,"endCirca":false,"congressAffiliation":{"congress":{"name":"The 17th United States Congress","congressNumber":17,"congressType":"USCongress","startDate":"1821-12-03","endDate":"1823-03-03"},"partyAffiliation":[{"party":{"name":"Democratic Republican"},"startCirca":false,"endCirca":false}],"caucusAffiliation":[{"party":{"name":"Democratic Republican"},"startCirca":false,"endCirca":false}],"represents":{"regionType":"StateRegion","regionCode":"NH"}}}],"creativeWork":[],"researchRecord":[{"name":"In the Hale Family Papers, 1720-1950, 40 boxes and 19 volumes.","recordType":["Papers"],"description":"Correspondents include Nathaniel Upham.","recordLocation":{"name":"Manuscript Division","location":{"addressLocality":"Washington","addressRegion":"DC"},"parentRecordLocation":{"name":"Library of Congress","location":{"addressLocality":"Washington","addressRegion":"DC"}}}},{"name":"December 1, 1823; December 4, 1825. 2 letters.","recordType":["Papers"],"description":"Finding aid in repository.","recordLocation":{"name":"New-York Historical Society","location":{"addressLocality":"New York","addressRegion":"NY"}}}],"deleted":false}}
