{"data":{"usCongressBioId":"U000023","familyName":"Upham","givenName":"Jabez","honorificPrefix":"Mr.","unaccentedFamilyName":"Upham","unaccentedGivenName":"Jabez","birthDate":"1764-08-23","birthCirca":false,"deathDate":"1811-11-08","deathCirca":false,"profileText":"A Representative from Massachusetts; born in Brookfield, Mass., August 23, 1764; was graduated from Harvard University in 1785; studied law; was admitted to the bar and commenced practice in Sturbridge, Mass.; moved to Claremont, N.H., and thence to Brookfield, Mass., where he continued the practice of law; member of the State house of representatives 1804-1806 and in 1811; elected as a Federalist to the Tenth and Eleventh Congresses, and served from March 4, 1807, until his resignation in 1810; died in Brookfield, Mass., November 8, 1811; interment in New Cemetery, West Brookfield, Mass.","relationship":[{"relationshipType":"brother","relatedTo":{"usCongressBioId":"U000022","familyName":"Upham","givenName":"George","middleName":"Baxter","honorificPrefix":"Mr.","unaccentedFamilyName":"Upham","unaccentedGivenName":"George","unaccentedMiddleName":"Baxter","birthDate":"1768-12-27","birthCirca":false,"deathDate":"1848-02-10","deathCirca":false}},{"relationshipType":"cousin","relatedTo":{"usCongressBioId":"U000021","familyName":"Upham","givenName":"Charles","middleName":"Wentworth","honorificPrefix":"Mr.","unaccentedFamilyName":"Upham","unaccentedGivenName":"Charles","unaccentedMiddleName":"Wentworth","birthDate":"1802-05-04","birthCirca":false,"deathDate":"1875-06-15","deathCirca":false}}],"asset":[],"jobPositions":[{"job":{"name":"Representative","jobType":"CongressMemberJob"},"startDate":"1807-10-26","startCirca":false,"congressAffiliation":{"congress":{"name":"The 10th United States Congress","congressNumber":10,"congressType":"USCongress","startDate":"1807-10-26","endDate":"1809-03-03"},"partyAffiliation":[{"party":{"name":"Federalist"}}],"caucusAffiliation":[{"party":{"name":"Federalist"}}],"represents":{"regionType":"StateRegion","regionCode":"MA"},"note":[{"type":"Note","noteType":"FootNote","content":"Represented district of Worcester - South."}]}},{"job":{"name":"Representative","jobType":"CongressMemberJob"},"startDate":"1809-05-22","startCirca":false,"endDate":"1810","endCirca":true,"departureReason":"Resigned","congressAffiliation":{"congress":{"name":"The 11th United States Congress","congressNumber":11,"congressType":"USCongress","startDate":"1809-03-04","endDate":"1811-03-03"},"departureReason":"Resigned","partyAffiliation":[{"party":{"name":"Federalist"}}],"caucusAffiliation":[{"party":{"name":"Federalist"}}],"represents":{"regionType":"StateRegion","regionCode":"MA"},"note":[{"type":"Note","noteType":"FootNote","content":"Represented district of Worcester - South."},{"type":"Note","noteType":"FootNote","content":"Resigned in 1810."}]}}],"creativeWork":[],"researchRecord":[{"name":"1792-1876, 0.5 linear foot.","recordType":["Papers"],"description":"The papers contain correspondence, mainly from Jabez Upham to his wife, Lucy Franklin Upham, while he was in Congress. Also includes legal documents and letters to him from others pertaining mainly to political matters.","recordLocation":{"name":"Houghton Library","location":{"addressLocality":"Cambridge","addressRegion":"MA"},"parentRecordLocation":{"name":"Harvard University","location":{"addressLocality":"Cambridge","addressRegion":"MA"}}}},{"name":"1804, 1 item.","recordType":["Papers"],"description":"A letter from Jabez Upham to fellow Massachusetts politician William Stedman written on January 14, 1804. In the letter, Upham writes chiefly reflecting his own state of mind.","recordLocation":{"name":"Manuscript Division","location":{"addressLocality":"Washington","addressRegion":"DC"},"parentRecordLocation":{"name":"Library of Congress","location":{"addressLocality":"Washington","addressRegion":"DC"}}}},{"name":"5 letters.","recordType":["Papers"],"recordLocation":{"name":"Boston Public Library","location":{"addressLocality":"Boston","addressRegion":"MA"}}}]}}
