{"data":{"usCongressBioId":"V000026","familyName":"Vandergriff","givenName":"Tommy","middleName":"Joe","nickName":"Tom","unaccentedFamilyName":"Vandergriff","unaccentedGivenName":"Tommy","unaccentedMiddleName":"Joe","birthDate":"1926-01-29","birthCirca":false,"deathDate":"2010-12-30","deathCirca":false,"profileText":"a Representative from Texas; born in Carrollton, Dallas County, Tex., January 29, 1926; attended public schools of Carrollton and Arlington, Tex.; B.A., University of Southern California, Los Angeles, 1947; automobile dealer; insurance agency owner; elected, mayor of Arlington, Tex., 1951-1977; elected as a Democrat to the Ninety-eighth Congress (January 3, 1983-January 3, 1985); unsuccessful candidate for reelection to the Ninety-ninth Congress; resumed his automobile business; died on December 30, 2010, in Fort Worth, Tex.; interment at Moore Memorial Gardens, Arlington, Tex.","relationship":[],"asset":[],"jobPositions":[{"job":{"name":"Representative","jobType":"CongressMemberJob"},"congressAffiliation":{"congress":{"name":"The 98th United States Congress","congressNumber":98,"congressType":"USCongress","startDate":"1983-01-03","endDate":"1985-01-03"},"partyAffiliation":[{"party":{"name":"Democrat"}}],"caucusAffiliation":[{"party":{"name":"Democrat"}}],"represents":{"regionType":"StateRegion","regionCode":"TX"}}}],"creativeWork":[],"researchRecord":[{"name":"In the Lloyd M. Bentsen, Jr., Papers, Part 2 - Press Office Files, 1921-1998, 189 cubic feet.","recordType":["Papers"],"description":"Persons represented include Tom Vandergriff.","recordLocation":{"name":"The Center for American History","location":{"addressLocality":"Austin","addressRegion":"TX"},"parentRecordLocation":{"name":"University of Texas at Austin","location":{"addressLocality":"Austin","addressRegion":"TX"}}}}],"deleted":false}}
