{"data":{"usCongressBioId":"V000007","familyName":"Valk","givenName":"William","middleName":"Weightman","honorificPrefix":"Mr.","unaccentedFamilyName":"Valk","unaccentedGivenName":"William","unaccentedMiddleName":"Weightman","birthDate":"1806-10-12","birthCirca":false,"birthDateUnknown":false,"deathDate":"1879-09-20","deathCirca":false,"deathDateUnknown":false,"profileText":"A Representative from New York; born in Charleston, S.C., October 12, 1806; attended the local school and was graduated from the University of South Carolina at Columbia in 1830; studied medicine and commenced practice in Bridgeport, Conn.; served as assistant surgeon on the U.S. frigate <i>Constellation; </i> went to California about 1849 during the gold rush; finally settled in Flushing, Long Island, N.Y., and continued the practice of medicine until elected to Congress; elected as an American to the Thirty-fourth Congress (March 4, 1855-March 3, 1857); unsuccessful candidate for reelection in 1856 to the Thirty-fifth Congress; during the Civil War was surgeon in the Second Regiment, Maryland Volunteer Infantry; appointed a clerk in the United States Pension Office at Washington, D.C., in 1867 and served until his death in that city September 20, 1879; interment in Flushing Cemetery, Flushing, Queens County, N.Y.","relationship":[],"asset":[],"jobPositions":[{"job":{"name":"Representative","jobType":"CongressMemberJob"},"startDate":"1855-03-04","startCirca":false,"endCirca":false,"congressAffiliation":{"congress":{"name":"The 34th United States Congress","congressNumber":34,"congressType":"USCongress","startDate":"1855-12-03","endDate":"1857-03-03"},"partyAffiliation":[{"party":{"name":"American"},"startCirca":false,"endCirca":false}],"caucusAffiliation":[{"party":{"name":"American"},"startCirca":false,"endCirca":false}],"represents":{"regionType":"DistrictRegion","regionCode":"NY"}}}],"creativeWork":[],"researchRecord":[{"name":"October 23 and 29, 1854. 2 letters.","recordType":["Papers"],"description":"Finding aid in repository.","recordLocation":{"name":"New-York Historical Society","location":{"addressLocality":"New York","addressRegion":"NY"}}}],"deleted":false}}
