{"data":{"usCongressBioId":"V000023","familyName":"Van Cortlandt","givenName":"Pierre","honorificPrefix":"Mr.","honorificSuffix":"Jr.","unaccentedFamilyName":"Van Cortlandt","unaccentedGivenName":"Pierre","birthDate":"1762-08-29","birthCirca":false,"birthDateUnknown":false,"deathDate":"1848-07-13","deathCirca":false,"deathDateUnknown":false,"profileText":"A Representative from New York; born at Van Cortlandt Manor, Croton, Westchester County, N.Y., August 29, 1762; pursued classical studies; was graduated from Queen's College (later Rutgers College), New Brunswick, N.J., in 1783; studied law in the office of Alexander Hamilton; was admitted to the bar and commenced practice; retired from his law practice and devoted his time managing his estate in Westchester County; member of the New York state assembly in 1811 and 1812; elected as a Democratic Republican to the Twelfth Congress (March 4, 1811-March 3, 1813); presidential elector on the Harrison ticket in 1840; founded and was president of the Westchester County Bank at Peekskill, N.Y., from 1833 until his death there July 13, 1848; interment in Hillside Cemetery.","relationship":[{"relationshipType":"brother","relatedTo":{"usCongressBioId":"V000022","familyName":"Van Cortlandt","givenName":"Philip","honorificPrefix":"Mr.","unaccentedFamilyName":"Van Cortlandt","unaccentedGivenName":"Philip","birthDate":"1749-08-21","birthCirca":false,"birthDateUnknown":false,"deathDate":"1831-11-21","deathCirca":false,"deathDateUnknown":false,"deleted":false}}],"asset":[],"jobPositions":[{"job":{"name":"Representative","jobType":"CongressMemberJob"},"startDate":"1811-11-04","startCirca":false,"endCirca":false,"congressAffiliation":{"congress":{"name":"The 12th United States Congress","congressNumber":12,"congressType":"USCongress","startDate":"1811-11-04","endDate":"1813-03-03"},"partyAffiliation":[{"party":{"name":"Democratic Republican"},"startCirca":false,"endCirca":false}],"caucusAffiliation":[{"party":{"name":"Democratic Republican"},"startCirca":false,"endCirca":false}],"represents":{"regionType":"DistrictRegion","regionCode":"NY"}}}],"creativeWork":[{"freeFormCitationText":"<i>Correspondence of the Van Cortlandt Family of Cortlandt Manor, 1815-1848</i>. Compiled and edited by Jacob Judd. Tarrytown, N.Y. : Sleepy Hollow Restorations, 1981."}],"researchRecord":[{"name":"1812, 1 item.","recordType":["Papers"],"description":"A letter from Pierre Van Cortlandt to his son, Pierre, written on June 3, 1812. In the letter, Van Cortlandt writes on local and family matters.","recordLocation":{"name":"Department of Literary and Historical Manuscripts","location":{"addressLocality":"New York","addressRegion":"NY"},"parentRecordLocation":{"name":"The Morgan Library","location":{"addressLocality":"New York","addressRegion":"NY"}}}},{"name":"In the Van Cortlandt Family Papers, 1688-1846, 0.8 linear foot.","recordType":["Papers"],"description":"Other authors include Pierre Van Cortlandt.","recordLocation":{"name":"New-York Historical Society","location":{"addressLocality":"New York","addressRegion":"NY"}}},{"name":"In the Van Cortlandt House Collection, 1648-1806, 0.5 linear foot.","recordType":["Papers"],"description":"Other authors include Pierre Van Cortlandt.","recordLocation":{"name":"New-York Historical Society","location":{"addressLocality":"New York","addressRegion":"NY"}}},{"name":"1787-1845, 0.4 linear foot.","recordType":["Papers"],"description":"The collection consists mainly of letters received by Pierre Van Cortlandt. The letters concern family, political and personal matters and are from members of the Van Cortlandt family, the Clinton family, as well as political figures.","recordLocation":{"name":"New York Public Library","url":"http://www.nypl.org/research/chss/spe/rbk/mss","location":{"addressLocality":"New York","addressRegion":"NY"}}},{"name":"In the Van Cortlandt-Van Wyck Family Papers, 1667-1912, 3 linear feet.","recordType":["Papers"],"description":"There is a significant amount of correspondence between Pierre Van Cortlandt and his son Philip.","recordLocation":{"name":"New York Public Library","url":"http://www.nypl.org/research/chss/spe/rbk/mss","location":{"addressLocality":"New York","addressRegion":"NY"}}},{"name":"8 letters.","recordType":["Papers"],"recordLocation":{"name":"Boston Public Library","location":{"addressLocality":"Boston","addressRegion":"MA"}}},{"name":"In the Report of Canvassing Committees, 1792, 2 pages.","recordType":["Papers"],"description":"Persons represented include Pierre Van Cortlandt.","recordLocation":{"name":"New York State Library","location":{"addressLocality":"Albany","addressRegion":"NY"}}},{"name":"April 16, 1798. 1 broadside.","recordType":["Papers"],"description":"Finding aid in repository.","recordLocation":{"name":"Brooklyn Historical Society","location":{"addressLocality":"Brooklyn","addressRegion":"NY"}}},{"name":"In the William Heath Papers, 1776-1782, 2 items.","recordType":["Papers"],"description":"The papers contain a note to Pierre Van Cortlandt written on November 23, 1776, requesting a copy of the Continental Congress' resolution to muster an army;","recordLocation":{"name":"Special Collections","location":{"addressLocality":"West Point","addressRegion":"NY"},"parentRecordLocation":{"name":"United States Military Academy","location":{"addressLocality":"West Point","addressRegion":"NY"}}}}],"deleted":false}}
