{"data":{"usCongressBioId":"V000068","familyName":"Van Wyck","givenName":"William","middleName":"William","honorificPrefix":"Mr.","unaccentedFamilyName":"Van Wyck","unaccentedGivenName":"William","unaccentedMiddleName":"William","birthDate":"1777-08-09","birthCirca":false,"deathDate":"1840-08-27","deathCirca":false,"profileText":"A Representative from New York; born near Fishkill, Dutchess County, N.Y., August 9, 1777; attended the public schools and Fishkill Academy; engaged in agricultural pursuits; elected as a Democratic Republican to the Seventeenth Congress and as an Adams-Clay Republican to the Eighteenth Congress (March 4, 1821-March 3, 1825); chairman, Committee on Expenditures in the Post Office Department (Eighteenth Congress); moved to Sudley, Fairfax County, Va., and engaged in planting; returned to Dutchess County, N.Y., and died in Fishkill, N.Y., August 27, 1840; interment in the Dutch Reformed Churchyard.","relationship":[],"asset":[],"jobPositions":[{"job":{"name":"Representative","jobType":"CongressMemberJob"},"startDate":"1821-12-03","startCirca":false,"endCirca":false,"congressAffiliation":{"congress":{"name":"The 17th United States Congress","congressNumber":17,"congressType":"USCongress","startDate":"1821-12-03","endDate":"1823-03-03"},"partyAffiliation":[{"party":{"name":"Democratic Republican"},"startCirca":false,"endCirca":false}],"represents":{"regionType":"DistrictRegion","regionCode":"NY"}}},{"job":{"name":"Representative","jobType":"CongressMemberJob"},"startDate":"1823-12-01","startCirca":false,"endCirca":false,"congressAffiliation":{"congress":{"name":"The 18th United States Congress","congressNumber":18,"congressType":"USCongress","startDate":"1823-12-01","endDate":"1825-03-03"},"partyAffiliation":[{"party":{"name":"Adams-Clay Republican"},"startCirca":false,"endCirca":false}],"represents":{"regionType":"DistrictRegion","regionCode":"NY"}}}],"creativeWork":[],"researchRecord":[],"deleted":false}}
