{"data":{"usCongressBioId":"V000022","familyName":"Van Cortlandt","givenName":"Philip","honorificPrefix":"Mr.","unaccentedFamilyName":"Van Cortlandt","unaccentedGivenName":"Philip","birthDate":"1749-08-21","birthCirca":false,"birthDateUnknown":false,"deathDate":"1831-11-21","deathCirca":false,"deathDateUnknown":false,"profileText":"A Representative from New York; born in New York City August 21, 1749; pursued classical studies; attended Coldenham Academy; engaged as a civil engineer; member of the Provincial Congress in 1775; during the Revolutionary War served as lieutenant colonel and was mustered out of the service with the rank of brigadier general for gallant conduct at the siege of Yorktown under General Lafayette; delegate to the State ratification convention in 1788; served as supervisor of the town of Cortlandt, and as school commissioner and road master; member of the New York state assembly 1788-1790; served in the New York state senate 1791-1793; elected as an Anti-Administration candidate to the Third Congress and reelected as a Democratic Republican to the seven succeeding Congresses (March 4, 1793-March 3, 1809); engaged in agricultural pursuits; was a charter member of the Society of the Cincinnati; died at Van Cortlandt Manor, Croton on Hudson, Westchester County, N.Y., on November 21, 1831; interment in Hillside Cemetery, Peekskill, N.Y.","relationship":[{"relationshipType":"brother","relatedTo":{"usCongressBioId":"V000023","familyName":"Van Cortlandt","givenName":"Pierre","honorificPrefix":"Mr.","honorificSuffix":"Jr.","unaccentedFamilyName":"Van Cortlandt","unaccentedGivenName":"Pierre","birthDate":"1762-08-29","birthCirca":false,"birthDateUnknown":false,"deathDate":"1848-07-13","deathCirca":false,"deathDateUnknown":false,"deleted":false}}],"asset":[],"jobPositions":[{"job":{"name":"Representative","jobType":"CongressMemberJob"},"startDate":"1793-12-02","startCirca":false,"endCirca":false,"congressAffiliation":{"congress":{"name":"The 3rd United States Congress","congressNumber":3,"congressType":"USCongress","startDate":"1793-03-04","endDate":"1795-03-03"},"partyAffiliation":[{"party":{"name":"Anti-Administration"},"startCirca":false,"endCirca":false}],"caucusAffiliation":[{"party":{"name":"Anti-Administration"},"startCirca":false,"endCirca":false}],"represents":{"regionType":"DistrictRegion","regionCode":"NY"}}},{"job":{"name":"Representative","jobType":"CongressMemberJob"},"startDate":"1795-12-07","startCirca":false,"endCirca":false,"congressAffiliation":{"congress":{"name":"The 4th United States Congress","congressNumber":4,"congressType":"USCongress","startDate":"1795-06-08","endDate":"1797-03-03"},"partyAffiliation":[{"party":{"name":"Democratic Republican"},"startCirca":false,"endCirca":false}],"caucusAffiliation":[{"party":{"name":"Democratic Republican"},"startCirca":false,"endCirca":false}],"represents":{"regionType":"DistrictRegion","regionCode":"NY"}}},{"job":{"name":"Representative","jobType":"CongressMemberJob"},"startDate":"1797-05-15","startCirca":false,"endCirca":false,"congressAffiliation":{"congress":{"name":"The 5th United States Congress","congressNumber":5,"congressType":"USCongress","startDate":"1797-03-04","endDate":"1799-03-03"},"partyAffiliation":[{"party":{"name":"Democratic Republican"},"startCirca":false,"endCirca":false}],"caucusAffiliation":[{"party":{"name":"Democratic Republican"},"startCirca":false,"endCirca":false}],"represents":{"regionType":"DistrictRegion","regionCode":"NY"}}},{"job":{"name":"Representative","jobType":"CongressMemberJob"},"startDate":"1799-12-02","startCirca":false,"endCirca":false,"congressAffiliation":{"congress":{"name":"The 6th United States Congress","congressNumber":6,"congressType":"USCongress","startDate":"1799-12-02","endDate":"1801-03-03"},"partyAffiliation":[{"party":{"name":"Democratic Republican"},"startCirca":false,"endCirca":false}],"caucusAffiliation":[{"party":{"name":"Democratic Republican"},"startCirca":false,"endCirca":false}],"represents":{"regionType":"DistrictRegion","regionCode":"NY"}}},{"job":{"name":"Representative","jobType":"CongressMemberJob"},"startDate":"1801-12-07","startCirca":false,"endCirca":false,"congressAffiliation":{"congress":{"name":"The 7th United States Congress","congressNumber":7,"congressType":"USCongress","startDate":"1801-03-04","endDate":"1803-03-03"},"partyAffiliation":[{"party":{"name":"Democratic Republican"},"startCirca":false,"endCirca":false}],"caucusAffiliation":[{"party":{"name":"Democratic Republican"},"startCirca":false,"endCirca":false}],"represents":{"regionType":"DistrictRegion","regionCode":"NY"}}},{"job":{"name":"Representative","jobType":"CongressMemberJob"},"startDate":"1803-10-17","startCirca":false,"endCirca":false,"congressAffiliation":{"congress":{"name":"The 8th United States Congress","congressNumber":8,"congressType":"USCongress","startDate":"1803-10-17","endDate":"1805-03-03"},"partyAffiliation":[{"party":{"name":"Democratic Republican"},"startCirca":false,"endCirca":false}],"caucusAffiliation":[{"party":{"name":"Democratic Republican"},"startCirca":false,"endCirca":false}],"represents":{"regionType":"DistrictRegion","regionCode":"NY"}}},{"job":{"name":"Representative","jobType":"CongressMemberJob"},"startDate":"1805-12-02","startCirca":false,"endCirca":false,"congressAffiliation":{"congress":{"name":"The 9th United States Congress","congressNumber":9,"congressType":"USCongress","startDate":"1805-12-02","endDate":"1807-03-03"},"partyAffiliation":[{"party":{"name":"Democratic Republican"},"startCirca":false,"endCirca":false}],"caucusAffiliation":[{"party":{"name":"Democratic Republican"},"startCirca":false,"endCirca":false}],"represents":{"regionType":"DistrictRegion","regionCode":"NY"}}},{"job":{"name":"Representative","jobType":"CongressMemberJob"},"startDate":"1807-10-26","startCirca":false,"endCirca":false,"congressAffiliation":{"congress":{"name":"The 10th United States Congress","congressNumber":10,"congressType":"USCongress","startDate":"1807-10-26","endDate":"1809-03-03"},"partyAffiliation":[{"party":{"name":"Democratic Republican"},"startCirca":false,"endCirca":false}],"caucusAffiliation":[{"party":{"name":"Democratic Republican"},"startCirca":false,"endCirca":false}],"represents":{"regionType":"DistrictRegion","regionCode":"NY"}}}],"creativeWork":[{"freeFormCitationText":"Van Cortlandt, Pierre [et al.]. <i>Correspondence of the Van Cortlandt Family of Cortlandt Manor, 1748-1800</i>. Compiled and edited by Jacob Judd. Tarrytown, NY: Sleepy Hollow Restorations, 1977."},{"freeFormCitationText":"------. <i>Correspondence of the Van Cortlandt Family of Cortlandt Manor, 1800-1814</i>. Compiled and edited by Jacob Judd. Tarrytown, N.Y.: Sleepy Hollow Restorations, 1978."},{"freeFormCitationText":"------. <i>Correspondence of the Van Cortlandt Family of Cortlandt Manor, 1814-1848</i>. Compiled and edited by Jacob Judd. (Van Cortlandt Family Papers, Vol. 4.) Tarrytown, N.Y.: Sleepy Hollow Restorations, 1981."},{"freeFormCitationText":"------.<i> The Revolutionary War Memoir and Selected Correspondence of Philip Van Cortlandt</i>. Compiled and edited by Jacob Judd. Tarrytown, N.Y.: Sleepy Hollow Restorations, 1976."}],"researchRecord":[{"name":"1779, 1 item.","recordType":["Papers"],"description":"A letter from Philip Van Cortlandt to General Edward Hand written on May 23, 1779. In the letter, Van Cortlandt writes that he is forwarding a letter from General Sullivan by express with guards.","recordLocation":{"name":"Department of Literary and Historical Manuscripts","location":{"addressLocality":"New York","addressRegion":"NY"},"parentRecordLocation":{"name":"The Morgan Library","location":{"addressLocality":"New York","addressRegion":"NY"}}}},{"name":"In the Revolutionary War Military Records, 1776-1783, 8 volumes.","recordType":["Papers"],"description":"Other authors include Philip Van Cortlandt.","recordLocation":{"name":"New Jersey Historical Society","location":{"addressLocality":"Newark","addressRegion":"NJ"}}},{"name":"In the Van Cortlandt Family Papers, 1688-1846, 0.8 linear foot.","recordType":["Papers"],"description":"The collection includes legal papers related to Philip Van Cortlandt, letters from him, and an inventory of his estate.","recordLocation":{"name":"New-York Historical Society","location":{"addressLocality":"New York","addressRegion":"NY"}}},{"name":"In the Van Cortlandt-Van Wyck Family Papers, 1667-1912, 3 linear feet.","recordType":["Papers"],"description":"There is a significant amount of correspondence between Pierre Van Cortlandt and his son Philip.","recordLocation":{"name":"New York Public Library","url":"http://www.nypl.org/research/chss/spe/rbk/mss","location":{"addressLocality":"New York","addressRegion":"NY"}}},{"name":"1783, 1 sheet.","recordType":["Papers"],"description":"A quasi-discharge given in June of 1783 to Willm. Hunth private, who had served in the Second New York Regiment during the Revolution. The document states that Hunth's release is to be considered a furlough until a peace treaty between the United States and Great Britain is signed. The document is signed by PresidentWashington, and countersigned by Colonel John Trumbull and Colonel Philip Van Cortlandt.","recordLocation":{"name":"Bridwell Library","location":{"addressLocality":"Dallas","addressRegion":"TX"},"parentRecordLocation":{"name":"Southern Methodist University","location":{"addressLocality":"Dallas","addressRegion":"TX"}}}}],"deleted":false}}
