{"data":{"usCongressBioId":"V000013","familyName":"Van Alstyne","givenName":"Thomas","middleName":"Jefferson","unaccentedFamilyName":"Van Alstyne","unaccentedGivenName":"Thomas","unaccentedMiddleName":"Jefferson","birthDate":"1827","birthCirca":false,"deathDate":"1903","deathCirca":false,"profileText":"A Representative from New York; born in Richmondville, Schoharie County, N.Y., July 25, 1827; attended the common schools, Moravia (N.Y.) Academy, and Hartwick (N.Y.) Seminary, and was graduated from Hamilton College, Clinton, N.Y., in 1848; studied law in Albany, N.Y.; was admitted to the bar in 1849 and commenced practice in that city; served as judge advocate with the rank of major during the Civil War; judge of Albany County 1871-1882; elected as a Democrat to the Forty-eighth Congress (March 4, 1883-March 3, 1885); unsuccessful candidate for reelection in 1884 to the Forty-ninth Congress; resumed the practice of law; mayor of Albany, N.Y., 1898-1900; died in Albany, N.Y., October 26, 1903; interment in the Rural Cemetery.","relationship":[],"asset":[],"jobPositions":[{"job":{"name":"Representative","jobType":"CongressMemberJob"},"congressAffiliation":{"congress":{"name":"The 48th United States Congress","congressNumber":48,"congressType":"USCongress","startDate":"1883-12-03","endDate":"1885-03-04"},"partyAffiliation":[{"party":{"name":"Democrat"}}],"caucusAffiliation":[{"party":{"name":"Democrat"}}],"represents":{"regionType":"StateRegion","regionCode":"NY"}}}],"creativeWork":[],"researchRecord":[{"name":"In the Van Alstyne Family Papers, 1863-1964, 6.3 cubic feet.","recordType":["Papers"],"description":"The papers contain diaries and scrapbooks containing texts of speeches by Thomas J. Van Alstyne, as well as newsclippings, programs, letters, and photographs.","recordLocation":{"name":"McKinney Library","location":{"addressLocality":"Albany","addressRegion":"NY"},"parentRecordLocation":{"name":"Albany Institute of History and Art","location":{"addressLocality":"Albany","addressRegion":"NY"}}}}]}}
