{"data":{"usCongressBioId":"V000079","familyName":"Veeder","givenName":"William","middleName":"Davis","unaccentedFamilyName":"Veeder","unaccentedGivenName":"William","unaccentedMiddleName":"Davis","birthDate":"1835-05-19","birthCirca":false,"deathDate":"1910-12-02","deathCirca":false,"profileText":"A Representative from New York; born in Guilderland, Albany County, N.Y., May 19, 1835; completed preparatory studies; studied law; was admitted to the bar and commenced the practice of law in Brooklyn, N.Y., in 1858; served in the State assembly in 1865 and 1866; delegate to the Democratic State conventions in 1875 and 1877; member of the State constitutional convention in 1867 and 1868; surrogate of Kings County, N.Y., 1867-1877; elected as a Democrat to the Forty-fifth Congress (March 4, 1877-March 3, 1879); was not a candidate for renomination in 1878; resumed the practice of law in Brooklyn; member of the State constitutional convention in 1887 and 1888; died in Brooklyn, N.Y., December 2, 1910; interment in Prospect Hill Cemetery, Guilderland, N.Y.","relationship":[],"asset":[],"jobPositions":[{"job":{"name":"Representative","jobType":"CongressMemberJob"},"congressAffiliation":{"congress":{"name":"The 45th United States Congress","congressNumber":45,"congressType":"USCongress","startDate":"1877-03-05","endDate":"1879-03-03"},"partyAffiliation":[{"party":{"name":"Democrat"}}],"caucusAffiliation":[{"party":{"name":"Democrat"}}],"represents":{"regionType":"StateRegion","regionCode":"NY"}}}],"creativeWork":[],"researchRecord":[{"name":"1 letter (June 24, 1885) in the Willard Bartlett collection.","recordType":["Papers"],"description":"Personal business. Finding aid in repository.","recordLocation":{"name":"Rare Book and Manuscript Library","location":{"addressLocality":"New York","addressRegion":"NY"},"parentRecordLocation":{"name":"Columbia University","location":{"addressLocality":"New York","addressRegion":"NY"}}}}],"deleted":false}}
