{"data":{"usCongressBioId":"V000073","familyName":"Varnum","givenName":"John","honorificPrefix":"Mr.","unaccentedFamilyName":"Varnum","unaccentedGivenName":"John","birthDate":"1778-06-25","birthCirca":false,"birthDateUnknown":false,"deathDate":"1836-07-23","deathCirca":false,"deathDateUnknown":false,"profileText":"a Representative from Massachusetts; born in Dracut, Middlesex County, Mass., June 25, 1778; graduated from Harvard University in 1798; studied law; admitted to the bar and commenced practice in Haverhill, Mass., in 1802; elected as a Federalist to the Massachusetts state senate in 1811; moved to Lowell, Mass.; elected as an Adams candidate to the Nineteenth and to the succeeding Congress; elected as an Anti-Jacksonian candidate to the Twenty-first Congress (March 4, 1825-March 3, 1831); returned to Lowell, Mass., and later moved to Niles, Berrien County, Mich., where he died July 23, 1836; interment in Silverbrook Cemetery.","relationship":[],"asset":[],"jobPositions":[{"job":{"name":"Representative","jobType":"CongressMemberJob"},"startDate":"1825-12-05","startCirca":false,"endCirca":false,"congressAffiliation":{"congress":{"name":"The 19th United States Congress","congressNumber":19,"congressType":"USCongress","startDate":"1825-03-04","endDate":"1827-03-03"},"partyAffiliation":[{"party":{"name":"Adams"},"startCirca":false,"endCirca":false}],"caucusAffiliation":[{"party":{"name":"Adams"},"startCirca":false,"endCirca":false}],"represents":{"regionType":"StateRegion","regionCode":"MA"},"note":[{"type":"Note","content":"Elected to represent the Essex-North district.","noteType":"FootNote"}]}},{"job":{"name":"Representative","jobType":"CongressMemberJob"},"startDate":"1827-12-03","startCirca":false,"endCirca":false,"congressAffiliation":{"congress":{"name":"The 20th United States Congress","congressNumber":20,"congressType":"USCongress","startDate":"1827-12-03","endDate":"1829-03-03"},"partyAffiliation":[{"party":{"name":"Adams"},"startCirca":false,"endCirca":false}],"caucusAffiliation":[{"party":{"name":"Adams"},"startCirca":false,"endCirca":false}],"represents":{"regionType":"StateRegion","regionCode":"MA"},"note":[{"type":"Note","content":"Elected to represent the Essex-North district.","noteType":"FootNote"}]}},{"job":{"name":"Representative","jobType":"CongressMemberJob"},"startDate":"1829-12-07","startCirca":false,"endCirca":false,"congressAffiliation":{"congress":{"name":"The 21st United States Congress","congressNumber":21,"congressType":"USCongress","startDate":"1829-03-04","endDate":"1831-03-03"},"partyAffiliation":[{"party":{"name":"Anti-Jacksonian"},"startCirca":false,"endCirca":false}],"caucusAffiliation":[{"party":{"name":"Anti-Jacksonian"},"startCirca":false,"endCirca":false}],"represents":{"regionType":"StateRegion","regionCode":"MA"},"note":[{"type":"Note","content":"Elected to represent the Essex-North district.","noteType":"FootNote"}]}}],"creativeWork":[{"freeFormCitationText":"Kaplan, Lawrence S. \"Document: A New Englander Defends the War of 1812: Senator Varnum to Judge Thacher.\" <i>Mid-America</i> 46 (October 1964): 269-80."}],"researchRecord":[{"name":"In the Jeremy Robinson Papers, 1806-1832, approximately 1400 items.","recordType":["Papers"],"description":"Correspondents include John Varnum. A finding aid is available in the repository.","recordLocation":{"name":"Manuscript Division","location":{"addressLocality":"Washington","addressRegion":"DC"},"parentRecordLocation":{"name":"Library of Congress","location":{"addressLocality":"Washington","addressRegion":"DC"}}}},{"name":"In the Varnum Family Papers, 1811-1843, 1 narrow box.","recordType":["Papers"],"description":"Persons represented include John Varnum.","recordLocation":{"name":"Massachusetts Historical Society","url":"http://thomasjeffersonpapers.org/independence","location":{"addressLocality":"Boston","addressRegion":"MA"}}},{"name":"In the Varnum Family Papers II, 1795-1893, 1 box.","recordType":["Papers"],"description":"Persons represented include John Varnum.","recordLocation":{"name":"Massachusetts Historical Society","url":"http://thomasjeffersonpapers.org/independence","location":{"addressLocality":"Boston","addressRegion":"MA"}}},{"name":"In the James Henry Duncan Papers, 1668-1910, 3.5 linear feet.","recordType":["Papers"],"description":"Correspondents include John Varnum.","recordLocation":{"name":"Peabody Essex Museum","location":{"addressLocality":"Salem","addressRegion":"MA"}}}],"deleted":false}}
