{"data":{"usCongressBioId":"V000015","familyName":"Van Buren","givenName":"John","honorificPrefix":"Mr.","unaccentedFamilyName":"Van Buren","unaccentedGivenName":"John","birthDate":"1799-05-13","birthCirca":false,"deathDate":"1855-01-16","deathCirca":false,"profileText":"A Representative from New York; born in Kingston, Ulster County, N.Y., May 13, 1799; was graduated from Union College, Schenectady, N.Y., in 1818; studied law; was admitted to the bar and commenced practice in Kingston, N.Y.; member of the State assembly in 1831; judge of Ulster County 1836-1841; elected as a Democrat to the Twenty-seventh Congress (March 4, 1841-March 3, 1843); chairman, Committee on Expenditures in the Department of State (Twenty-seventh Congress); resumed the practice of law; district attorney of Ulster County 1846-1850; died in Kingston, N.Y., January 16, 1855; interment in Old Houghtaling Cemetery.","relationship":[],"asset":[],"jobPositions":[{"job":{"name":"Representative","jobType":"CongressMemberJob"},"startDate":"1841-03-04","startCirca":false,"congressAffiliation":{"congress":{"name":"The 27th United States Congress","congressNumber":27,"congressType":"USCongress","startDate":"1841-03-04","endDate":"1843-03-03"},"partyAffiliation":[{"party":{"name":"Democrat"}}],"caucusAffiliation":[{"party":{"name":"Democrat"}}],"represents":{"regionType":"DistrictRegion","regionCode":"NY"}}}],"creativeWork":[],"researchRecord":[{"name":"February 23, 1843; November 12, 1852; December 1, 1853. 3 letters.","recordType":["Papers"],"description":"Finding aid in repository.","recordLocation":{"name":"New-York Historical Society","location":{"addressLocality":"New York","addressRegion":"NY"}}}]}}
