{"data":{"usCongressBioId":"V000096","familyName":"Vidal","givenName":"Michel","honorificPrefix":"Mr.","unaccentedFamilyName":"Vidal","unaccentedGivenName":"Michel","birthDate":"1824-10-01","birthCirca":false,"deathDate":"1895-10-20","deathCirca":false,"profileText":"A Representative from Louisiana; born in the city of Carcassonne, Languedoc, France, October 1, 1824; attended college; immigrated to the Republic of Texas; moved to Louisiana when Texas was annexed to the United States; engaged in literary and scientific pursuits; engaged as associate editor with several American and French papers of this country and Canada; moved to Opelousas, La., in 1867; founded and became editor of the St. Landry Progress; editor of the New York Courrier des &Eacute;tats-Unis and the New Orleans Picayune; at the close of the Civil War was appointed by General Sheridan a registrar for the city of New Orleans; delegate to the State constitutional convention in 1867 and 1868; upon the readmission of the State of Louisiana to representation was elected as a Republican to the Fortieth Congress (July 18, 1868-March 3, 1869); appointed a United States commissioner under the convention concluded with Peru in 1868 for the adjustment of claims of citizens of either country; appointed by President Grant as United States consul at Tripoli, April 5, 1870-October 12, 1876; died on October 20, 1895, in Montreal, Quebec, Canada.","relationship":[],"asset":[],"jobPositions":[{"job":{"name":"Representative","jobType":"CongressMemberJob"},"startDate":"1868-07-18","startCirca":false,"congressAffiliation":{"congress":{"name":"The 40th United States Congress","congressNumber":40,"congressType":"USCongress","startDate":"1867-03-04","endDate":"1869-03-03"},"partyAffiliation":[{"party":{"name":"Republican"}}],"caucusAffiliation":[{"party":{"name":"Republican"}}],"represents":{"regionType":"DistrictRegion","regionCode":"LA"},"note":[{"type":"Note","noteType":"FootNote","content":"Took his seat July 18, 1868."}]}}],"creativeWork":[],"researchRecord":[{"name":"1869, 1 item.","recordType":["Papers"],"description":"A letter from Michel Vidal to Benjamin Perly Poore, editor of the <i>Congressional Directory</i>, gives the Washington, D.C. addresses of Louisiana congressmen and an autobiographical sketchstates that Vidal was elected as a \"radical Republican.\"","recordLocation":{"name":"Lower Mississippi Valley Collections","location":{"addressLocality":"Baton Rouge","addressRegion":"LA"},"parentRecordLocation":{"name":"Louisiana State University","url":"http://www.lib.lsu.edu/special/","location":{"addressLocality":"Baton Rouge","addressRegion":"LA"}}}}]}}
