{"data":{"usCongressBioId":"W000125","familyName":"Ward","givenName":"Aaron","honorificPrefix":"Mr.","unaccentedFamilyName":"Ward","unaccentedGivenName":"Aaron","birthDate":"1790-07-05","birthCirca":false,"birthDateUnknown":false,"deathDate":"1867-03-02","deathCirca":false,"deathDateUnknown":false,"profileText":"a Representative from New York; was born in Sing Sing (now Ossining), N.Y., on July 5, 1790; completed preparatory studies in Mount Pleasant Academy; served in the War of 1812 as lieutenant and captain in the Twenty-ninth Infantry; studied law; was admitted to the bar and commenced practice at Sing Sing; district attorney for Westchester County; served in the State militia as colonel, brigadier general, and major general; elected as an Adams candidate to the Nineteenth and Twentieth Congresses (March 4, 1825-March 3, 1829); was not a candidate for reelection; elected as a Jacksonian candidate to the Twenty-second and to the two succeeding Congresses (March 4, 1831-March 3, 1837); was not a candidate for reelection to the Twenty-fifth Congress; elected as a Democrat to the Twenty-seventh Congress (March 4, 1841-March 3, 1843); unsuccessful candidate for reelection to the Twenty-eighth Congress; delegate to the State constitutional convention in 1846; unsuccessful Democratic candidate for secretary of state in 1855; trustee of Mount Pleasant Academy; died at the home of his son-in-law in Georgetown, D.C., March 2, 1867; interment in Dale Cemetery, Ossining, N.Y.","relationship":[{"relationshipType":"uncle","relatedTo":{"usCongressBioId":"W000131","familyName":"Ward","givenName":"Elijah","honorificPrefix":"Mr.","unaccentedFamilyName":"Ward","unaccentedGivenName":"Elijah","birthDate":"1816-09-16","birthCirca":false,"deathDate":"1882-02-07","deathCirca":false}}],"asset":[],"jobPositions":[{"job":{"name":"Representative","jobType":"CongressMemberJob"},"startDate":"1825-12-05","startCirca":false,"endCirca":false,"congressAffiliation":{"congress":{"name":"The 19th United States Congress","congressNumber":19,"congressType":"USCongress","startDate":"1825-03-04","endDate":"1827-03-03"},"partyAffiliation":[{"party":{"name":"Adams"},"startCirca":false,"endCirca":false}],"caucusAffiliation":[{"party":{"name":"Adams"},"startCirca":false,"endCirca":false}],"represents":{"regionType":"DistrictRegion","regionCode":"NY"}}},{"job":{"name":"Representative","jobType":"CongressMemberJob"},"startDate":"1827-12-03","startCirca":false,"endCirca":false,"congressAffiliation":{"congress":{"name":"The 20th United States Congress","congressNumber":20,"congressType":"USCongress","startDate":"1827-12-03","endDate":"1829-03-03"},"partyAffiliation":[{"party":{"name":"Adams"},"startCirca":false,"endCirca":false}],"caucusAffiliation":[{"party":{"name":"Adams"},"startCirca":false,"endCirca":false}],"represents":{"regionType":"DistrictRegion","regionCode":"NY"}}},{"job":{"name":"Representative","jobType":"CongressMemberJob"},"startDate":"1831-12-05","startCirca":false,"congressAffiliation":{"congress":{"name":"The 22nd United States Congress","congressNumber":22,"congressType":"USCongress","startDate":"1831-12-05","endDate":"1833-03-02"},"partyAffiliation":[{"party":{"name":"Jacksonian"}}],"caucusAffiliation":[{"party":{"name":"Jacksonian"}}],"represents":{"regionType":"DistrictRegion","regionCode":"NY"}}},{"job":{"name":"Representative","jobType":"CongressMemberJob"},"startDate":"1833-12-02","startCirca":false,"congressAffiliation":{"congress":{"name":"The 23rd United States Congress","congressNumber":23,"congressType":"USCongress","startDate":"1833-12-02","endDate":"1835-03-03"},"partyAffiliation":[{"party":{"name":"Jacksonian"}}],"caucusAffiliation":[{"party":{"name":"Jacksonian"}}],"represents":{"regionType":"DistrictRegion","regionCode":"NY"}}},{"job":{"name":"Representative","jobType":"CongressMemberJob"},"startDate":"1835-03-04","startCirca":false,"congressAffiliation":{"congress":{"name":"The 24th United States Congress","congressNumber":24,"congressType":"USCongress","startDate":"1835-12-07","endDate":"1837-03-03"},"partyAffiliation":[{"party":{"name":"Jacksonian"}}],"caucusAffiliation":[{"party":{"name":"Jacksonian"}}],"represents":{"regionType":"DistrictRegion","regionCode":"NY"}}},{"job":{"name":"Representative","jobType":"CongressMemberJob"},"startDate":"1841-03-04","startCirca":false,"congressAffiliation":{"congress":{"name":"The 27th United States Congress","congressNumber":27,"congressType":"USCongress","startDate":"1841-03-04","endDate":"1843-03-03"},"partyAffiliation":[{"party":{"name":"Democrat"}}],"caucusAffiliation":[{"party":{"name":"Democrat"}}],"represents":{"regionType":"DistrictRegion","regionCode":"NY"}}}],"creativeWork":[],"researchRecord":[{"name":"1813-1852. 736 letters received and 3 documents.","recordType":["Papers"],"description":"Letters are bound in 2 volumes and include references to politics, land assessments, and particular legislation. Finding aid in repository. Partially restricted.","recordLocation":{"name":"Boston Public Library","location":{"addressLocality":"Boston","addressRegion":"MA"}}},{"name":"In Henry Vanderlyn papers, 1827-1857. 65 items and 7 volumes.","recordType":["Papers"],"description":"Includes letters (1836-1837), mostly from Washington, DC, where Vanderlyn was a guest of Ward.","recordLocation":{"name":"New-York Historical Society","location":{"addressLocality":"New York","addressRegion":"NY"}}},{"name":"1848, 1 letter.","recordType":["Papers"],"description":"A letter from James Buchanan to Hon. Aaron Ward written on December 21, 1848. In the letter, Buchanan acknowledges Ward's recommendation of Major F.A. Woodworth as bearer of despatches to Calif., but regrets that the Dept. of State has no despatches to send. Note from A. Ward in pencil on verso.","recordLocation":{"name":"California Historical Society","location":{"addressLocality":"San Francisco","addressRegion":"CA"}}}],"deleted":false}}
