{"data":{"usCongressBioId":"W000640","familyName":"Winslow","givenName":"Warren","honorificPrefix":"Mr.","unaccentedFamilyName":"Winslow","unaccentedGivenName":"Warren","birthDate":"1810-01-01","birthCirca":false,"deathDate":"1862-08-16","deathCirca":false,"profileText":"A Representative from North Carolina; born in Fayetteville, Cumberland County, N.C., January 1, 1810; was graduated from the University of North Carolina at Chapel Hill in 1827; studied law; was admitted to the bar and commenced practice in Fayetteville; member of the State senate, and served as speaker; Acting Governor of North Carolina in December 1854; elected as a Democrat to the Thirty-fourth, Thirty-fifth, and Thirty-sixth Congresses (March 4, 1855-March 3, 1861); died in Fayetteville, N.C., August 16, 1862; interment in Cross Creek Cemetery.","relationship":[],"asset":[],"jobPositions":[{"job":{"name":"Representative","jobType":"CongressMemberJob"},"startDate":"1855-03-04","startCirca":false,"congressAffiliation":{"congress":{"name":"The 34th United States Congress","congressNumber":34,"congressType":"USCongress","startDate":"1855-12-03","endDate":"1857-03-03"},"partyAffiliation":[{"party":{"name":"Democrat"}}],"caucusAffiliation":[{"party":{"name":"Democrat"}}],"represents":{"regionType":"DistrictRegion","regionCode":"NC"}}},{"job":{"name":"Representative","jobType":"CongressMemberJob"},"startDate":"1857-03-04","startCirca":false,"congressAffiliation":{"congress":{"name":"The 35th United States Congress","congressNumber":35,"congressType":"USCongress","startDate":"1857-03-04","endDate":"1859-03-03"},"partyAffiliation":[{"party":{"name":"Democrat"}}],"caucusAffiliation":[{"party":{"name":"Democrat"}}],"represents":{"regionType":"DistrictRegion","regionCode":"NC"}}},{"job":{"name":"Representative","jobType":"CongressMemberJob"},"startDate":"1859-03-04","startCirca":false,"congressAffiliation":{"congress":{"name":"The 36th United States Congress","congressNumber":36,"congressType":"USCongress","startDate":"1859-03-04","endDate":"1861-03-03"},"partyAffiliation":[{"party":{"name":"Democrat"}}],"caucusAffiliation":[{"party":{"name":"Democrat"}}],"represents":{"regionType":"DistrictRegion","regionCode":"NC"}}}],"creativeWork":[{"freeFormCitationText":"Winslow, Warren. <i>Assault on Senator Sumner</i>. [Washington: N.p., 1856.]"}],"researchRecord":[{"name":"ca. 1857, 1 item.","recordType":["Papers"],"description":"A letter from David Settle Reid to the President written around 1857. The letter is also signed by Warren Winslow.","recordLocation":{"name":"Department of Literary and Historical Manuscripts","location":{"addressLocality":"New York","addressRegion":"NY"},"parentRecordLocation":{"name":"The Morgan Library","location":{"addressLocality":"New York","addressRegion":"NY"}}}}]}}
