{"data":{"usCongressBioId":"W000048","familyName":"Walker","givenName":"David","honorificPrefix":"Mr.","unaccentedFamilyName":"Walker","unaccentedGivenName":"David","birthCirca":false,"birthDateUnknown":true,"deathDate":"1820-03-01","deathCirca":false,"deathDateUnknown":false,"profileText":"a Representative from Kentucky; born in Brunswick County, Va., birth date unknown; attended public and private schools; served in the Revolutionary War as a private under General Lafayette; was at the surrender of Cornwallis at Yorktown; moved to Logan County, Ky.; clerk of county and circuit courts; member of the State house of representatives, 1793-1796; served as major on the staff of Governor Shelby of Kentucky in the Battle of the Thames during the War of 1812; elected as a Democratic Republican to the Fifteenth and to the succeeding Congress (March 4, 1817-March 1, 1820); died on March 1, 1820, in Washington, D.C.; interment in the Congressional Cemetery.","relationship":[{"relationshipType":"brother","relatedTo":{"usCongressBioId":"W000053","familyName":"Walker","givenName":"George","unaccentedFamilyName":"Walker","unaccentedGivenName":"George","birthDate":"1763","birthCirca":false,"deathDate":"1819","deathCirca":false}},{"relationshipType":"grandfather","relatedTo":{"usCongressBioId":"W000057","familyName":"Walker","givenName":"James","middleName":"David","unaccentedFamilyName":"Walker","unaccentedGivenName":"James","unaccentedMiddleName":"David","birthDate":"1830","birthCirca":false,"deathDate":"1906","deathCirca":false}}],"asset":[],"jobPositions":[{"job":{"name":"Representative","jobType":"CongressMemberJob"},"startDate":"1817-12-01","startCirca":false,"endCirca":false,"congressAffiliation":{"congress":{"name":"The 15th United States Congress","congressNumber":15,"congressType":"USCongress","startDate":"1817-03-04","endDate":"1819-03-03"},"partyAffiliation":[{"party":{"name":"Democratic Republican"},"startCirca":false,"endCirca":false}],"caucusAffiliation":[{"party":{"name":"Democratic Republican"},"startCirca":false,"endCirca":false}],"represents":{"regionType":"DistrictRegion","regionCode":"KY"}}},{"job":{"name":"Representative","jobType":"CongressMemberJob"},"startDate":"1819-12-06","startCirca":false,"endCirca":false,"congressAffiliation":{"congress":{"name":"The 16th United States Congress","congressNumber":16,"congressType":"USCongress","startDate":"1819-12-06","endDate":"1821-03-03"},"partyAffiliation":[{"party":{"name":"Democratic Republican"},"startCirca":false,"endCirca":false}],"caucusAffiliation":[{"party":{"name":"Democratic Republican"},"startCirca":false,"endCirca":false}],"represents":{"regionType":"DistrictRegion","regionCode":"KY"}}}],"creativeWork":[],"researchRecord":[{"name":"1818. 1 letter.","recordType":["Papers"],"recordLocation":{"name":"Manuscript Division","location":{"addressLocality":"Washington","addressRegion":"DC"},"parentRecordLocation":{"name":"Library of Congress","location":{"addressLocality":"Washington","addressRegion":"DC"}}}}],"deleted":false}}
