{"data":{"usCongressBioId":"W000537","familyName":"Williams","givenName":"Thomas","unaccentedFamilyName":"Williams","unaccentedGivenName":"Thomas","birthDate":"1825","birthCirca":false,"deathDate":"1903","deathCirca":false,"profileText":"A Representative from Alabama; born near Richmond, Greensville County, Va., on August 11, 1825; attended preparatory schools and was graduated from the University of East Tennessee, Knoxville, Tenn.; studied law; was admitted to the bar in 1852 and commenced practice in Wetumpka, Elmore County, Ala.; justice of the peace; register in chancery; appointed prison inspector in 1872; member of the State house of representatives in 1878; elected as a Democrat to the Forty-sixth, Forty-seventh, and Forty-eighth Congresses (March 4, 1879-March 3, 1885); engaged in agricultural pursuits and resided in Wetumpka, Ala., until his death April 13, 1903; interment in the City Cemetery.","relationship":[],"asset":[],"jobPositions":[{"job":{"name":"Representative","jobType":"CongressMemberJob"},"congressAffiliation":{"congress":{"name":"The 46th United States Congress","congressNumber":46,"congressType":"USCongress","startDate":"1879-03-18","endDate":"1881-03-03"},"partyAffiliation":[{"party":{"name":"Democrat"}}],"caucusAffiliation":[{"party":{"name":"Democrat"}}],"represents":{"regionType":"StateRegion","regionCode":"AL"}}},{"job":{"name":"Representative","jobType":"CongressMemberJob"},"congressAffiliation":{"congress":{"name":"The 47th United States Congress","congressNumber":47,"congressType":"USCongress","startDate":"1881-03-04","endDate":"1883-03-03"},"partyAffiliation":[{"party":{"name":"Democrat"}}],"caucusAffiliation":[{"party":{"name":"Democrat"}}],"represents":{"regionType":"StateRegion","regionCode":"AL"}}},{"job":{"name":"Representative","jobType":"CongressMemberJob"},"congressAffiliation":{"congress":{"name":"The 48th United States Congress","congressNumber":48,"congressType":"USCongress","startDate":"1883-12-03","endDate":"1885-03-04"},"partyAffiliation":[{"party":{"name":"Democrat"}}],"caucusAffiliation":[{"party":{"name":"Democrat"}}],"represents":{"regionType":"StateRegion","regionCode":"AL"}}}],"creativeWork":[],"researchRecord":[{"name":"In the Edward H. Moren Papers, 1841-1887, 0.4 cubic foot.","recordType":["Papers"],"description":"Other authors include Thomas Williams.","recordLocation":{"name":"Alabama Department of Archives and History","location":{"addressLocality":"Montgomery","addressRegion":"AL"}}}]}}
