{"data":{"usCongressBioId":"W000137","familyName":"Ward","givenName":"Marcus","middleName":"Lawrence","unaccentedFamilyName":"Ward","unaccentedGivenName":"Marcus","unaccentedMiddleName":"Lawrence","birthDate":"1812","birthCirca":false,"deathDate":"1884","deathCirca":false,"profileText":"A Representative from New Jersey; born in Newark, N.J., November 9, 1812; received a limited schooling; engaged in candle manufacturing; delegate to the Republican National Convention in 1860 and 1864; unsuccessful candidate for Governor of New Jersey in 1862; elected Governor in 1865 and served from January 16, 1866, to January 18, 1869; was chairman of the Republican National Committee in 1866; elected as a Republican to the Forty-third Congress (March 4, 1873-March 3, 1875); unsuccessful candidate for reelection in 1874 to the Forty-fourth Congress; died in Newark, N.J., April 25, 1884; interment in Mount Pleasant Cemetery.","relationship":[],"asset":[],"jobPositions":[{"job":{"name":"Representative","jobType":"CongressMemberJob"},"congressAffiliation":{"congress":{"name":"The 43rd United States Congress","congressNumber":43,"congressType":"USCongress","startDate":"1873-03-04","endDate":"1875-03-03"},"partyAffiliation":[{"party":{"name":"Republican"}}],"caucusAffiliation":[{"party":{"name":"Republican"}}],"represents":{"regionType":"StateRegion","regionCode":"NJ"}}}],"creativeWork":[{"freeFormCitationText":"Union Party. New Jersey. Executive Committee. <i>Marcus L. Ward, \"the soldiers friend.\" Let all who love truth, honor &amp; goodness, please read carefully</i>. Paterson, N.J.: Printed by Chiswell &amp; Wurts, 1865."},{"freeFormCitationText":"Ward, Marcus Lawrence. <i>Tariff for protection to American industry</i>. Washington: Government Printing Office, 1875."}],"researchRecord":[{"name":"ca. 1683-1900, 45 boxes.","recordType":["Papers"],"description":"The papers of Marcus L. Ward contain correspondence, letter books, speeches, and financial records documenting Ward's business and political life, as well as his lifelong devotion to philanthropy, the cause of reform, and the patronage of artists. Includes papers, ca. 1683-1817, and genealogical notes pertaining to the Ward family; commonplace book of Anna Eliza Bruen, ca. 1823-1824; extensive correspondence with Nicholas Longworth (1782-1863), the Cincinnati horticulturalist and winegrower, between 1841 and 1863; and records of the Montclair Railway Association, 1867-1876, primarily general correspondence of its president, Julius H. Pratt, and of its general superintendent, Henry C. Spaulding. Included in the collection is a letter from Ward's wife Susan and is dated January 25, 1848. Contains letters from the following individuals: William W. Belknap, Joseph P. Bradley, Simon Cameron, Alexander G. Cattell, Horace Greeley, John Hay, Sanford B. Hunt, Anthony Q. Keasbey, William A. Richardson, John Sherman, and Henry Curtis Spaulding. A finding aid is available in the repository.","recordLocation":{"name":"New Jersey Historical Society","location":{"addressLocality":"Newark","addressRegion":"NJ"}}},{"name":"In the Boggs Family Papers, 1737-1950, 5 linear feet.","recordType":["Papers"],"description":"Persons represented include Marcus L. Ward.","recordLocation":{"name":"New Jersey Historical Society","location":{"addressLocality":"Newark","addressRegion":"NJ"}}},{"name":"In the Edwin A. Ely Autograph Collection, ca. 1663-1890, 250 items.","recordType":["Papers"],"description":"Persons represented include Marcus L. Ward.","recordLocation":{"name":"New Jersey Historical Society","location":{"addressLocality":"Newark","addressRegion":"NJ"}}},{"name":"In the Newark Library Association (N.J.) Records, 1789-1914, 9 feet.","recordType":["Papers"],"description":"Includes letters of Marcus L. Ward.","recordLocation":{"name":"New Jersey Historical Society","location":{"addressLocality":"Newark","addressRegion":"NJ"}}},{"name":"In the Peter D. Vroom Papers, 1783-1891, 20 linear feet.","recordType":["Papers"],"description":"Persons represented include Marcus L. Ward.","recordLocation":{"name":"New Jersey Historical Society","location":{"addressLocality":"Newark","addressRegion":"NJ"}}},{"name":"December 6, 1869. 1 letter.","recordType":["Papers"],"description":"Finding aid in repository.","recordLocation":{"name":"New-York Historical Society","location":{"addressLocality":"New York","addressRegion":"NY"}}},{"name":"ca. 1750-1925, 6 boxes.","recordType":["Papers"],"description":"The papers of Marcus Ward contain personal correspondence, business papers, accounts, and estate records (1831-1884 and undated); correspondence (1866-1868) as governor of New Jersey; papers relating to Republican National Convention of 1864 in Baltimore, Md., including draft of nominating speech for Abraham Lincoln; correspondence and other papers (1850-1883 and undated) relating to veterans' affairs; papers (1839-1915) of Moses, Lydia L., and Marcus Ward, Jr.; miscellany (1750, 1832-1910, and undated); clippings (1850-1907 and undated); and printed matter (1840-1925 and undated).","recordLocation":{"name":"Department of Special Collections and Archives, Alexander Library","location":{"addressLocality":"New Brunswick","addressRegion":"NJ"},"parentRecordLocation":{"name":"Rutgers University","location":{"addressLocality":"New Brunswick","addressRegion":"NJ"}}}},{"name":"1863-1864, 3 items.","recordType":["Papers"],"description":"Marcus L. Ward letters to Capt. Henry Guyer.","recordLocation":{"name":"Western Americana Collection, Beinecke Rare Book and Manuscript Library","location":{"addressLocality":"New Haven","addressRegion":"CT"},"parentRecordLocation":{"name":"Yale University","location":{"addressLocality":"New Haven","addressRegion":"CT"}}}}]}}
