{"data":{"usCongressBioId":"W000613","familyName":"Wilson","givenName":"Stephen","middleName":"Fowler","honorificPrefix":"Mr.","unaccentedFamilyName":"Wilson","unaccentedGivenName":"Stephen","unaccentedMiddleName":"Fowler","birthDate":"1821-09-04","birthCirca":false,"deathDate":"1897-03-30","deathCirca":false,"profileText":"A Representative from Pennsylvania; born in Columbia, Pa., September 4, 1821; received an academic education; studied law; was admitted to the bar and practiced; held several local offices; member of the State senate 1863-1865 and served in one session after he had been elected a Representative to Congress; delegate to the Republican National Convention in 1864; elected as a Republican to the Thirty-ninth and Fortieth Congresses (March 4, 1865-March 3, 1869); appointed additional judge of the fourth judicial district of Pennsylvania in 1871 to fill a vacancy; elected additional judge and served ten years; appointed associate justice of the supreme court of the Territory of New Mexico by President Arthur on October 16, 1884; president judge of the fourth judicial district of Pennsylvania from 1887 to 1889; resumed the practice of his profession in Wellsboro, Tioga County, Pa., where he died March 30, 1897; interment in Wellsboro Cemetery.","relationship":[],"asset":[],"jobPositions":[{"job":{"name":"Representative","jobType":"CongressMemberJob"},"startDate":"1867-03-04","startCirca":false,"congressAffiliation":{"congress":{"name":"The 39th United States Congress","congressNumber":39,"congressType":"USCongress","startDate":"1865-03-04","endDate":"1867-03-03"},"partyAffiliation":[{"party":{"name":"Republican"}}],"caucusAffiliation":[{"party":{"name":"Republican"}}],"represents":{"regionType":"DistrictRegion","regionCode":"PA"}}},{"job":{"name":"Representative","jobType":"CongressMemberJob"},"congressAffiliation":{"congress":{"name":"The 40th United States Congress","congressNumber":40,"congressType":"USCongress","startDate":"1867-03-04","endDate":"1869-03-03"},"partyAffiliation":[{"party":{"name":"Republican"}}],"caucusAffiliation":[{"party":{"name":"Republican"}}],"represents":{"regionType":"StateRegion","regionCode":"PA"}}}],"creativeWork":[],"researchRecord":[]}}
