{"data":{"usCongressBioId":"W000311","familyName":"Wethered","givenName":"John","honorificPrefix":"Mr.","unaccentedFamilyName":"Wethered","unaccentedGivenName":"John","birthDate":"1809-05-08","birthCirca":false,"deathDate":"1888-02-15","deathCirca":false,"profileText":"A Representative from Maryland; born near Wetheredville, Baltimore County, Md., on May 8, 1809; completed preparatory studies; held several local offices; engaged in the manufacture of woolen goods at Wetheredville, Md.; elected as a Whig to the Twenty-eighth Congress (March 4, 1843-March 3, 1845); resumed the manufacture of woolen goods; delegate from Baltimore County to the State convention which framed the constitution of Maryland in 1867; retired from active pursuits in 1868 and lived on his estate, ``Ashland,'' near Catonsville, Md., where he died February 15, 1888; interment in Greenmount Cemetery, Baltimore, Md.","relationship":[],"asset":[],"jobPositions":[{"job":{"name":"Representative","jobType":"CongressMemberJob"},"startDate":"1843-03-04","startCirca":false,"congressAffiliation":{"congress":{"name":"The 28th United States Congress","congressNumber":28,"congressType":"USCongress","startDate":"1843-12-04","endDate":"1845-03-03"},"partyAffiliation":[{"party":{"name":"Whig"}}],"caucusAffiliation":[{"party":{"name":"Whig"}}],"represents":{"regionType":"DistrictRegion","regionCode":"MD"}}}],"creativeWork":[],"researchRecord":[]}}
