{"data":{"usCongressBioId":"W000434","familyName":"Whittlesey","givenName":"William","middleName":"Augustus","honorificPrefix":"Mr.","unaccentedFamilyName":"Whittlesey","unaccentedGivenName":"William","unaccentedMiddleName":"Augustus","birthDate":"1796-07-14","birthCirca":false,"deathDate":"1866-11-06","deathCirca":false,"profileText":"A Representative from Ohio; born in Danbury, Conn., July 14, 1796; attended the common schools and was graduated from Yale College in 1816; taught school; moved to Canfield, Ohio, in 1818; studied law; was admitted to the bar in 1821 and commenced practice in Canfield; moved to Marietta, Ohio, in 1821; auditor of Washington County 1825-1837; member of the State house of representatives in 1839 and 1840; elected as a Democrat to the Thirty-first Congress (March 4, 1849-March 3, 1851); did not seek renomination in 1850; resumed the practice of law; mayor of Marietta in 1856, 1860, and 1862; died in Brooklyn, N.Y., where he had gone for medical treatment, on November 6, 1866; interment in Mound Cemetery, Marietta, Ohio.","relationship":[{"relationshipType":"nephew","relatedTo":{"usCongressBioId":"W000431","familyName":"Whittlesey","givenName":"Elisha","honorificPrefix":"Mr.","unaccentedFamilyName":"Whittlesey","unaccentedGivenName":"Elisha","birthDate":"1783-10-19","birthCirca":false,"birthDateUnknown":false,"deathDate":"1863-01-07","deathCirca":false,"deathDateUnknown":false,"deleted":false}}],"asset":[],"jobPositions":[{"job":{"name":"Representative","jobType":"CongressMemberJob"},"startDate":"1849-03-04","startCirca":false,"congressAffiliation":{"congress":{"name":"The 31st United States Congress","congressNumber":31,"congressType":"USCongress","startDate":"1849-03-05","endDate":"1851-03-03"},"partyAffiliation":[{"party":{"name":"Democrat"}}],"caucusAffiliation":[{"party":{"name":"Democrat"}}],"represents":{"regionType":"DistrictRegion","regionCode":"OH"}}}],"creativeWork":[],"researchRecord":[]}}
