{"data":{"usCongressBioId":"W000764","familyName":"Wright","givenName":"John","middleName":"Crafts","honorificPrefix":"Mr.","unaccentedFamilyName":"Wright","unaccentedGivenName":"John","unaccentedMiddleName":"Crafts","birthDate":"1783-08-17","birthCirca":false,"birthDateUnknown":false,"deathDate":"1861-02-13","deathCirca":false,"deathDateUnknown":false,"profileText":"a Representative from Ohio; born in Wethersfield, Conn., August 17, 1783; completed preparatory studies; learned the trade of printer; moved to Troy, N.Y., and edited the Troy Gazette for several years; studied law in Litchfield, Conn.; was admitted to the bar and commenced practice in Steubenville, Ohio, in 1809; United States district attorney in 1817; elected to the Seventeenth Congress, but resigned on March 3, 1821, before the beginning of the congressional term; elected as an Adams-Clay Republican to the Eighteenth Congress; elected as an Adams candidate to the Nineteenth and to the succeeding Congress (March 4, 1823-March 3, 1829); unsuccessful candidate for reelection in 1828 to the Twenty-first Congress; elected to the Ohio Supreme Court in 1831 and served until February 2, 1835, when he resigned; moved to Cincinnati in 1835 and engaged in newspaper work, and for thirteen years published the Cincinnati Gazette; director of the Cincinnati, Hamilton &amp; Dayton Railway Co.; delegate to and honorary president of the peace congress held in Washington, D.C., in 1861 in an effort to devise means to prevent the impending war, and died while serving in that capacity at Washington, D.C., February 13, 1861; interment in Spring Grove Cemetery, Cincinnati, Ohio.","relationship":[],"asset":[],"jobPositions":[{"job":{"name":"Representative","jobType":"CongressMemberJob"},"startCirca":false,"endCirca":false,"congressAffiliation":{"congress":{"name":"The 18th United States Congress","congressNumber":18,"congressType":"USCongress","startDate":"1823-12-01","endDate":"1825-03-03"},"partyAffiliation":[{"party":{"name":"Adams-Clay Republican"},"startCirca":false,"endCirca":false}],"caucusAffiliation":[{"party":{"name":"Adams-Clay Republican"},"startCirca":false,"endCirca":false}],"represents":{"regionType":"StateRegion","regionCode":"OH"}}},{"job":{"name":"Representative","jobType":"CongressMemberJob"},"startCirca":false,"endCirca":false,"congressAffiliation":{"congress":{"name":"The 19th United States Congress","congressNumber":19,"congressType":"USCongress","startDate":"1825-03-04","endDate":"1827-03-03"},"partyAffiliation":[{"party":{"name":"Adams"},"startCirca":false,"endCirca":false}],"caucusAffiliation":[{"party":{"name":"Adams"},"startCirca":false,"endCirca":false}],"represents":{"regionType":"StateRegion","regionCode":"OH"}}},{"job":{"name":"Representative","jobType":"CongressMemberJob"},"startCirca":false,"endCirca":false,"congressAffiliation":{"congress":{"name":"The 20th United States Congress","congressNumber":20,"congressType":"USCongress","startDate":"1827-12-03","endDate":"1829-03-03"},"partyAffiliation":[{"party":{"name":"Adams"},"startCirca":false,"endCirca":false}],"caucusAffiliation":[{"party":{"name":"Adams"},"startCirca":false,"endCirca":false}],"represents":{"regionType":"StateRegion","regionCode":"OH"}}}],"creativeWork":[{"freeFormCitationText":"Gunderson, Robert Gray. \"John C. Wright and 'The Old Gentlemen's Convention'.\" <i> Bulletin of the Historical and Philosophical Society of Ohio</i> 12 (April 1954): 109-18."}],"researchRecord":[{"name":"1816-1828, 10 items.","recordType":["Papers"],"description":"Papers of John C. Wright, 1816-1828.","recordLocation":{"name":"Manuscript Division","location":{"addressLocality":"Washington","addressRegion":"DC"},"parentRecordLocation":{"name":"Library of Congress","location":{"addressLocality":"Washington","addressRegion":"DC"}}}},{"name":"In the William Bebb Papers, ca. 1705-1849, 0.2 linear foot.","recordType":["Papers"],"description":"Correspondents include John C. Wright.","recordLocation":{"name":"Manuscript Division","location":{"addressLocality":"Washington","addressRegion":"DC"},"parentRecordLocation":{"name":"Library of Congress","location":{"addressLocality":"Washington","addressRegion":"DC"}}}},{"name":"In the Thomas Corwin Correspondence, 1850-1853, 4 linear feet.","recordType":["Papers"],"description":"Correspondents include John C. Wright.","recordLocation":{"name":"Manuscript Division","location":{"addressLocality":"Washington","addressRegion":"DC"},"parentRecordLocation":{"name":"Library of Congress","location":{"addressLocality":"Washington","addressRegion":"DC"}}}},{"name":"In the Charles Hammond Papers, 1793-1840, 1 cubic foot.","recordType":["Papers"],"description":"Correspondents include John C. Wright.","recordLocation":{"name":"Manuscript Division","location":{"addressLocality":"Washington","addressRegion":"DC"},"parentRecordLocation":{"name":"Library of Congress","location":{"addressLocality":"Washington","addressRegion":"DC"}}}},{"name":"In the Benjamin Tappan Papers, 1795-1900, 3650 items.","recordType":["Papers"],"description":"Correspondents include John C. Wright.","recordLocation":{"name":"Manuscript Division","location":{"addressLocality":"Washington","addressRegion":"DC"},"parentRecordLocation":{"name":"Library of Congress","location":{"addressLocality":"Washington","addressRegion":"DC"}}}},{"name":"1825, 1 item.","recordType":["Papers"],"description":"A letter from John Crafts Wright to Samuel L. Southard, Secretary of the Navy, written on March 2, 1825. In the letter, Wright suggests four men from Ohio for midshipman's warrants.","recordLocation":{"name":"Ohio Historical Society","location":{"addressLocality":"Columbus","addressRegion":"OH"}}},{"name":"1823, 2 items.","recordType":["Papers"],"description":"Letters, Dec. 5 and 22, 1823, from John Crafts Wright, relating to congressional activities of interest and importance to Ohio.","recordLocation":{"name":"Ohio Historical Society","location":{"addressLocality":"Columbus","addressRegion":"OH"}}},{"name":"In the John Sloane Papers, 1809-1877, 0.25 cubic foot.","recordType":["Papers"],"description":"Other authors include John C. Wright.","recordLocation":{"name":"Ohio Historical Society","location":{"addressLocality":"Columbus","addressRegion":"OH"}}}],"deleted":false}}
