{"data":{"usCongressBioId":"W000424","familyName":"Whitmore","givenName":"George","middleName":"Washington","unaccentedFamilyName":"Whitmore","unaccentedGivenName":"George","unaccentedMiddleName":"Washington","birthDate":"1824","birthCirca":false,"deathDate":"1876","deathCirca":false,"profileText":"A Representative from Texas; born in McMinn County, Tenn., on August 26, 1824; attended the public schools; moved to Texas in 1848; studied law; was admitted to the bar and practiced in Tyler, Smith County, Tex.; member of the State house of representatives in 1852, 1853, and 1858; district attorney for the ninth judicial district in 1866; appointed register in bankruptcy in 1867; upon the readmission of Texas to representation was elected as a Republican to the Forty-first Congress and served from March 30, 1870, to March 3, 1871; unsuccessful candidate for reelection in 1870 to the Forty-second Congress; resumed the practice of law; died in Tyler, Tex., October 14, 1876; interment in Oakwood Cemetery.","relationship":[],"asset":[],"jobPositions":[{"job":{"name":"Representative","jobType":"CongressMemberJob"},"congressAffiliation":{"congress":{"name":"The 41st United States Congress","congressNumber":41,"congressType":"USCongress","startDate":"1869-03-04","endDate":"1871-03-03"},"partyAffiliation":[{"party":{"name":"Republican"}}],"caucusAffiliation":[{"party":{"name":"Republican"}}],"represents":{"regionType":"StateRegion","regionCode":"TX"},"note":[{"type":"Note","noteType":"FootNote","content":"Qualified under act of July 2, 1862, and took his seat March 31, 1870."}]}}],"creativeWork":[{"freeFormCitationText":"Avillo, Philip J., Jr. \"Phanton Radicals: Texas Republicans in Congress, 1870-1873.\" <i> Southwestern Historical</i> Quarterly 77 (April 1974): 431-44."}],"researchRecord":[]}}
