{"data":{"usCongressBioId":"W000774","familyName":"Wurts","givenName":"John","honorificPrefix":"Mr.","unaccentedFamilyName":"Wurts","unaccentedGivenName":"John","birthDate":"1792-08-13","birthCirca":false,"birthDateUnknown":false,"deathDate":"1861-04-23","deathCirca":false,"deathDateUnknown":false,"profileText":"a Representative from Pennsylvania; born in Flanders, Morris County, N.J., August 13, 1792; after his father's death in 1793 the family resided in Montville, Morris County, and subsequently moved to Philadelphia, Pa.; was graduated from Princeton College in 1813; studied law; was admitted to the bar in 1816 and commenced practice in Philadelphia, Pa.; member of the State house of representatives in 1817; served in the State senate in 1820; elected as a Jacksonian candidate to the Nineteenth Congress (March 4, 1825-March 3, 1827); was not a candidate for renomination; United States district attorney 1827-1831; member of the city council of Philadelphia; president of the Delaware &amp; Hudson Canal Co. 1831-1858; went abroad for his health in 1859; died in Rome, Italy, on April 23, 1861; interment in the family cemetery at Pleasant Mills, near Batsto, Atlantic County, N.J.","relationship":[],"asset":[],"jobPositions":[{"job":{"name":"Representative","jobType":"CongressMemberJob"},"startDate":"1825-12-05","startCirca":false,"endCirca":false,"congressAffiliation":{"congress":{"name":"The 19th United States Congress","congressNumber":19,"congressType":"USCongress","startDate":"1825-03-04","endDate":"1827-03-03"},"partyAffiliation":[{"party":{"name":"Jacksonian"},"startCirca":false,"endCirca":false}],"caucusAffiliation":[{"party":{"name":"Jacksonian"},"startCirca":false,"endCirca":false}],"represents":{"regionType":"DistrictRegion","regionCode":"PA"}}}],"creativeWork":[],"researchRecord":[{"name":"In the Wright Family Papers, ca. 1785-1902, 16.67 linear feet.","recordType":["Papers"],"description":"Subjects include John Wurts.","recordLocation":{"name":"Manuscripts and Archives Department","location":{"addressLocality":"Greenville","addressRegion":"DE"},"parentRecordLocation":{"name":"Hagley Museum and Library","location":{"addressLocality":"Greenville","addressRegion":"DE"}}}}],"deleted":false}}
