{"data":{"usCongressBioId":"W000545","familyName":"Williams","givenName":"William","honorificPrefix":"Mr.","unaccentedFamilyName":"Williams","unaccentedGivenName":"William","birthDate":"1821-05-11","birthCirca":false,"deathDate":"1896-04-22","deathCirca":false,"profileText":"A Representative from Indiana; born near Carlisle, Cumberland County, Pa., May 11, 1821; attended the common schools and received a very limited education; studied law; was admitted to the bar in 1845 and commenced practice in Warsaw, Kosciusko County, Ind.; treasurer of Kosciusko County in 1852; resigned the office of treasurer in order to become a candidate for Lieutenant Governor; unsuccessful candidate for Lieutenant Governor in 1853; managed the Bank of Warsaw for several years; director of the Fort Wayne and Chicago Railway 1854-1856; director of the Michigan City prison 1859-1862; served in the Union Army as commandant of Camp Allen, Fort Wayne, Ind., in 1862 and as paymaster of Volunteers, with headquarters at Louisville, Ky., until the close of the war; elected as a Republican to the Fortieth and to the three succeeding Congresses (March 4, 1867-March 3, 1875); chairman, Committee on Expenditures in the Department of War (Fortieth through Forty-third Congresses); was not a candidate for renomination in 1874; resumed the practice of law in Warsaw, Ind.; appointed by President Arthur as Chargé d'Affaires to Paraguay and Uruguay April 12, 1882, and served until February 14, 1885, when he resigned; returned to Warsaw, Ind., in 1885 and retired from active business pursuits; died in Warsaw April 22, 1896; interment in Oakwood Cemetery.","relationship":[],"asset":[],"jobPositions":[{"job":{"name":"Representative","jobType":"CongressMemberJob"},"startDate":"1867-03-04","startCirca":false,"congressAffiliation":{"congress":{"name":"The 40th United States Congress","congressNumber":40,"congressType":"USCongress","startDate":"1867-03-04","endDate":"1869-03-03"},"partyAffiliation":[{"party":{"name":"Republican"}}],"caucusAffiliation":[{"party":{"name":"Republican"}}],"represents":{"regionType":"DistrictRegion","regionCode":"IN"}}},{"job":{"name":"Representative","jobType":"CongressMemberJob"},"startDate":"1869-03-04","startCirca":false,"congressAffiliation":{"congress":{"name":"The 41st United States Congress","congressNumber":41,"congressType":"USCongress","startDate":"1869-03-04","endDate":"1871-03-03"},"partyAffiliation":[{"party":{"name":"Republican"}}],"caucusAffiliation":[{"party":{"name":"Republican"}}],"represents":{"regionType":"DistrictRegion","regionCode":"IN"}}},{"job":{"name":"Representative","jobType":"CongressMemberJob"},"congressAffiliation":{"congress":{"name":"The 42nd United States Congress","congressNumber":42,"congressType":"USCongress","startDate":"1871-03-04","endDate":"1873-03-03"},"partyAffiliation":[{"party":{"name":"Republican"}}],"caucusAffiliation":[{"party":{"name":"Republican"}}],"represents":{"regionType":"StateRegion","regionCode":"IN"}}},{"job":{"name":"Representative","jobType":"CongressMemberJob"},"congressAffiliation":{"congress":{"name":"The 43rd United States Congress","congressNumber":43,"congressType":"USCongress","startDate":"1873-03-04","endDate":"1875-03-03"},"partyAffiliation":[{"party":{"name":"Republican"}}],"caucusAffiliation":[{"party":{"name":"Republican"}}],"represents":{"regionType":"StateRegion","regionCode":"IN"}}}],"creativeWork":[{"freeFormCitationText":"<i>Relief of the suffering poor of the South. Speeches of Hon. William Williams, of Indiana ... [et al.]; House of Representatives, March 13, 1867.</i> Washington: Printed at the <i>Congressional Globe</i> Office, 1867."}],"researchRecord":[]}}
