{"data":{"usCongressBioId":"W000510","familyName":"Williams","givenName":"Jared","honorificPrefix":"Mr.","unaccentedFamilyName":"Williams","unaccentedGivenName":"Jared","birthDate":"1766-03-04","birthCirca":false,"birthDateUnknown":false,"deathDate":"1831-01-02","deathCirca":false,"deathDateUnknown":false,"profileText":"a Representative from Virginia; born in Montgomery County, Md., March 4, 1766; pursued classical studies; engaged in agricultural pursuits; member of the State house of delegates from 1812 to 1817; elected as a Democratic Republican to the Sixteenth and to the succeeding Congress; elected as a Crawford Republican to the Eighteenth Congress (March 4, 1819-March 3, 1825); died near Newton, Va., January 2, 1831.","relationship":[],"asset":[],"jobPositions":[{"job":{"name":"Representative","jobType":"CongressMemberJob"},"startDate":"1819-12-06","startCirca":false,"endCirca":false,"congressAffiliation":{"congress":{"name":"The 16th United States Congress","congressNumber":16,"congressType":"USCongress","startDate":"1819-12-06","endDate":"1821-03-03"},"partyAffiliation":[{"party":{"name":"Democratic Republican"},"startCirca":false,"endCirca":false}],"caucusAffiliation":[{"party":{"name":"Democratic Republican"},"startCirca":false,"endCirca":false}],"represents":{"regionType":"DistrictRegion","regionCode":"VA"}}},{"job":{"name":"Representative","jobType":"CongressMemberJob"},"startDate":"1821-12-03","startCirca":false,"endCirca":false,"congressAffiliation":{"congress":{"name":"The 17th United States Congress","congressNumber":17,"congressType":"USCongress","startDate":"1821-12-03","endDate":"1823-03-03"},"partyAffiliation":[{"party":{"name":"Democratic Republican"},"startCirca":false,"endCirca":false}],"caucusAffiliation":[{"party":{"name":"Democratic Republican"},"startCirca":false,"endCirca":false}],"represents":{"regionType":"DistrictRegion","regionCode":"VA"}}},{"job":{"name":"Representative","jobType":"CongressMemberJob"},"startDate":"1823-12-01","startCirca":false,"endCirca":false,"congressAffiliation":{"congress":{"name":"The 18th United States Congress","congressNumber":18,"congressType":"USCongress","startDate":"1823-12-01","endDate":"1825-03-03"},"partyAffiliation":[{"party":{"name":"Crawford Republican"},"startCirca":false,"endCirca":false}],"caucusAffiliation":[{"party":{"name":"Crawford Republican"},"startCirca":false,"endCirca":false}],"represents":{"regionType":"DistrictRegion","regionCode":"VA"},"note":[{"type":"Note","content":"Election unsuccessfully contested by Alfred H.Powell.","noteType":"FootNote"}]}}],"creativeWork":[],"researchRecord":[{"name":"1820, 1 item.","recordType":["Papers"],"description":"A letter from Jared Williams to an unidentified recipient written on March 18, 1820.","recordLocation":{"name":"Manuscript Division","location":{"addressLocality":"Washington","addressRegion":"DC"},"parentRecordLocation":{"name":"Library of Congress","location":{"addressLocality":"Washington","addressRegion":"DC"}}}}],"deleted":false}}
