{"data":{"usCongressBioId":"W000689","familyName":"Wood","givenName":"Amos","middleName":"Eastman","honorificPrefix":"Mr.","unaccentedFamilyName":"Wood","unaccentedGivenName":"Amos","unaccentedMiddleName":"Eastman","birthDate":"1810-01-02","birthCirca":false,"deathDate":"1850-11-19","deathCirca":false,"profileText":"A Representative from Ohio; born in Ellisburg, N.Y., January 2, 1810; attended the common schools; moved to Sandusky County, Ohio, in 1833 and engaged in agricultural pursuits; member of the State house of representatives 1840-1842; served in the State senate in 1845; elected as a Democrat to the Thirty-first Congress to fill the vacancy caused by the death of Rudolphus Dickinson and served from December 3, 1849, until his death in Fort Wayne, Ind., November 19, 1850; interment in Woodville Cemetery, Woodville, Sandusky County, Ohio.","relationship":[],"asset":[],"jobPositions":[{"job":{"name":"Representative","jobType":"CongressMemberJob"},"startDate":"1849-12-03","startCirca":false,"endDate":"1850-11-19","endCirca":false,"departureReason":"Died","congressAffiliation":{"congress":{"name":"The 31st United States Congress","congressNumber":31,"congressType":"USCongress","startDate":"1849-03-05","endDate":"1851-03-03"},"departureReason":"Died","partyAffiliation":[{"party":{"name":"Democrat"}}],"caucusAffiliation":[{"party":{"name":"Democrat"}}],"represents":{"regionType":"DistrictRegion","regionCode":"OH"},"note":[{"type":"Note","noteType":"FootNote","content":"Elected to fill vacancy caused by death of Rodolphus Dickinson, and took his seat December 3, 1849; died November 19, 1850."}]}}],"creativeWork":[],"researchRecord":[]}}
