{"data":{"usCongressBioId":"W000395","familyName":"White","givenName":"Stephen","middleName":"Van Culen","honorificPrefix":"Mr.","unaccentedFamilyName":"White","unaccentedGivenName":"Stephen","unaccentedMiddleName":"Van Culen","birthDate":"1831-08-01","birthCirca":false,"deathDate":"1913-01-18","deathCirca":false,"profileText":"A Representative from New York; born in Chatham County, N.C., August 1, 1831; moved to Illinois with his parents, who settled near Otterville, Jersey County, Ill.; attended the free school founded by Dr. Silas Hamilton in Otterville, Ill., and was graduated from Knox College, Galesburg, Ill., in 1854; entered a mercantile house in St. Louis, Mo.; studied law and was admitted to the bar November 4, 1856; moved to Des Moines, Iowa, in 1856, and practiced law until January 1, 1865; acting United States district attorney for Iowa in 1864; moved to New York City in 1865 and engaged in banking; member of the New York Stock Exchange; was an astronomer and upon the organization of the American Astronomical Society in 1883 was elected its first president; elected as a Republican to the Fiftieth Congress (March 4, 1887-March 3, 1889); was not a candidate for renomination in 1888 to the Fifty-first Congress; resumed the practice of law; died in Brooklyn, N.Y., January 18, 1913; interment in Greenwood Cemetery.","relationship":[],"asset":[],"jobPositions":[{"job":{"name":"Representative","jobType":"CongressMemberJob"},"startDate":"1887-03-04","startCirca":false,"congressAffiliation":{"congress":{"name":"The 50th United States Congress","congressNumber":50,"congressType":"USCongress","startDate":"1887-12-05","endDate":"1889-03-04"},"partyAffiliation":[{"party":{"name":"Republican"}}],"caucusAffiliation":[{"party":{"name":"Republican"}}],"represents":{"regionType":"DistrictRegion","regionCode":"NY"}}}],"creativeWork":[{"freeFormCitationText":"White, Stephen Van Culen. <i>Address of Hon. S. V. White, delivered at the Chautauqua</i>. [New York?: N.p., 1900]."},{"freeFormCitationText":"------. <i>Selections form the portfolio of S. V. White</i>. [New York: N.p., 1890]."}],"researchRecord":[]}}
