{"data":{"usCongressBioId":"W000615","familyName":"Wilson","givenName":"Thomas","honorificPrefix":"Mr.","unaccentedFamilyName":"Wilson","unaccentedGivenName":"Thomas","birthDate":"1765-09-11","birthCirca":false,"deathDate":"1826-01-24","deathCirca":false,"profileText":"A Representative from Virginia; born in Staunton, Va., September 11, 1765; studied law in Staunton, Va.; was admitted to the bar September 21, 1789, and commenced practice in Morgantown, Va. (now West Virginia); member of the State senate 1792-1795; served in the State house of delegates in 1799 and 1800; again a member of the State senate 1800-1804; elected as a Federalist to the Twelfth Congress (March 4, 1811-March 3, 1813); again a member of the State house of delegates in 1816 and 1817; resumed the practice of law; died in Morgantown, Va., January 24, 1826; interment in Oak Grove Cemetery.","relationship":[{"relationshipType":"father","relatedTo":{"usCongressBioId":"W000574","familyName":"Wilson","givenName":"Edgar","middleName":"Campbell","honorificPrefix":"Mr.","unaccentedFamilyName":"Wilson","unaccentedGivenName":"Edgar","unaccentedMiddleName":"Campbell","birthDate":"1800-10-18","birthCirca":false,"birthDateUnknown":false,"deathDate":"1860-04-24","deathCirca":false,"deathDateUnknown":false,"deleted":false}},{"relationshipType":"grandfather","relatedTo":{"usCongressBioId":"W000578","familyName":"Wilson","givenName":"Eugene","middleName":"McLanahan","honorificPrefix":"Mr.","unaccentedFamilyName":"Wilson","unaccentedGivenName":"Eugene","unaccentedMiddleName":"McLanahan","birthDate":"1833-12-25","birthCirca":false,"deathDate":"1890-04-10","deathCirca":false}}],"asset":[],"jobPositions":[{"job":{"name":"Representative","jobType":"CongressMemberJob"},"startDate":"1811-11-04","startCirca":false,"congressAffiliation":{"congress":{"name":"The 12th United States Congress","congressNumber":12,"congressType":"USCongress","startDate":"1811-11-04","endDate":"1813-03-03"},"partyAffiliation":[{"party":{"name":"Federalist"}}],"caucusAffiliation":[{"party":{"name":"Federalist"}}],"represents":{"regionType":"DistrictRegion","regionCode":"VA"}}}],"creativeWork":[],"researchRecord":[{"name":"In the Archibald Woods Papers, ca. 1777-1893, approximately 2,775 items.","recordType":["Papers"],"description":"Correspondents include Thomas Wilson.","recordLocation":{"name":"Earl Gregg Swem Library","location":{"addressLocality":"Williamsburg","addressRegion":"VA"},"parentRecordLocation":{"name":"College of William and Mary","location":{"addressLocality":"Williamsburg","addressRegion":"VA"}}}}]}}
