{"data":{"usCongressBioId":"W000360","familyName":"White","givenName":"Chilton","middleName":"Allen","honorificPrefix":"Mr.","unaccentedFamilyName":"White","unaccentedGivenName":"Chilton","unaccentedMiddleName":"Allen","birthDate":"1826-02-06","birthCirca":false,"deathDate":"1900-12-07","deathCirca":false,"profileText":"A Representative from Ohio; born in Georgetown, Brown County, Ohio, February 6, 1826; attended the public schools; taught school; served in the Mexican War with Company G, First Regiment, Ohio Volunteers; studied law; was admitted to the bar in 1848 and commenced the practice of law in Georgetown, Ohio; prosecuting attorney of Brown County from 1852 to 1854; member of the State senate in 1859 and 1860; elected as a Democrat to the Thirty-seventh and Thirty-eighth Congresses (March 4, 1861-March 3, 1865); unsuccessful for reelection in 1864 to the Thirty-ninth Congress; resumed the practice of law in Georgetown; delegate to the State constitutional convention in 1873; unsuccessful candidate for secretary of state in 1896; died in Georgetown, Ohio, December 7, 1900; interment in Confidence Cemetery.","relationship":[],"asset":[],"jobPositions":[{"job":{"name":"Representative","jobType":"CongressMemberJob"},"startDate":"1861-03-04","startCirca":false,"congressAffiliation":{"congress":{"name":"The 37th United States Congress","congressNumber":37,"congressType":"USCongress","startDate":"1861-03-04","endDate":"1863-03-03"},"partyAffiliation":[{"party":{"name":"Democrat"}}],"caucusAffiliation":[{"party":{"name":"Democrat"}}],"represents":{"regionType":"DistrictRegion","regionCode":"OH"}}},{"job":{"name":"Representative","jobType":"CongressMemberJob"},"startDate":"1863-03-04","startCirca":false,"congressAffiliation":{"congress":{"name":"The 38th United States Congress","congressNumber":38,"congressType":"USCongress","startDate":"1863-03-04","endDate":"1865-03-04"},"partyAffiliation":[{"party":{"name":"Democrat"}}],"caucusAffiliation":[{"party":{"name":"Democrat"}}],"represents":{"regionType":"DistrictRegion","regionCode":"OH"}}}],"creativeWork":[],"researchRecord":[]}}
