{"data":{"usCongressBioId":"W000229","familyName":"Weaver","givenName":"Walter","middleName":"Lowrie","honorificPrefix":"Mr.","unaccentedFamilyName":"Weaver","unaccentedGivenName":"Walter","unaccentedMiddleName":"Lowrie","birthDate":"1851-04-01","birthCirca":false,"deathDate":"1909-05-26","deathCirca":false,"profileText":"A Representative from Ohio; born in Montgomery County, Ohio, April 1, 1851; attended the public schools and Monroe Academy, and was graduated from Wittenberg College, Springfield, Ohio, in 1870; studied law; was admitted to the bar in 1872 and commenced practice in Springfield, Ohio; elected prosecuting attorney of Clark County in 1874, 1880, 1882, and 1885; elected as a Republican to the Fifty-fifth and Fifty-sixth Congresses (March 4, 1897-March 3, 1901); chairman, Committee on Elections No. 2 (Fifty-sixth Congress); unsuccessful candidate for renomination in 1900; appointed associate justice Choctaw-Chickasaw citizens' court at McAlester, Okla., in 1902; returned to Springfield, Ohio, in 1904 and resumed the practice of law; died in Springfield, Clark County, Ohio, May 26, 1909; interment in Ferncliff Cemetery.","relationship":[],"asset":[],"jobPositions":[{"job":{"name":"Representative","jobType":"CongressMemberJob"},"startDate":"1897-03-15","startCirca":false,"congressAffiliation":{"congress":{"name":"The 55th United States Congress","congressNumber":55,"congressType":"USCongress","startDate":"1897-03-15","endDate":"1899-03-04"},"partyAffiliation":[{"party":{"name":"Republican"}}],"caucusAffiliation":[{"party":{"name":"Republican"}}],"represents":{"regionType":"DistrictRegion","regionCode":"OH"}}},{"job":{"name":"Representative","jobType":"CongressMemberJob"},"startDate":"1899-03-04","startCirca":false,"congressAffiliation":{"congress":{"name":"The 56th United States Congress","congressNumber":56,"congressType":"USCongress","startDate":"1899-12-04","endDate":"1901-03-03"},"partyAffiliation":[{"party":{"name":"Republican"}}],"caucusAffiliation":[{"party":{"name":"Republican"}}],"represents":{"regionType":"DistrictRegion","regionCode":"OH"}}}],"creativeWork":[],"researchRecord":[]}}
