{"data":{"usCongressBioId":"W000509","familyName":"Williams","givenName":"James","middleName":"Wray","honorificPrefix":"Mr.","unaccentedFamilyName":"Williams","unaccentedGivenName":"James","unaccentedMiddleName":"Wray","birthDate":"1792-10-08","birthCirca":false,"deathDate":"1842-12-02","deathCirca":false,"profileText":"a Representative from Maryland; born in that State October 8, 1792; completed preparatory studies; member of the State house of delegates, 1825-1826, 1837-1840; was speaker in 1839-1840; elected as a Democrat to the Twenty-seventh Congress and served from May 31, 1841, until his death on Prieshford farm, Deer Creek, Harford County, Md., December 2, 1842; interment in the family cemetery on Prieshford farm.","relationship":[],"asset":[],"jobPositions":[{"job":{"name":"Representative","jobType":"CongressMemberJob"},"startDate":"1841-03-04","startCirca":false,"endDate":"1842-12-02","endCirca":false,"departureReason":"Died","congressAffiliation":{"congress":{"name":"The 27th United States Congress","congressNumber":27,"congressType":"USCongress","startDate":"1841-03-04","endDate":"1843-03-03"},"departureReason":"Died","partyAffiliation":[{"party":{"name":"Democrat"}}],"caucusAffiliation":[{"party":{"name":"Democrat"}}],"represents":{"regionType":"DistrictRegion","regionCode":"MD"},"note":[{"type":"Note","noteType":"FootNote","content":"Died December 2, 1842."}]}}],"creativeWork":[],"researchRecord":[],"deleted":false}}
