{"data":{"usCongressBioId":"W000741","familyName":"Worcester","givenName":"Samuel","middleName":"Thomas","honorificPrefix":"Mr.","unaccentedFamilyName":"Worcester","unaccentedGivenName":"Samuel","unaccentedMiddleName":"Thomas","birthDate":"1804-08-30","birthCirca":false,"deathDate":"1882-12-06","deathCirca":false,"profileText":"A Representative from Ohio; born in Hollis, Hillsborough County, N.H., August 30, 1804; attended the common schools and was graduated from Harvard University in 1830; studied law; was admitted to the bar in 1835 and began practice in Norwalk, Huron County, Ohio; member of the State senate in 1849 and 1850; served as judge of the court of common pleas in 1859 and 1860; elected as a Republican to the Thirty-seventh Congress to fill the vacancy caused by the resignation of John Sherman and served from July 4, 1861, to March 3, 1863; resumed the practice of law and engaged in literary pursuits; died in Nashua, N.H., on December 6, 1882; interment in the South Cemetery, Hollis, N.H.","relationship":[],"asset":[],"jobPositions":[{"job":{"name":"Representative","jobType":"CongressMemberJob"},"startDate":"1861-07-04","startCirca":false,"congressAffiliation":{"congress":{"name":"The 37th United States Congress","congressNumber":37,"congressType":"USCongress","startDate":"1861-03-04","endDate":"1863-03-03"},"partyAffiliation":[{"party":{"name":"Republican"}}],"caucusAffiliation":[{"party":{"name":"Republican"}}],"represents":{"regionType":"DistrictRegion","regionCode":"OH"},"note":[{"type":"Note","noteType":"FootNote","content":"Elected to fill vacancy caused by the resignation of John Sherman, and took his seat July 4, 1861."}]}}],"creativeWork":[],"researchRecord":[{"name":"3 letters.","recordType":["Papers"],"recordLocation":{"name":"Boston Public Library","location":{"addressLocality":"Boston","addressRegion":"MA"}}},{"name":"In the Joseph E. Worcester Papers, 1784-1865, 4 boxes and 3 cased volumes.","recordType":["Papers"],"description":"Correspondents include Samuel T. Worcester.","recordLocation":{"name":"Massachusetts Historical Society","url":"http://thomasjeffersonpapers.org/independence","location":{"addressLocality":"Boston","addressRegion":"MA"}}},{"name":"In the Benjamin Franklin Prescott Papers, 1879-1885, 4 items.","recordType":["Papers"],"description":"Other authors include Samuel T. Worcester.","recordLocation":{"name":"Rauner Special Collections Library","location":{"addressLocality":"Hanover","addressRegion":"NH"},"parentRecordLocation":{"name":"Dartmouth College","location":{"addressLocality":"Hanover","addressRegion":"NH"}}}},{"name":"1861, 1 item.","recordType":["Papers"],"description":"A letter from an unidentified individual to Samuel T. Worcester written on December 12, 1861. The unidentified individual refers to the nomination of a candidate to the Naval Academy.","recordLocation":{"name":"Special Collections Research Center","location":{"addressLocality":"Chicago","addressRegion":"IL"},"parentRecordLocation":{"name":"University of Chicago Library","location":{"addressLocality":"Chicago","addressRegion":"IL"}}}}]}}
