{"data":{"usCongressBioId":"W000141","familyName":"Ward","givenName":"Thomas","honorificPrefix":"Mr.","unaccentedFamilyName":"Ward","unaccentedGivenName":"Thomas","birthDate":"1759","birthCirca":true,"birthDateUnknown":false,"deathDate":"1842-03-04","deathCirca":false,"deathDateUnknown":false,"profileText":"A Representative from New Jersey; born in Newark, N.J., about 1759; completed preparatory studies; studied law; was admitted to the bar and commenced practice in Newark, N.J.; served as captain and major during the Whisky Insurrection in 1794; sheriff of Essex County, N.J., in 1797; elected one of the judges of the Essex County Court in 1804 and reelected in 1809; member of the legislative council in 1808 and 1809; elected as a Democratic Republican to the Thirteenth and Fourteenth Congresses (March 4, 1813-March 3, 1817); was senior officer of the New Jersey Cavalry at the time of his death in Newark, N.J., March 4, 1842; interment in the churchyard of the First Presbyterian Church.","relationship":[],"asset":[],"jobPositions":[{"job":{"name":"Representative","jobType":"CongressMemberJob"},"startDate":"1813-05-24","startCirca":false,"endCirca":false,"congressAffiliation":{"congress":{"name":"The 13th United States Congress","congressNumber":13,"congressType":"USCongress","startDate":"1813-05-24","endDate":"1815-03-03"},"partyAffiliation":[{"party":{"name":"Democratic Republican"},"startCirca":false,"endCirca":false}],"caucusAffiliation":[{"party":{"name":"Democratic Republican"},"startCirca":false,"endCirca":false}],"represents":{"regionType":"StateRegion","regionCode":"NJ"},"note":[{"type":"Note","content":"One of two elected to represent Northern district.","noteType":"FootNote"}]}},{"job":{"name":"Representative","jobType":"CongressMemberJob"},"startDate":"1815-12-04","startCirca":false,"endCirca":false,"congressAffiliation":{"congress":{"name":"The 14th United States Congress","congressNumber":14,"congressType":"USCongress","startDate":"1815-12-04","endDate":"1817-03-03"},"partyAffiliation":[{"party":{"name":"Democratic Republican"},"startCirca":false,"endCirca":false}],"caucusAffiliation":[{"party":{"name":"Democratic Republican"},"startCirca":false,"endCirca":false}],"represents":{"regionType":"StateRegion","regionCode":"NJ"}}}],"creativeWork":[],"researchRecord":[],"deleted":false}}
