{"data":{"usCongressBioId":"W000713","familyName":"Woodford","givenName":"Stewart","middleName":"Lyndon","unaccentedFamilyName":"Woodford","unaccentedGivenName":"Stewart","unaccentedMiddleName":"Lyndon","birthDate":"1835","birthCirca":false,"deathDate":"1913","deathCirca":false,"profileText":"A Representative from New York; born in New York City September 3, 1835; was graduated from Columbia College (now Columbia University), New York City, in 1854; studied law; was admitted to the bar in 1857 and commenced practice in New York City; delegate to the Republican National Convention in 1860 and 1872; assistant attorney for the United States in New York City in 1861 and 1862; during the Civil War served in the Union Army; lieutenant colonel of the One Hundred and Twenty-seventh New York Volunteers September 8, 1862; colonel of the One Hundred and Third United States Colored Infantry March 3, 1865; brevetted brigadier general of Volunteers May 12, 1865; resigned August 23, 1865; was first Union military commander of Charleston, S.C., and of Savannah, Ga.; Lieutenant Governor of New York 1867-1869; unsuccessful candidate for Governor in 1870; elected as a Republican to the Forty-third Congress and served from March 4, 1873, to July 1, 1874, when he resigned; United States attorney for the southern district of New York from 1877 to 1883; appointed United States Envoy Extraordinary and Minister Plenipotentiary to Spain on June 19, 1897, and served until September 20, 1898, when he resigned; resumed the practice of law in New York City and died there February 14, 1913; interment in Woodland Cemetery, Stamford, Conn.","relationship":[],"asset":[],"jobPositions":[{"job":{"name":"Representative","jobType":"CongressMemberJob"},"congressAffiliation":{"congress":{"name":"The 43rd United States Congress","congressNumber":43,"congressType":"USCongress","startDate":"1873-03-04","endDate":"1875-03-03"},"partyAffiliation":[{"party":{"name":"Republican"}}],"caucusAffiliation":[{"party":{"name":"Republican"}}],"represents":{"regionType":"StateRegion","regionCode":"NY"}}}],"creativeWork":[{"freeFormCitationText":"Woodford, Stewart Lyndon. <i>Annual oration by the Hon. Stewart L. Woodford</i>. [New York: N.p., 1886]."},{"freeFormCitationText":"------. <i>The progress of industrial education; an address before the American Institute of the City of New York ... September 30, 1891, at the opening of the sixtieth exhibition</i>. New York: [Gillis Brothers], 1891."}],"researchRecord":[{"name":"Letters of Stewart Woodford, 1865-1908, 4 items.","recordType":["Papers"],"recordLocation":{"name":"Manuscript Division","location":{"addressLocality":"Washington","addressRegion":"DC"},"parentRecordLocation":{"name":"Library of Congress","location":{"addressLocality":"Washington","addressRegion":"DC"}}}},{"name":"October 1, 1864; January 4, 1889; March 17 and April 7, 1903; June 4, 1907. 5 letters.","recordType":["Papers"],"description":"Personal and official correspondence. Finding aid in repository.","recordLocation":{"name":"New-York Historical Society","location":{"addressLocality":"New York","addressRegion":"NY"}}},{"name":"In the Pach Brothers Portrait Photograph Collection, 1867-1947, 4.86 linear feet.","recordType":["Photographs"],"description":"Persons represented include Stewart Woodford.","recordLocation":{"name":"New-York Historical Society","location":{"addressLocality":"New York","addressRegion":"NY"}}},{"name":"April 15, [?]. 1 letter.","recordType":["Papers"],"description":"Finding aid in repository.","recordLocation":{"name":"Brooklyn Historical Society","location":{"addressLocality":"Brooklyn","addressRegion":"NY"}}},{"name":"ca. 1882, 1 item.","recordType":["Papers"],"description":"A letter from Stewart Lyndon Woodford to President Chester Arthur written on February 16, 1882. In the letter, Woodford suggests the name of John A. Hutchinson as U.S. Attorney for West Virginia.","recordLocation":{"name":"Literary and Historical Manuscripts","location":{"addressLocality":"New York","addressRegion":"NY"},"parentRecordLocation":{"name":"The Morgan Library","location":{"addressLocality":"New York","addressRegion":"NY"}}}},{"name":"In the Autographs of Civil War Officers and U.S. Statesmen, ca. 1810-1885, approximately 80 items.","recordType":["Papers"],"description":"Persons represented include Stewart Woodford.","recordLocation":{"name":"Albert and Shirley Small Special Collections Library","location":{"addressLocality":"Charlottesville","addressRegion":"VA"},"parentRecordLocation":{"name":"University of Virginia","location":{"addressLocality":"Charlottesville","addressRegion":"VA"}}}},{"name":"In the John Hay Correspondence, 1854-1914, \"Willard\" to \"Yorke,\" approximately 6,000 items.","recordType":["Papers"],"description":"Correspondents include Stewart Woodford.","recordLocation":{"name":"John Hay Library","location":{"addressLocality":"Providence","addressRegion":"RI"},"parentRecordLocation":{"name":"Brown University","location":{"addressLocality":"Providence","addressRegion":"RI"}}}},{"name":"In the George Alfred Townsend Papers, 1883-1888, 3 items.","recordType":["Papers"],"description":"The papers include a letter from Stewart Lyndon Woodford, first Union military commander of Charleston, South Carolina, and Savannah, Georgia, explaining to George Townsend that he had been involved in prisoner exchange during the Civil War.","recordLocation":{"name":"Rare Book, Manuscripts, and Special Collections Library","location":{"addressLocality":"Durham","addressRegion":"NC"},"parentRecordLocation":{"name":"Duke University","location":{"addressLocality":"Durham","addressRegion":"NC"}}}},{"name":"In the Barney (Hiram) Collection, ca. 1772-1924, approximately 8,300 pieces.","recordType":["Papers"],"description":"Correspondents include Stewart Woodford.","recordLocation":{"name":"Manuscripts Department","location":{"addressLocality":"San Marino","addressRegion":"CA"},"parentRecordLocation":{"name":"The Huntington Library","location":{"addressLocality":"San Marino","addressRegion":"CA"}}}},{"name":"Civil War Collection, ca. 1861-1945, 0.8 cubic foot.","recordType":["Papers"],"description":"The papers include clippings and articles about Colonel Stewart L. Woodford, 1865.","recordLocation":{"name":"Southold Free Library","location":{"addressLocality":"Albany","addressRegion":"NY"},"parentRecordLocation":{"name":"New York State Archives","location":{"addressLocality":"Albany","addressRegion":"NY"}}}},{"name":"1868, 1 item.","recordType":["Papers"],"description":"A letter from John Quidor to Stewart L. Woodford written on July 13, 1868, regarding a farm in Illinois purchased by Quidor in 1843.","recordLocation":{"name":"Archives of American Art","location":{"addressLocality":"Washington","addressRegion":"DC"},"parentRecordLocation":{"name":"Smithsonian Institution","location":{"addressLocality":"Washington","addressRegion":"DC"}}}},{"name":"In the John A. Dix Papers, 1831-1879, 0.75 linear foot.","recordType":["Papers"],"description":"Persons represented include Stewart Woodford.","recordLocation":{"name":"Special Collections Research Center","location":{"addressLocality":"Syracuse","addressRegion":"NY"},"parentRecordLocation":{"name":"Syracuse University","location":{"addressLocality":"Syracuse","addressRegion":"NY"}}}},{"name":"In the Levi P. Morton Papers, 1860-1912, 0.5 linear foot.","recordType":["Papers"],"description":"Persons represented include Stewart Woodford.","recordLocation":{"name":"Special Collections Research Center","location":{"addressLocality":"Syracuse","addressRegion":"NY"},"parentRecordLocation":{"name":"Syracuse University","location":{"addressLocality":"Syracuse","addressRegion":"NY"}}}},{"name":"In the Miscellaneous Manuscripts Collection, ca. 1900, 1 item.","recordType":["Papers"],"description":"A letter from Stewart Woodford to Mrs. S. E. Bates, Manager of the Hotel Margaret, written around 1900.","recordLocation":{"name":"Manuscripts, Special Collections","location":{"addressLocality":"Chicago","addressRegion":"Il"},"parentRecordLocation":{"name":"University of Chicago","location":{"addressLocality":"Chicago","addressRegion":"IL"}}}},{"name":"In the Salem Howe Wales Papers, 1837-1908, 7 boxes.","recordType":["Papers"],"description":"Persons represented include Stewart Woodford.","recordLocation":{"name":"The Winterthur Archives","location":{"addressLocality":"Winterthur","addressRegion":"DE"},"parentRecordLocation":{"name":"Winterthur Museum and Country Estates","location":{"addressLocality":"Winterthur","addressRegion":"DE"}}}},{"name":"In the Carrington Family Papers, 1749-1929, 3 linear feet.","recordType":["Papers"],"description":"Persons represented include Stewart Woodford.","recordLocation":{"name":"Manuscripts and Archives","location":{"addressLocality":"New Haven","addressRegion":"CT"},"parentRecordLocation":{"name":"Yale University","location":{"addressLocality":"New Haven","addressRegion":"CT"}}}}]}}
