{"data":{"usCongressBioId":"W000543","familyName":"Williams","givenName":"Thomas","middleName":"Wheeler","honorificPrefix":"Mr.","unaccentedFamilyName":"Williams","unaccentedGivenName":"Thomas","unaccentedMiddleName":"Wheeler","birthDate":"1789-09-28","birthCirca":false,"deathDate":"1874-12-31","deathCirca":false,"profileText":"A Representative from Connecticut; born in Stonington, Conn., September 28, 1789; attended the public schools; at the age of fifteen was employed as a clerk in New York City, and before he was twenty-one was employed on a business mission to Norway, Sweden, and Russia; for about eight years was engaged in the shipping business; moved to New London, Conn., in 1818 and became a prominent figure in the whaling business; elected as a Whig to the Twenty-sixth and Twenty-seventh Congresses (March 4, 1839-March 3, 1843); chairman, Committee on Mileage (Twenty-sixth and Twenty-seventh Congresses); member of the State house of representatives in 1846 and 1847; president of the New London, Willamantic and Palmer Railroad (later the New London Northern Railroad) in 1847 and for many years thereafter; died in New London, Conn., December 31, 1874; interment in Cedar Grove Cemetery.","relationship":[],"asset":[],"jobPositions":[{"job":{"name":"Representative","jobType":"CongressMemberJob"},"startDate":"1839-03-04","startCirca":false,"congressAffiliation":{"congress":{"name":"The 26th United States Congress","congressNumber":26,"congressType":"USCongress","startDate":"1839-12-02","endDate":"1841-03-03"},"partyAffiliation":[{"party":{"name":"Whig"}}],"caucusAffiliation":[{"party":{"name":"Whig"}}],"represents":{"regionType":"DistrictRegion","regionCode":"CT"}}},{"job":{"name":"Representative","jobType":"CongressMemberJob"},"startDate":"1841-03-04","startCirca":false,"congressAffiliation":{"congress":{"name":"The 27th United States Congress","congressNumber":27,"congressType":"USCongress","startDate":"1841-03-04","endDate":"1843-03-03"},"partyAffiliation":[{"party":{"name":"Whig"}}],"caucusAffiliation":[{"party":{"name":"Whig"}}],"represents":{"regionType":"DistrictRegion","regionCode":"CT"}}}],"creativeWork":[],"researchRecord":[{"name":"1831-1850. 13 letters.","recordType":["Papers"],"description":"Index in repository.","recordLocation":{"name":"Connecticut Historical Society","location":{"addressLocality":"Hartford","addressRegion":"CT"}}},{"name":"1 letter (June 14, 1852) in the Shaw (Perkins) papers, 1734-1850. ca. 2 feet.","recordType":["Papers"],"description":"To N. Shaw Perkins, Jr. recommending the Whig Party nomination of Daniel Webster and urging the support of New England Whig delegates. Finding aid in repository. Restricted.","recordLocation":{"name":"New London County Historical Society","location":{"addressLocality":"New London","addressRegion":"CT"}}},{"name":"1800-1835. 22 boxes.","recordType":["Papers"],"recordLocation":{"name":"New York Public Library","url":"http://www.nypl.org/research/chss/spe/rbk/mss","location":{"addressLocality":"New York","addressRegion":"NY"}}}]}}
