{"data":{"usCongressBioId":"W000281","familyName":"Wells","givenName":"Daniel","honorificPrefix":"Mr.","honorificSuffix":"Jr.","unaccentedFamilyName":"Wells","unaccentedGivenName":"Daniel","birthDate":"1808-07-16","birthCirca":false,"deathDate":"1902-03-18","deathCirca":false,"profileText":"A Representative from Wisconsin; born in West Waterville, Maine, July 16, 1808; attended the public schools; taught school; engaged in the mercantile business at Palmyra, Maine; moved to Milwaukee, Wis., in 1838 and engaged in banking and lumbering pursuits; appointed probate judge of Milwaukee in 1838; member of the Territorial council 1838-1840; elected as a Democrat to the Thirty-third and Thirty-fourth Congresses (March 4, 1853-March 3, 1857); chairman, Committee on Expenditures in the Department of State (Thirty-third Congress); was not a candidate for renomination in 1856; engaged in the development of railroads; a director of the Chicago, Milwaukee &amp; St. Paul Railroad in 1865 and 1866; president of the La Crosse &amp; Milwaukee Railroad, the Southern Minnesota Railroad, and the St. Paul &amp; Minnesota Valley Railroad; died in Milwaukee, Wis., March 18, 1902; interment in Forest Home Cemetery.","relationship":[],"asset":[],"jobPositions":[{"job":{"name":"Representative","jobType":"CongressMemberJob"},"startDate":"1853-03-04","startCirca":false,"congressAffiliation":{"congress":{"name":"The 33rd United States Congress","congressNumber":33,"congressType":"USCongress","startDate":"1853-03-04","endDate":"1855-03-03"},"partyAffiliation":[{"party":{"name":"Democrat"}}],"caucusAffiliation":[{"party":{"name":"Democrat"}}],"represents":{"regionType":"DistrictRegion","regionCode":"WI"}}},{"job":{"name":"Representative","jobType":"CongressMemberJob"},"startDate":"1855-03-04","startCirca":false,"congressAffiliation":{"congress":{"name":"The 34th United States Congress","congressNumber":34,"congressType":"USCongress","startDate":"1855-12-03","endDate":"1857-03-03"},"partyAffiliation":[{"party":{"name":"Democrat"}}],"caucusAffiliation":[{"party":{"name":"Democrat"}}],"represents":{"regionType":"DistrictRegion","regionCode":"WI"}}}],"creativeWork":[{"freeFormCitationText":"Cushing, Gertrude W. <i>Genealogy of the Wells family</i>. Milwaukee: S. E. Tate &amp; Company, printers, [1903?]"}],"researchRecord":[{"name":"1782-1932. 8 feet.","recordType":["Papers"],"description":"The papers of Daniel Wells, Jr. contain personal, business, political, and travel correspondence, memoirs, notebooks, printed matter, and family papers. A finding aid is available in the repository.","recordLocation":{"name":"Milwaukee County Historical Society","location":{"addressLocality":"Milwaukee","addressRegion":"WI"}}},{"name":"In the Henry Judkins Papers, 1848-1863, 1 folder.","recordType":["Papers"],"description":"Subjects include Henry Judkins time working in the lumbering operations of Daniel Wells, Jr.","recordLocation":{"name":"Area Research Center","location":{"addressLocality":"Oshkosh","addressRegion":"WI"},"parentRecordLocation":{"name":"Wisconsin Historical Society","location":{"addressLocality":"Madison","addressRegion":"WI"}}}},{"name":"In the Harrison Ludington Papers, 1848-1890, 2 cubic feet.","recordType":["Papers"],"description":"Subjects include Harrison Ludington’s business activities, particularly his partnership with Daniel Wells, Jr.","recordLocation":{"name":"Area Research Center","location":{"addressLocality":"Oshkosh","addressRegion":"WI"},"parentRecordLocation":{"name":"Wisconsin Historical Society","location":{"addressLocality":"Madison","addressRegion":"WI"}}}},{"name":"In the Horace A. Upham Papers, 1865-1901, 0.4 cubic foot.","recordType":["Papers"],"description":"Legal papers concerning the suit, 1890-1895, of Daniel Wells, Jr., bondholder of the Fox and Wisconsin Improvement Company, vs. the Green Bay and Mississippi Canal Company, kept by Upham, an attorney for the plaintiff; including briefs, notices, arguments, and correspondence, 1865-1901, relating to the case.","recordLocation":{"name":"Area Research Center","location":{"addressLocality":"Oshkosh","addressRegion":"WI"},"parentRecordLocation":{"name":"Wisconsin Historical Society","location":{"addressLocality":"Madison","addressRegion":"WI"}}}}]}}
