{"data":{"usCongressBioId":"W000473","familyName":"Wilkin","givenName":"Samuel","middleName":"Jones","honorificPrefix":"Mr.","unaccentedFamilyName":"Wilkin","unaccentedGivenName":"Samuel","unaccentedMiddleName":"Jones","birthDate":"1793-12-17","birthCirca":false,"birthDateUnknown":false,"deathDate":"1866-03-11","deathCirca":false,"deathDateUnknown":false,"profileText":"a Representative from New York; born in Goshen, Orange County, N.Y., December 17, 1793; graduated from Princeton College in 1812; studied law; admitted to the bar in 1815 and began practice in Goshen; member of the State assembly in 1824 and 1825; elected as an Anti-Jacksonian candidate to the Twenty-second Congress (March 4, 1831-March 3, 1833); unsuccessful Whig candidate for election in 1844 as Lieutenant Governor of New York; member of the State senate in 1848 and 1849; canal appraiser in 1850; died in Goshen, N.Y., March 11, 1866; interment in Slate Hill Cemetery.","relationship":[{"relationshipType":"son","relatedTo":{"usCongressBioId":"W000472","familyName":"Wilkin","givenName":"James","middleName":"Whitney","honorificPrefix":"Mr.","unaccentedFamilyName":"Wilkin","unaccentedGivenName":"James","unaccentedMiddleName":"Whitney","birthDate":"1762","birthCirca":false,"birthDateUnknown":false,"deathDate":"1845-02-23","deathCirca":false,"deathDateUnknown":false,"deleted":false}}],"asset":[],"jobPositions":[{"job":{"name":"Representative","jobType":"CongressMemberJob"},"startDate":"1831-12-05","startCirca":false,"congressAffiliation":{"congress":{"name":"The 22nd United States Congress","congressNumber":22,"congressType":"USCongress","startDate":"1831-12-05","endDate":"1833-03-02"},"partyAffiliation":[{"party":{"name":"Anti-Jacksonian"}}],"caucusAffiliation":[{"party":{"name":"Anti Jacksonian"}}],"represents":{"regionType":"DistrictRegion","regionCode":"NY"}}}],"creativeWork":[],"researchRecord":[{"name":"December 22, 1831; June 17 and July 1, 1859.","recordType":["Papers"],"description":"3 letters. Finding aid in repository.","recordLocation":{"name":"New-York Historical Society","location":{"addressLocality":"New York","addressRegion":"NY"}}}],"deleted":false}}
