{"data":{"usCongressBioId":"W000422","familyName":"Whitman","givenName":"Lemuel","honorificPrefix":"Mr.","unaccentedFamilyName":"Whitman","unaccentedGivenName":"Lemuel","birthDate":"1780-06-08","birthCirca":false,"deathDate":"1841-11-12","deathCirca":false,"profileText":"A Representative from Connecticut; born in Farmington, Conn., June 8, 1780; completed preparatory studies; was graduated from Yale College in 1800; taught in a seminary in Bermuda in 1801; studied law and was graduated from the Litchfield Law School; was admitted to the bar and commenced practice in Farmington; appointed judge of the superior court in 1818; associate judge of the Hartford County Court 1819-1821, and chief judge 1821-1823; one of a committee of three to prepare a revision of the statutes of the State in 1821; member of the State senate in 1822; elected as an Adams-Clay Republican candidate to the Eighteenth Congress (March 4, 1823-March 3, 1825); resumed the practice of law; again a member of the State house of representatives in 1831 and 1832; died in Farmington, Conn., on November 13, 1841.","relationship":[],"asset":[],"jobPositions":[{"job":{"name":"Representative","jobType":"CongressMemberJob"},"startDate":"1823-12-01","startCirca":false,"congressAffiliation":{"congress":{"name":"The 18th United States Congress","congressNumber":18,"congressType":"USCongress","startDate":"1823-12-01","endDate":"1825-03-03"},"partyAffiliation":[{"party":{"name":"Adams-Clay Republican"}}],"caucusAffiliation":[{"party":{"name":"Adams-Clay Republican"}}],"represents":{"regionType":"StateRegion","regionCode":"CT"}}}],"creativeWork":[],"researchRecord":[{"name":"1825, 1 item.","recordType":["Papers"],"description":"A letter to Samuel Southard from several correspondents written on January 17, 1825. The letter is recommending three young men desiring appointments in the navy. Correspondents include Lemuel Whitman.","recordLocation":{"name":"Bryn Mawr College","location":{"addressLocality":"Bryn Mawr","addressRegion":"PA"}}},{"name":"1804. 1 letter.","recordType":["Papers"],"description":"Regarding genealogical information.","recordLocation":{"name":"Connecticut Historical Society","location":{"addressLocality":"Hartford","addressRegion":"CT"}}}]}}
