{"data":{"usCongressBioId":"W000786","familyName":"Wynns","givenName":"Thomas","honorificPrefix":"Mr.","unaccentedFamilyName":"Wynns","unaccentedGivenName":"Thomas","birthDate":"1764","birthCirca":false,"birthDateUnknown":false,"deathDate":"1825-06-03","deathCirca":false,"deathDateUnknown":false,"profileText":"a Representative from North Carolina; born near Barfields, Hertford County, N.C., in 1764; received his education in England; captured at sea on a vessel called the <i>Fair American</i> in 1780, and with several other colonists was carried to London; returned to North Carolina and settled as a planter in Hertford County; one of the first trustees of the University of North Carolina at Chapel Hill; member of the North Carolina House of Commons in 1787; delegate to the North Carolina state conventions for the ratification of the Federal Constitution in 1788 and 1789; served in the North Carolina State senate 1790-1802 and 1807-1817; elected as a Democratic Republican to the Seventh Congress to fill the vacancy caused by the death of Charles Johnston; reelected to the Eighth and Ninth Congresses and served from December 7, 1802, to March 3, 1807; resumed planting in Hertford County; member of the North Carolina Executive Council 1818-1824; brigadier general of militia; died near Winton, Hertford County, N.C., on June 3, 1825; interment in Maneys Cemetery, near Maneys Ferry, N.C.","relationship":[],"asset":[],"jobPositions":[{"job":{"name":"Representative","jobType":"CongressMemberJob"},"startDate":"1801-12-07","startCirca":false,"endCirca":false,"congressAffiliation":{"congress":{"name":"The 7th United States Congress","congressNumber":7,"congressType":"USCongress","startDate":"1801-03-04","endDate":"1803-03-03"},"partyAffiliation":[{"party":{"name":"Democratic Republican"},"startCirca":false,"endCirca":false}],"caucusAffiliation":[{"party":{"name":"Democratic Republican"},"startCirca":false,"endCirca":false}],"represents":{"regionType":"DistrictRegion","regionCode":"NC"},"note":[{"type":"Note","content":"Elected to fill vacancy caused by death of Charles Johnson, and took his seat December 7, 1802.","noteType":"FootNote"}]}},{"job":{"name":"Representative","jobType":"CongressMemberJob"},"startDate":"1803-10-17","startCirca":false,"endCirca":false,"congressAffiliation":{"congress":{"name":"The 8th United States Congress","congressNumber":8,"congressType":"USCongress","startDate":"1803-10-17","endDate":"1805-03-03"},"partyAffiliation":[{"party":{"name":"Democratic Republican"},"startCirca":false,"endCirca":false}],"caucusAffiliation":[{"party":{"name":"Democratic Republican"},"startCirca":false,"endCirca":false}],"represents":{"regionType":"DistrictRegion","regionCode":"NC"}}},{"job":{"name":"Representative","jobType":"CongressMemberJob"},"startDate":"1805-12-02","startCirca":false,"endCirca":false,"congressAffiliation":{"congress":{"name":"The 9th United States Congress","congressNumber":9,"congressType":"USCongress","startDate":"1805-12-02","endDate":"1807-03-03"},"partyAffiliation":[{"party":{"name":"Democratic Republican"},"startCirca":false,"endCirca":false}],"caucusAffiliation":[{"party":{"name":"Democratic Republican"},"startCirca":false,"endCirca":false}],"represents":{"regionType":"DistrictRegion","regionCode":"NC"}}}],"creativeWork":[],"researchRecord":[],"deleted":false}}
