{"data":{"usCongressBioId":"W000460","familyName":"Wilde","givenName":"Richard","middleName":"Henry","honorificPrefix":"Mr.","unaccentedFamilyName":"Wilde","unaccentedGivenName":"Richard","unaccentedMiddleName":"Henry","birthDate":"1789-09-24","birthCirca":false,"birthDateUnknown":false,"deathDate":"1847-09-10","deathCirca":false,"deathDateUnknown":false,"profileText":"a Representative from Georgia; born in Dublin, Ireland, September 24, 1789; immigrated to the United States in 1797 with his parents, who settled in Baltimore, Md.; received a limited schooling; moved to Augusta, Ga., in 1802; engaged in mercantile pursuits; studied law; was admitted to the bar in 1809 and commenced practice in Augusta; solicitor general of the superior court of Richmond County and by virtue of this office attorney general of Georgia 1811-1813; elected as a Democratic Republican to the Fourteenth Congress (March 4, 1815-March 3, 1817); unsuccessful candidate for reelection in 1816 to the Fifteenth Congress; elected as a Crawford Republican to the Eighteenth Congress, by special election, to fill the vacancy caused by the resignation of Thomas W. Cobb (February 7, 1825-March 3, 1825); unsuccessful candidate for reelection in 1824 to the Nineteenth Congress and for election in 1826 to the Twentieth Congress; subsequently elected as a Jacksonian candidate to the Twentieth Congress, by special election, to fill the vacancy caused by the resignation of John Forsyth, and reelected to the three succeeding Congresses (November 17, 1827-March 3, 1835); unsuccessful candidate for reelection in 1834 to the Twenty-fourth Congress; engaged in literary pursuits while traveling in Europe 1835-1840; moved to New Orleans in 1843 and continued the practice of law; professor of constitutional law in the University of Louisiana at New Orleans; died in New Orleans, La., September 10, 1847; interment in a vault in a cemetery in New Orleans; reinterred at Sand Hill family burying ground near Augusta, Ga., in 1854 and again in 1886 in the City Cemetery, Augusta, Ga.","relationship":[],"asset":[],"jobPositions":[{"job":{"name":"Representative","jobType":"CongressMemberJob"},"startDate":"1815-12-04","startCirca":false,"endCirca":false,"congressAffiliation":{"congress":{"name":"The 14th United States Congress","congressNumber":14,"congressType":"USCongress","startDate":"1815-12-04","endDate":"1817-03-03"},"partyAffiliation":[{"party":{"name":"Democratic Republican"},"startCirca":false,"endCirca":false}],"caucusAffiliation":[{"party":{"name":"Democratic Republican"},"startCirca":false,"endCirca":false}],"represents":{"regionType":"StateRegion","regionCode":"GA"}}},{"job":{"name":"Representative","jobType":"CongressMemberJob"},"startDate":"1823-12-01","startCirca":false,"congressAffiliation":{"congress":{"name":"The 18th United States Congress","congressNumber":18,"congressType":"USCongress","startDate":"1823-12-01","endDate":"1825-03-03"},"partyAffiliation":[{"party":{"name":"Crawford Republican"}}],"caucusAffiliation":[{"party":{"name":"Republican"}}],"represents":{"regionType":"StateRegion","regionCode":"GA"},"note":[{"type":"Note","noteType":"FootNote","content":"Elected to fill vacancy caused by resignation of Thomas W. Cobb, and took his seat February 7, 1825."}]}},{"job":{"name":"Representative","jobType":"CongressMemberJob"},"startDate":"1827-12-03","startCirca":false,"congressAffiliation":{"congress":{"name":"The 20th United States Congress","congressNumber":20,"congressType":"USCongress","startDate":"1827-12-03","endDate":"1829-03-03"},"partyAffiliation":[{"party":{"name":"Jacksonian"}}],"caucusAffiliation":[{"party":{"name":"Republican"}}],"represents":{"regionType":"StateRegion","regionCode":"GA"},"note":[{"type":"Note","noteType":"FootNote","content":"Elected to fill vacancy caused by resignation of John Forsyth, and took his seat January 14, 1828."}]}},{"job":{"name":"Representative","jobType":"CongressMemberJob"},"startDate":"1829-12-07","startCirca":false,"congressAffiliation":{"congress":{"name":"The 21st United States Congress","congressNumber":21,"congressType":"USCongress","startDate":"1829-03-04","endDate":"1831-03-03"},"partyAffiliation":[{"party":{"name":"Jacksonian"}}],"caucusAffiliation":[{"party":{"name":"Republican"}}],"represents":{"regionType":"StateRegion","regionCode":"GA"}}},{"job":{"name":"Representative","jobType":"CongressMemberJob"},"startDate":"1831-12-05","startCirca":false,"congressAffiliation":{"congress":{"name":"The 22nd United States Congress","congressNumber":22,"congressType":"USCongress","startDate":"1831-12-05","endDate":"1833-03-02"},"partyAffiliation":[{"party":{"name":"Jacksonian"}}],"caucusAffiliation":[{"party":{"name":"Republican"}}],"represents":{"regionType":"StateRegion","regionCode":"GA"}}},{"job":{"name":"Representative","jobType":"CongressMemberJob"},"startDate":"1833-12-02","startCirca":false,"congressAffiliation":{"congress":{"name":"The 23rd United States Congress","congressNumber":23,"congressType":"USCongress","startDate":"1833-12-02","endDate":"1835-03-03"},"partyAffiliation":[{"party":{"name":"Jacksonian"}}],"caucusAffiliation":[{"party":{"name":"Republican"}}],"represents":{"regionType":"StateRegion","regionCode":"GA"}}}],"creativeWork":[{"freeFormCitationText":"Graber, Ralph S. \"New Light on the Dedication of Richard Henry Wilde's Hesperia.\" <i> Georgia Historical Quarterly</i> 44 (March 1960): 97-99."},{"freeFormCitationText":"Jones, Charles Colcock. <i>The Life, Literary Labors and Neglected Grave of Richard Henry Wilde</i>. Augusta, Ga.: N.p., 1885."},{"freeFormCitationText":"Tucker, Edward L. \"Charles Sumner and Richard Henry Wilde.\" <i>Georgia Historical Quarterly</i> 49 (September 1965): 320-23."},{"freeFormCitationText":"------. <i>Richard Henry Wilde; His Life and Selected Poems</i>. Athens: University of Georgia Press, 1966."},{"freeFormCitationText":"------, comp. \"Richard Henry Wilde (1790-1847).\" In <i>Bibliographical Guide to the Study of Southern Literature</i>, edited by Louis D. Rubin, Jr., pp. 322-24. Baton Rouge: Louisiana State University Press, 1969."},{"freeFormCitationText":"Wright, Nathalia. \"The Italian Son of Richard Henry Wilde: A Sequel.\" <i>Georgia Historical Quarterly</i> 53 (June 1969): 201-4."},{"freeFormCitationText":"------. \"Richard Henry Wilde on Greenough's Washington.\" <i>American Literature</i> 27 (January 1956): 556-57."},{"freeFormCitationText":"------, ed. \"The Letters of Richard Henry Wilde to Hiram Powers.\" <i>Georgia Historical Quarterly</i>46 (September 1962): 296-316, (December 1962): 417-37. Wilde, Richard Henry. <i>Conjectures and Researches Concerning the Love, Madness, and Imprisonment of Torquato Tasso.</i> 2 vols. New York: Alexander V. Blake, 1842."},{"freeFormCitationText":"------. <i>Hesperia: A Poem.</i> Edited by William Wilde. The Romantic Tradition in American Literature, advisory ed. Harold Bloom. 1867. Reprint, New York: Arno Press, 1972."},{"freeFormCitationText":"<i>------. Speech of Mr. Wilde, of Georgia, on the bill for removing the Indians from the east to the west side of the Mississippi</i>. Washington: Printed by Gales and Seaton, 1830."},{"freeFormCitationText":"------. <i>Speech of Mr. Wilde, on the reasons of the secretary of the treasury for the removal of the deposits</i>. Washington: N.p., 1834."},{"freeFormCitationText":"------. <i>What Banks Are Constitutional? </i> N.p.: 1867."}],"researchRecord":[{"name":"1807-1867, 2 linear feet.","recordType":["Papers"],"description":"The papers of Richard Henry Wilde contain correspondence relating chiefly to national politics, drafts of Hesperia (1867), unpublished works titled The Italian Lyric Poets and The Life and Times of Dante, poems, essay, and notes.","recordLocation":{"name":"Manuscript Division","location":{"addressLocality":"Washington","addressRegion":"DC"},"parentRecordLocation":{"name":"Library of Congress","location":{"addressLocality":"Washington","addressRegion":"DC"}}}},{"name":"1813-1844. 28 items.","recordType":["Papers"],"recordLocation":{"name":"New-York Historical Society","location":{"addressLocality":"New York","addressRegion":"NY"}}},{"name":"9 items.","recordType":["Papers"],"recordLocation":{"name":"Boston Public Library","location":{"addressLocality":"Boston","addressRegion":"MA"}}},{"name":"In File II Names.","recordType":["Papers"],"description":"File is primarily incoming correspondence to the Governor of Georgia. Finding aid in repository.","recordLocation":{"name":"Georgia Department of Archives and History","location":{"addressLocality":"Atlanta","addressRegion":"GA"}}},{"name":"1812-1885, 27 items.","recordType":["Papers"],"description":"The collection contains Richard Henry Wilde's papers including correspondence pertaining to personal affairs; political concerns including the negotiations of John Forsyth for the cession of Florida; legal matters; and American sculpture. There are also two poems by Wilde. A volume contains poems by Wilde and others, including several translations by Wilde from Italian.","recordLocation":{"name":"Duke University Library","location":{"addressLocality":"Durham","addressRegion":"NC"}}},{"name":"In the George Bancroft Letters, 1845-1885, 15 letters.","recordType":["Papers"],"description":"Subjects include Richard H. Wilde.","recordLocation":{"name":"Duke University Library","location":{"addressLocality":"Durham","addressRegion":"NC"}}},{"name":"48 items in U.S. Representatives' papers, 1772-1946. 688 items.","recordType":["Papers"],"description":"Card index in library.","recordLocation":{"name":"Duke University Library","location":{"addressLocality":"Durham","addressRegion":"NC"}}}],"deleted":false}}
