{"data":{"usCongressBioId":"W000029","familyName":"Walbridge","givenName":"David","middleName":"Safford","honorificPrefix":"Mr.","unaccentedFamilyName":"Walbridge","unaccentedGivenName":"David","unaccentedMiddleName":"Safford","birthDate":"1802-07-30","birthCirca":false,"birthDateUnknown":false,"deathDate":"1868-06-15","deathCirca":false,"deathDateUnknown":false,"profileText":"A Representative from Michigan; born in Bennington, Vt., July 30, 1802; attended the common schools; moved to New York in 1820 and engaged in mercantile and agricultural pursuits at Geneseo from 1820 to 1826 and at Jamestown from 1826 to 1842; moved to Kalamazoo, Mich., in 1842; again engaged in mercantile pursuits; became a large landowner and stock raiser; member of the State house of representatives in 1848; served two terms in the State senate; served as permanent chairman of the first Republican State convention held July 6, 1854, at Jackson, Mich.; elected as an Opposition candidate to the Thirty-fourth Congress and reelected as a Republican to the Thirty-fifth Congress (March 4, 1855-March 3, 1859); resumed his former pursuits; appointed postmaster of Kalamazoo by President Johnson; died in Kalamazoo, Mich., June 15, 1868; interment in Mountain Home Cemetery.","relationship":[],"asset":[],"jobPositions":[{"job":{"name":"Representative","jobType":"CongressMemberJob"},"startDate":"1855-03-04","startCirca":false,"endCirca":false,"congressAffiliation":{"congress":{"name":"The 34th United States Congress","congressNumber":34,"congressType":"USCongress","startDate":"1855-12-03","endDate":"1857-03-03"},"partyAffiliation":[{"party":{"name":"Opposition"},"startCirca":false,"endCirca":false}],"represents":{"regionType":"DistrictRegion","regionCode":"MI"}}},{"job":{"name":"Representative","jobType":"CongressMemberJob"},"startDate":"1857-03-04","startCirca":false,"congressAffiliation":{"congress":{"name":"The 35th United States Congress","congressNumber":35,"congressType":"USCongress","startDate":"1857-03-04","endDate":"1859-03-03"},"partyAffiliation":[{"party":{"name":"Republican"}}],"caucusAffiliation":[{"party":{"name":"Republican"}}],"represents":{"regionType":"DistrictRegion","regionCode":"MI"}}}],"creativeWork":[],"researchRecord":[],"deleted":false}}
