{"data":{"usCongressBioId":"W000382","familyName":"White","givenName":"Joseph","middleName":"Livingston","honorificPrefix":"Mr.","unaccentedFamilyName":"White","unaccentedGivenName":"Joseph","unaccentedMiddleName":"Livingston","birthDateUnknown":true,"deathDate":"1861-01-12","deathCirca":false,"profileText":"A Representative from Indiana; born in Cherry Valley, Otsego County, N.Y., birth date unknown; completed preparatory studies; studied law in Utica, N.Y.; was admitted to the bar, and commenced practice in Madison, Ind.; elected as a Whig to the Twenty-seventh Congress (March 4, 1841-March 3, 1843); moved to New York City and resumed the practice of law; while on a business trip to Nicaragua, Central America, he was shot by a Mr. Gavett as he was leaving the ship at Corinto (Punta Ycacos), Nicaragua, January 5, 1861, dying at Corinto on January 12, 1861; interment in the cemetery at Corinto, Nicaragua.","relationship":[],"asset":[],"jobPositions":[{"job":{"name":"Representative","jobType":"CongressMemberJob"},"startDate":"1841-03-04","startCirca":false,"congressAffiliation":{"congress":{"name":"The 27th United States Congress","congressNumber":27,"congressType":"USCongress","startDate":"1841-03-04","endDate":"1843-03-03"},"partyAffiliation":[{"party":{"name":"Whig"}}],"caucusAffiliation":[{"party":{"name":"Whig"}}],"represents":{"regionType":"DistrictRegion","regionCode":"IN"}}}],"creativeWork":[],"researchRecord":[{"name":"In the David Tilden Brown Papers, ca. 1848-1866, 55 items.","recordType":["Papers"],"description":"The papers include correspondence from Joseph L. White, Vanderbilt's representative for the American Atlantic and Pacific Canal Company in Nicaragua.","recordLocation":{"name":"Newberry Library","location":{"addressLocality":"Chicago","addressRegion":"IL"}}}]}}
