{"data":{"usCongressBioId":"W000016","familyName":"Wagener","givenName":"David","middleName":"Douglas","honorificPrefix":"Mr.","unaccentedFamilyName":"Wagener","unaccentedGivenName":"David","unaccentedMiddleName":"Douglas","birthDate":"1792-10-11","birthCirca":false,"birthDateUnknown":false,"deathDate":"1860-10-01","deathCirca":false,"deathDateUnknown":false,"profileText":"a Representative from Pennsylvania; born in Easton, Pa., October 11, 1792; attended the common schools; captain of the Easton Union Guards 1816-1829; engaged in mercantile pursuits; elected as a Jacksonian candidate to the Twenty-third and Twenty-fourth Congresses and elected as a Democrat to the Twenty-fifth and Twenty-sixth Congresses (March 4, 1833-March 3, 1841); chairman, Committee on Militia (Twenty-fifth Congress); established the Easton Bank in 1852 and was its president until his death in Easton, Northampton County, Pa., October 1, 1860; interment in Easton Cemetery.","relationship":[],"asset":[],"jobPositions":[{"job":{"name":"Representative","jobType":"CongressMemberJob"},"startDate":"1833-12-02","startCirca":false,"congressAffiliation":{"congress":{"name":"The 23rd United States Congress","congressNumber":23,"congressType":"USCongress","startDate":"1833-12-02","endDate":"1835-03-03"},"partyAffiliation":[{"party":{"name":"Democrat"}}],"caucusAffiliation":[{"party":{"name":"Democrat"}}],"represents":{"regionType":"DistrictRegion","regionCode":"PA"}}},{"job":{"name":"Representative","jobType":"CongressMemberJob"},"startDate":"1835-03-04","startCirca":false,"congressAffiliation":{"congress":{"name":"The 24th United States Congress","congressNumber":24,"congressType":"USCongress","startDate":"1835-12-07","endDate":"1837-03-03"},"partyAffiliation":[{"party":{"name":"Jacksonian"}}],"caucusAffiliation":[{"party":{"name":"Democrat"}}],"represents":{"regionType":"DistrictRegion","regionCode":"PA"}}},{"job":{"name":"Representative","jobType":"CongressMemberJob"},"startDate":"1837-03-04","startCirca":false,"congressAffiliation":{"congress":{"name":"The 25th United States Congress","congressNumber":25,"congressType":"USCongress","startDate":"1837-03-04","endDate":"1839-03-03"},"partyAffiliation":[{"party":{"name":"Democrat"}}],"caucusAffiliation":[{"party":{"name":"Democrat"}}],"represents":{"regionType":"DistrictRegion","regionCode":"PA"}}},{"job":{"name":"Representative","jobType":"CongressMemberJob"},"startDate":"1839-03-04","startCirca":false,"congressAffiliation":{"congress":{"name":"The 26th United States Congress","congressNumber":26,"congressType":"USCongress","startDate":"1839-12-02","endDate":"1841-03-03"},"partyAffiliation":[{"party":{"name":"Democrat"}}],"caucusAffiliation":[{"party":{"name":"Democrat"}}],"represents":{"regionType":"DistrictRegion","regionCode":"PA"}}}],"creativeWork":[],"researchRecord":[],"deleted":false}}
