{"data":{"usCongressBioId":"W000425","familyName":"Whitney","givenName":"Thomas","middleName":"Richard","honorificPrefix":"Mr.","unaccentedFamilyName":"Whitney","unaccentedGivenName":"Thomas","unaccentedMiddleName":"Richard","birthDate":"1807-05-02","birthCirca":false,"birthDateUnknown":false,"deathDate":"1858-04-12","deathCirca":false,"deathDateUnknown":false,"profileText":"A Representative from New York; born in New York City May 2, 1807; pursued classical studies and engaged in newspaper work; member of the State assembly in 1854 and 1855; elected as an American to the Thirty-fourth Congress (March 4, 1855-March 3, 1857); died in New York City April 12, 1858; interment in Greenwood Cemetery, Brooklyn, N.Y.","relationship":[],"asset":[],"jobPositions":[{"job":{"name":"Representative","jobType":"CongressMemberJob"},"startDate":"1855-03-04","startCirca":false,"endCirca":false,"congressAffiliation":{"congress":{"name":"The 34th United States Congress","congressNumber":34,"congressType":"USCongress","startDate":"1855-12-03","endDate":"1857-03-03"},"partyAffiliation":[{"party":{"name":"American"},"startCirca":false,"endCirca":false}],"caucusAffiliation":[{"party":{"name":"American"},"startCirca":false,"endCirca":false}],"represents":{"regionType":"DistrictRegion","regionCode":"NY"}}}],"creativeWork":[],"researchRecord":[],"deleted":false}}
