{"data":{"usCongressBioId":"W000614","familyName":"Wilson","givenName":"Thomas","honorificPrefix":"Mr.","unaccentedFamilyName":"Wilson","unaccentedGivenName":"Thomas","birthDate":"1827-05-16","birthCirca":false,"deathDate":"1910-04-03","deathCirca":false,"profileText":"A Representative from Minnesota; born in Dungannon, County Tyrone, Ireland, May 16, 1827; attended the common schools; immigrated to the United States in 1839 with his parents, who settled in Venango County, Pa.; was graduated from Allegheny College, Meadville, Pa., in 1852; studied law; was admitted to the bar in February 1855 and commenced practice in Winona, Minn.; member of the Minnesota constitutional convention in 1857; judge of the third judicial district court 1857-1864; associate justice of the supreme court of Minnesota in 1864; chief justice from 1864 to July 1869, when he resigned; resumed the practice of law; member of the State house of representatives 1880-1882; served in the State senate 1882-1885; elected as a Democrat to the Fiftieth Congress (March 4, 1887-March 3, 1889); unsuccessful candidate for reelection; unsuccessful candidate for Governor in 1890; delegate to the Democratic National Convention in 1892; general counsel for the Chicago, St. Paul, Minneapolis &amp; Omaha Railroad until his death in St. Paul, Minn., April 3, 1910; interment in Woodlawn Cemetery, Winona, Minn.","relationship":[],"asset":[],"jobPositions":[{"job":{"name":"Representative","jobType":"CongressMemberJob"},"startDate":"1887-03-04","startCirca":false,"congressAffiliation":{"congress":{"name":"The 50th United States Congress","congressNumber":50,"congressType":"USCongress","startDate":"1887-12-05","endDate":"1889-03-04"},"partyAffiliation":[{"party":{"name":"Democrat"}}],"caucusAffiliation":[{"party":{"name":"Democrat"}}],"represents":{"regionType":"DistrictRegion","regionCode":"MN"}}}],"creativeWork":[],"researchRecord":[{"name":"In the Palemon Jared Smalley Papers, 1863-1944, 0.5 cubic foot.","recordType":["Papers"],"description":"Other authors include Thomas Wilson.","recordLocation":{"name":"Minnesota Historical Society","location":{"addressLocality":"St. Paul","addressRegion":"MN"}}},{"name":"April 21 and June 6, 1892. 2 letters.","recordType":["Papers"],"description":"Finding aid in repository.","recordLocation":{"name":"New-York Historical Society","location":{"addressLocality":"New York","addressRegion":"NY"}}},{"name":"1865, 1 item.","recordType":["Papers"],"description":"A letter from Thomas Wilson to William Windom written on March 23, 1865. In the letter, Wilson recommends Col. Cyrus Aldritch as United States Marshal for Minneapolis.","recordLocation":{"name":"The Morgan Library","location":{"addressLocality":"New York","addressRegion":"NY"}}},{"name":"1888. 2 items.","recordType":["Papers"],"description":"Exchange of letters concerning funds in support of Mdewakanton band of Sioux in Minnesota.","recordLocation":{"name":"Winona County Historical Society","location":{"addressLocality":"Winona","addressRegion":"MN"}}}]}}
