{"data":{"usCongressBioId":"W000574","familyName":"Wilson","givenName":"Edgar","middleName":"Campbell","honorificPrefix":"Mr.","unaccentedFamilyName":"Wilson","unaccentedGivenName":"Edgar","unaccentedMiddleName":"Campbell","birthDate":"1800-10-18","birthCirca":false,"birthDateUnknown":false,"deathDate":"1860-04-24","deathCirca":false,"deathDateUnknown":false,"profileText":"a Representative from Virginia; born in Morgantown, Monongalia County, Va. (now West Virginia), October 18, 1800; completed preparatory studies; studied law; admitted to the bar June 24, 1832, and commenced practice in Morgantown; elected as an Anti-Jacksonian candidate to the Twenty-third Congress (March 4, 1833-March 3, 1835); was an unsuccessful candidate for reelection in 1834 to the Twenty-fourth Congress; resumed the practice of law in Morgantown; appointed prosecuting attorney in the circuit court of Marion County in 1842; died in Morgantown, Va. (now West Virginia), April 24, 1860; interment in Oak Grove Cemetery.","relationship":[{"relationshipType":"father","relatedTo":{"usCongressBioId":"W000578","familyName":"Wilson","givenName":"Eugene","middleName":"McLanahan","honorificPrefix":"Mr.","unaccentedFamilyName":"Wilson","unaccentedGivenName":"Eugene","unaccentedMiddleName":"McLanahan","birthDate":"1833-12-25","birthCirca":false,"deathDate":"1890-04-10","deathCirca":false}},{"relationshipType":"son","relatedTo":{"usCongressBioId":"W000615","familyName":"Wilson","givenName":"Thomas","honorificPrefix":"Mr.","unaccentedFamilyName":"Wilson","unaccentedGivenName":"Thomas","birthDate":"1765-09-11","birthCirca":false,"deathDate":"1826-01-24","deathCirca":false}}],"asset":[],"jobPositions":[{"job":{"name":"Representative","jobType":"CongressMemberJob"},"startDate":"1833-12-02","startCirca":false,"congressAffiliation":{"congress":{"name":"The 23rd United States Congress","congressNumber":23,"congressType":"USCongress","startDate":"1833-12-02","endDate":"1835-03-03"},"partyAffiliation":[{"party":{"name":"Anti-Jacksonian"}}],"caucusAffiliation":[{"party":{"name":"Anti Jacksonian"}}],"represents":{"regionType":"DistrictRegion","regionCode":"VA"}}}],"creativeWork":[],"researchRecord":[{"name":"In the Archibald Woods Papers, ca. 1777-1893, approximately 2,775 items.","recordType":["Papers"],"description":"Correspondents include Edgar Campbell Wilson.","recordLocation":{"name":"Earl Gregg Swem Library","location":{"addressLocality":"Williamsburg","addressRegion":"VA"},"parentRecordLocation":{"name":"College of William and Mary","location":{"addressLocality":"Williamsburg","addressRegion":"VA"}}}}],"deleted":false}}
