{"data":{"usCongressBioId":"W000218","familyName":"Wayne","givenName":"James","middleName":"Moore","honorificPrefix":"Mr.","unaccentedFamilyName":"Wayne","unaccentedGivenName":"James","unaccentedMiddleName":"Moore","birthDate":"1790","birthCirca":false,"birthDateUnknown":false,"deathDate":"1867-07-05","deathCirca":false,"deathDateUnknown":false,"profileText":"a Representative from Georgia; born in Savannah, Ga., in 1790; completed preparatory studies and graduated from Princeton College in 1808; studied law in New Haven, Conn.; was admitted to the bar in 1810 and commenced practice in Savannah, Ga.; entered the military service during the War of 1812, and served as an officer in the Georgia Hussars; member of the Georgia state house of representatives in 1815 and 1816; mayor of Savannah, 1817-1819; judge of the court of common pleas and oyer and terminer of Savannah 1820-1822; judge of the superior court of Savannah, 1822-1828; elected as a Jacksonian candidate to the Twenty-first and to the two succeeding Congresses and served from March 4, 1829, to January 13, 1835, when he resigned to accept a judicial position; chair, Committee on Foreign Affairs (Twenty-third Congress); reelected to the Twenty-fourth Congress but resigned before Congress convened to accept an appointment as an Associate Justice of the Supreme Court of the United States and served from January 14, 1835, until his death in Washington, D.C., on July 5, 1867; interment in Laurel Grove Cemetery, Savannah, Chatham County, Ga.","relationship":[],"asset":[],"jobPositions":[{"job":{"name":"Representative","jobType":"CongressMemberJob"},"startDate":"1829-12-07","startCirca":false,"congressAffiliation":{"congress":{"name":"The 21st United States Congress","congressNumber":21,"congressType":"USCongress","startDate":"1829-03-04","endDate":"1831-03-03"},"partyAffiliation":[{"party":{"name":"Jacksonian"}}],"caucusAffiliation":[{"party":{"name":"Jacksonian"}}],"represents":{"regionType":"StateRegion","regionCode":"GA"}}},{"job":{"name":"Representative","jobType":"CongressMemberJob"},"startDate":"1831-12-05","startCirca":false,"congressAffiliation":{"congress":{"name":"The 22nd United States Congress","congressNumber":22,"congressType":"USCongress","startDate":"1831-12-05","endDate":"1833-03-02"},"partyAffiliation":[{"party":{"name":"Jacksonian"}}],"caucusAffiliation":[{"party":{"name":"Jacksonian"}}],"represents":{"regionType":"StateRegion","regionCode":"GA"}}},{"job":{"name":"Representative","jobType":"CongressMemberJob"},"startDate":"1833-12-02","startCirca":false,"endDate":"1835-01-13","endCirca":false,"departureReason":"Resigned","congressAffiliation":{"congress":{"name":"The 23rd United States Congress","congressNumber":23,"congressType":"USCongress","startDate":"1833-12-02","endDate":"1835-03-03"},"departureReason":"Resigned","partyAffiliation":[{"party":{"name":"Jacksonian"}}],"caucusAffiliation":[{"party":{"name":"Jacksonian"}}],"represents":{"regionType":"StateRegion","regionCode":"GA"},"note":[{"type":"Note","noteType":"FootNote","content":"Resigned January 13, 1835."}]}}],"creativeWork":[{"freeFormCitationText":"Lawrence, Alexander A. <i>James Moore Wayne, Southern Unionist</i>. Chapel Hill: University of North Carolina Press, 1943."}],"researchRecord":[{"name":"September 5, 1808; June 7, 1832; May 29, 1833; November 11, 1852. 4 letters.","recordType":["Papers"],"description":"Finding aid in repository.","recordLocation":{"name":"New-York Historical Society","location":{"addressLocality":"New York","addressRegion":"NY"}}},{"name":"1835, 1 item.","recordType":["Papers"],"description":"Commission of James Moore Wayne, 1835.","recordLocation":{"name":"Manuscript Division","location":{"addressLocality":"Washington","addressRegion":"DC"},"parentRecordLocation":{"name":"Library of Congress","location":{"addressLocality":"Washington","addressRegion":"DC"}}}},{"name":"1834-1842, 3 items.","recordType":["Papers"],"description":"Correspondence consisting of a letter from James Moore Wayne to Dr. Raymond Harris concerning sickness in his \"Negro camp,\" legal affairs, and states' rights; a personal letter of Wayne's nephew Clifford; and a letter from Hugh Swinton Legar&eacute; inquiring about the location of some invoices used in the case of Wood v. U.S.","recordLocation":{"name":"Rare Book, Manuscript, and Special Collections Library","location":{"addressLocality":"Durham","addressRegion":"NC"},"parentRecordLocation":{"name":"Duke University","location":{"addressLocality":"Durham","addressRegion":"NC"}}}},{"name":"2 letters.","recordType":["Papers"],"recordLocation":{"name":"Boston Public Library","location":{"addressLocality":"Boston","addressRegion":"MA"}}},{"name":"ca. 1841, 2 items.","recordType":["Papers"],"description":"Letters with Judge James Moore.","recordLocation":{"name":"John Hay Library","location":{"addressLocality":"Providence","addressRegion":"RI"},"parentRecordLocation":{"name":"Brown University","location":{"addressLocality":"Providence","addressRegion":"RI"}}}},{"name":"In the Mary Rivers Allen Collection of letters and autographs, 1846-1881, approximately 75 items.","recordType":["Papers"],"description":"Other authors include James Moore Wayne.","recordLocation":{"name":"John Hay Library","location":{"addressLocality":"Providence","addressRegion":"RI"},"parentRecordLocation":{"name":"Brown University","location":{"addressLocality":"Providence","addressRegion":"RI"}}}},{"name":"In minutes of the meetings of the City Council.","recordType":["Papers"],"description":"Document his activities as mayor of Savannah 1817-1819 and as alderman in 1817. Also on microfilm in the Georgia Department of Archives and History.","recordLocation":{"name":"Office of the Clerk of Council City Hall","location":{"addressLocality":"Savannah","addressRegion":"GA"},"parentRecordLocation":{"name":"City of Savannah","location":{"addressLocality":"Savannah","addressRegion":"GA"}}}},{"name":"1847, 2 pages.","recordType":["Papers"],"description":"A letter from Daniel Webster to James M. Wayne written on May 8, 1847. In the letter, Webster writes that he Is pleased with the proceedings planned for his arrival in Savannah.","recordLocation":{"name":"Rauner Special Collections Library","location":{"addressLocality":"Hanover","addressRegion":"NH"},"parentRecordLocation":{"name":"Dartmouth University","location":{"addressLocality":"Hanover","addressRegion":"NH"}}}},{"name":"In File II Names.","recordType":["Papers"],"description":"File is primarily incoming correspondence to the Governor of Georgia. Finding aid in repository.","recordLocation":{"name":"Georgia Department of Archives and History","location":{"addressLocality":"Atlanta","addressRegion":"GA"}}},{"name":"1848-1863, 1 folder.","recordType":["Papers"],"description":"This collection contains 13 items of correspondence and miscellaneous papers of James Moore Wayne, dating 1848-1863. Subjects covered include the Mexican War and subsequent treaty, the Dred Scott court case, the presidential election of 1861, and various legal matters. The collection is arranged chronologically.","recordLocation":{"name":"Georgia Historical Society","location":{"addressLocality":"Savannah","addressRegion":"GA"}}}],"deleted":false}}
