{"data":{"usCongressBioId":"W000416","familyName":"Whiting","givenName":"Richard","middleName":"Henry","unaccentedFamilyName":"Whiting","unaccentedGivenName":"Richard","unaccentedMiddleName":"Henry","birthDate":"1826-01-17","birthCirca":false,"birthDateUnknown":false,"deathDate":"1888-05-24","deathCirca":false,"deathDateUnknown":false,"profileText":"a Representative from Illinois; born in West Hartford, Conn., January 17, 1826; attended the common schools; moved to Altona, Ill., in 1850, thence to Galesburg, Ill., in 1860, where he built a gas works; during the Civil War served in the Union Army as paymaster of Volunteers 1862-1866; appointed assessor of internal revenue for the fifth district of Illinois in February 1870, serving until May 20, 1873, when the office was abolished; appointed collector of internal revenue for the same district May 20, 1873, with office at Peoria, Ill., and served until his resignation on March 4, 1875, having been elected to Congress; elected as a Republican to the Forty-fourth Congress (March 4, 1875-March 3, 1877); was not a candidate for renomination in 1876; delegate to the Republican National Convention in 1884; died in New York City, May 24, 1888; interment in Springdale Cemetery, Peoria, Ill.","relationship":[{"relatedTo":{"usCongressBioId":"C000770","familyName":"Copley","givenName":"Ira","middleName":"Clifton","honorificPrefix":"Mr.","unaccentedFamilyName":"Copley","unaccentedGivenName":"Ira","unaccentedMiddleName":"Clifton","birthDate":"1864-10-25","birthCirca":false,"deathDate":"1947-11-01","deathCirca":false},"relationshipType":"uncle"}],"asset":[],"jobPositions":[{"job":{"name":"Representative","jobType":"CongressMemberJob"},"congressAffiliation":{"congress":{"name":"The 44th United States Congress","congressNumber":44,"congressType":"USCongress","startDate":"1875-03-05","endDate":"1877-03-04"},"partyAffiliation":[{"party":{"name":"Republican"}}],"caucusAffiliation":[{"party":{"name":"Republican"}}],"represents":{"regionType":"StateRegion","regionCode":"IL"}}}],"creativeWork":[],"researchRecord":[],"deleted":false}}
