{"data":{"usCongressBioId":"W000587","familyName":"Wilson","givenName":"James","honorificPrefix":"Mr.","unaccentedFamilyName":"Wilson","unaccentedGivenName":"James","birthDate":"1797-03-18","birthCirca":false,"deathDate":"1881-05-29","deathCirca":false,"profileText":"A Representative from New Hampshire; born in Peterboro, N.H., March 18, 1797; attended the academies at New Ipswich, Atkinson, and Exeter; moved with his parents to Keene, N.H., in 1815; was graduated from Middlebury College in 1820; member of the State militia 1820-1840 and successively promoted from captain to major general; studied law; was admitted to the bar in 1823 and commenced practice in Keene, Cheshire County, N.H.; member of the State house of representatives 1825-1837, 1840, and 1846, and served as speaker in 1828; unsuccessful candidate for Governor in 1835 and 1838; delegate to the Whig National Convention in 1840; surveyor general of public lands in the Territories of Wisconsin and Iowa 1841-1845; elected as a Whig to the Thirtieth and Thirty-first Congresses and served from March 4, 1847, to September 9, 1850, when he resigned; chairman, Committee on Expenditures in the Post Office Department (Thirtieth Congress); appointed one of the commissioners to settle private land claims in California in 1851 and served in this capacity until 1853; settled in San Francisco and remained there until 1867, when he returned to Keene, N.H.; again a member of the State house of representatives in 1871 and 1872; died in Keene, N.H., May 29, 1881; interment in Woodland Cemetery.","relationship":[{"relationshipType":"son","relatedTo":{"usCongressBioId":"W000592","familyName":"Wilson","givenName":"James","honorificPrefix":"Mr.","unaccentedFamilyName":"Wilson","unaccentedGivenName":"James","birthDate":"1766-08-16","birthCirca":false,"deathDate":"1839-01-04","deathCirca":false}}],"asset":[],"jobPositions":[{"job":{"name":"Representative","jobType":"CongressMemberJob"},"startDate":"1847-03-04","startCirca":false,"congressAffiliation":{"congress":{"name":"The 30th United States Congress","congressNumber":30,"congressType":"USCongress","startDate":"1847-12-06","endDate":"1849-03-03"},"partyAffiliation":[{"party":{"name":"Whig"}}],"caucusAffiliation":[{"party":{"name":"Whig"}}],"represents":{"regionType":"DistrictRegion","regionCode":"NH"}}},{"job":{"name":"Representative","jobType":"CongressMemberJob"},"startDate":"1849-03-04","startCirca":false,"endDate":"1850-09-09","endCirca":false,"departureReason":"Resigned","congressAffiliation":{"congress":{"name":"The 31st United States Congress","congressNumber":31,"congressType":"USCongress","startDate":"1849-03-05","endDate":"1851-03-03"},"departureReason":"Resigned","partyAffiliation":[{"party":{"name":"Whig"}}],"caucusAffiliation":[{"party":{"name":"Whig"}}],"represents":{"regionType":"DistrictRegion","regionCode":"NH"},"note":[{"type":"Note","noteType":"FootNote","content":"Resigned September 9, 1850."}]}}],"creativeWork":[{"freeFormCitationText":"Heffernan, Nancy Coffey, and Ann Page Stecker. <i> Sisters of Fortune: Being the True Story of How Three Motherless Sisters Saved Their Home in New England and Raised Their Younger Brother While Their Father Went Fortune Hunting in the California Gold Rush.</i> Hanover, N.H.: University Press of New England, 1993."}],"researchRecord":[{"name":"1875, 2 pages.","recordType":["Papers"],"description":"A letter from James Wilson to George S. Hale written on September 25, 1875. In the letter, Wilson writes that he is unable to contribute to Hale's proposed memoir of Joel Parker.","recordLocation":{"name":"Massachusetts Historical Society","url":"http://thomasjeffersonpapers.org/independence","location":{"addressLocality":"Boston","addressRegion":"MA"}}},{"name":"1846, 2 pages.","recordType":["Papers"],"description":"A letter from Daniel Webster to James Wilson written on November 21, 1846. In the letter, Webster writes that when New Hampshire is toasted at Philadelphia, Wilson must tell of political prospects. They must do something about the draft.","recordLocation":{"name":"Rauner Special Collections Library","location":{"addressLocality":"Hanover","addressRegion":"NH"},"parentRecordLocation":{"name":"Dartmouth College Library","location":{"addressLocality":"Hanover","addressRegion":"NH"}}}},{"name":"1835-1873, 12 feet..","recordType":["Papers"],"description":"The James Wilson papers contain Chiefly letters from constituents, political figures, and family members; together with correspondence relating to lands and copper mining ventures in Iowa, Michigan, and Wisconsin, Wilson's Gold Bluff Mine, near Crescent City, Calif., and land claims and other legal business in California; and journals, accounts, and other papers, relating to Wilson's affairs in California, Iowa, New Hampshire, Washington, D.C., and Wisconsin. Includes material relating to his service as U.S. Surveyor General for the Iowa and Wisconsin territories and as a member of the U.S. Commission for Ascertaining and Settling Land Claims in California. Other family members represented include James Henry Wilson and Charlotte J. (Wilson) Taintor.","recordLocation":{"name":"New Hampshire Historical Society","location":{"addressLocality":"Concord","addressRegion":"NH"}}}]}}
