{"data":{"usCongressBioId":"W000211","familyName":"Watts","givenName":"John","honorificPrefix":"Mr.","unaccentedFamilyName":"Watts","unaccentedGivenName":"John","birthDate":"1749-08-27","birthCirca":false,"birthDateUnknown":false,"deathDate":"1836-09-03","deathCirca":false,"deathDateUnknown":false,"profileText":"a Representative from New York; born in New York City, August 27, 1749; completed preparatory studies; studied law; last recorder of New York under the Crown; member of the State assembly 1791-1793, serving as speaker of that body in 1792 and 1793; member of the commission to build Newgate Prison, New York City, 1796-1799; elected as a Pro-Administration candidate to the Third Congress (March 4, 1793-March 3, 1795); judge of Westchester County from 1802 to 1807; founded and endowed the Leake and Watts Orphan House; died in New York City September 3, 1836; interment in a vault in Trinity Churchyard.","relationship":[],"asset":[],"jobPositions":[{"job":{"name":"Representative","jobType":"CongressMemberJob"},"startDate":"1793-12-02","startCirca":false,"endCirca":false,"congressAffiliation":{"congress":{"name":"The 3rd United States Congress","congressNumber":3,"congressType":"USCongress","startDate":"1793-03-04","endDate":"1795-03-03"},"partyAffiliation":[{"party":{"name":"Pro-Administration"},"startCirca":false,"endCirca":false}],"caucusAffiliation":[{"party":{"name":"Pro-Administration"},"startCirca":false,"endCirca":false}],"represents":{"regionType":"DistrictRegion","regionCode":"NY"}}}],"creativeWork":[],"researchRecord":[{"name":"In the Robert Watts Papers, ca. 1692-1839, 1.6 linear feet.","recordType":["Papers"],"description":"Persons represented include John Watts.","recordLocation":{"name":"New-York Historical Society","location":{"addressLocality":"New York","addressRegion":"NY"}}},{"name":"1 letter (July 10, 1827) in the Harris collection.","recordType":["Papers"],"description":"Finding aid in repository.","recordLocation":{"name":"Rare Book and Manuscript Library","location":{"addressLocality":"New York","addressRegion":"NY"},"parentRecordLocation":{"name":"Columbia University","location":{"addressLocality":"New York","addressRegion":"NY"}}}},{"name":"1773, 1 item.","recordType":["Papers"],"description":"A letter from John Hancock to John Watts written on may 14, 1773. In this letter from Massachusetts commissioners Hancock, Brattle and Hawley, they attempt to draw up an agreement with New York commissioners Watts, Smith, Livingston, and Nicholls over the Massachusetts/New Yorkproperty boundaries for the Massachusetts Bay. Includes an engraving by I. B. Forrest of Hancock painted by J. Herring from the original by J. S. Copley in Faneuil Hall.","recordLocation":{"name":"Rare Book & Manuscript Library","location":{"addressLocality":"Philadelphia","addressRegion":"PA"},"parentRecordLocation":{"name":"University of Pennsylvania","location":{"addressLocality":"Philadelphia","addressRegion":"PA"}}}}],"deleted":false}}
