{"data":{"usCongressBioId":"W000050","familyName":"Walker","givenName":"Felix","honorificPrefix":"Mr.","unaccentedFamilyName":"Walker","unaccentedGivenName":"Felix","birthDate":"1753-07-19","birthCirca":false,"birthDateUnknown":false,"deathDate":"1828","deathCirca":false,"deathDateUnknown":false,"profileText":"a Representative from North Carolina; born on the south branch of the Potomac River, in Hampshire County, Va. (now West Virginia), July 19, 1753; attended country school on the Congaree River, near Columbia, S.C., and in Burke County, N.C.; moved with his father to what became Lincoln County, N.C., and in 1768, to what became Rutherford County, N.C.; was employed as a merchant's clerk at Charleston, S.C., in 1769; also engaged in agricultural pursuits; in company with Daniel Boone and others formed the settlement of Boonsboro, Ky., in 1775; clerk of the court of Washington district (most of which is now in Tennessee) in 1775 and 1776 and of the county court of Washington County (now chiefly in Tennessee) in 1777 and 1778; fought in the Revolutionary and Indian wars; clerk of court of Rutherford County, N.C., 1779-1787; member of the State house of commons in 1792, 1799-1802, and 1806; resumed agricultural pursuits and was also a trader and land speculator in Haywood County, N.C.; elected as a Democratic Republican to the Fifteenth and to the two succeeding Congresses (March 4, 1817-March 3, 1823); unsuccessful candidate for reelection in 1822 to the Eighteenth Congress; moved to Mississippi about 1824 and engaged in agricultural pursuits and trading; died in Clinton, Hinds County, Miss., in 1828; interment probably in a private cemetery.","relationship":[],"asset":[],"jobPositions":[{"job":{"name":"Representative","jobType":"CongressMemberJob"},"startDate":"1817-12-01","startCirca":false,"endCirca":false,"congressAffiliation":{"congress":{"name":"The 15th United States Congress","congressNumber":15,"congressType":"USCongress","startDate":"1817-03-04","endDate":"1819-03-03"},"partyAffiliation":[{"party":{"name":"Democratic Republican"},"startCirca":false,"endCirca":false}],"caucusAffiliation":[{"party":{"name":"Democratic Republican"},"startCirca":false,"endCirca":false}],"represents":{"regionType":"DistrictRegion","regionCode":"NC"}}},{"job":{"name":"Representative","jobType":"CongressMemberJob"},"startDate":"1819-12-06","startCirca":false,"endCirca":false,"congressAffiliation":{"congress":{"name":"The 16th United States Congress","congressNumber":16,"congressType":"USCongress","startDate":"1819-12-06","endDate":"1821-03-03"},"partyAffiliation":[{"party":{"name":"Democratic Republican"},"startCirca":false,"endCirca":false}],"caucusAffiliation":[{"party":{"name":"Democratic Republican"},"startCirca":false,"endCirca":false}],"represents":{"regionType":"DistrictRegion","regionCode":"NC"}}},{"job":{"name":"Representative","jobType":"CongressMemberJob"},"startDate":"1821-12-03","startCirca":false,"endCirca":false,"congressAffiliation":{"congress":{"name":"The 17th United States Congress","congressNumber":17,"congressType":"USCongress","startDate":"1821-12-03","endDate":"1823-03-03"},"partyAffiliation":[{"party":{"name":"Democratic Republican"},"startCirca":false,"endCirca":false}],"caucusAffiliation":[{"party":{"name":"Democratic Republican"},"startCirca":false,"endCirca":false}],"represents":{"regionType":"DistrictRegion","regionCode":"NC"}}}],"creativeWork":[{"freeFormCitationText":"Griffin, Clarence W. <i>Revolutionary service of Col. John Walker and family: And Memoirs of Hon. Felix Walker</i>. Forest City, N.C.: <i>The Forest City Courier</i>, 1930."},{"freeFormCitationText":"Walker, Felix. <i>Memoirs of the late Honorable Felix Walker, of North Carolina</i>. Edited by Samuel R. Walker. New Orleans: A. Taylor, printer, 1877."}],"researchRecord":[{"name":"In the Draper Manuscripts: Daniel Boone Papers, 1760-1911, 5.6 cubic feet.","recordType":["Papers"],"description":"Persons represented include Felix Walker.","recordLocation":{"name":"Archives Division","location":{"addressLocality":"Madison","addressRegion":"WI"},"parentRecordLocation":{"name":"Wisconsin Historical Society","location":{"addressLocality":"Madison","addressRegion":"WI"}}}},{"name":"1775, 1 volume.","recordType":["Papers"],"description":"A narrative of Felix Walker giving an account of early explorations of Kentucky and the founding of Boonesborough. Copied from Western Journal and Civilian (vol. 11, p. 393).","recordLocation":{"name":"Special Collections Research Center","location":{"addressLocality":"Chicago","addressRegion":"IL"},"parentRecordLocation":{"name":"The University of Chicago Library","location":{"addressLocality":"Chicago","addressRegion":"IL"}}}}],"deleted":false}}
