{"data":{"usCongressBioId":"W000297","familyName":"Wentworth","givenName":"Tappan","honorificPrefix":"Mr.","unaccentedFamilyName":"Wentworth","unaccentedGivenName":"Tappan","birthDate":"1802-02-24","birthCirca":false,"deathDate":"1875-06-12","deathCirca":false,"profileText":"A Representative from Massachusetts; born in Dover, N.H., February 24, 1802; received a liberal schooling; studied law; was admitted to the bar in 1826 and commenced practice in York County, Maine; moved to Lowell, Mass., in 1833 and continued the practice of law; member of the common council 1836-1841; served in the State house of representatives in 1851, 1859, 1860, 1863, and 1864; member of the State senate in 1848, 1849, 1865, and 1866; elected as a Whig to the Thirty-third Congress (March 4, 1853-March 3, 1855); unsuccessful candidate for reelection in 1854 to the Thirty-fourth Congress; engaged in the practice of his profession until his death in Lowell, Mass., June 12, 1875; interment in Lowell Cemetery.","relationship":[],"asset":[],"jobPositions":[{"job":{"name":"Representative","jobType":"CongressMemberJob"},"startDate":"1853-03-04","startCirca":false,"congressAffiliation":{"congress":{"name":"The 33rd United States Congress","congressNumber":33,"congressType":"USCongress","startDate":"1853-03-04","endDate":"1855-03-03"},"partyAffiliation":[{"party":{"name":"Whig"}}],"caucusAffiliation":[{"party":{"name":"Whig"}}],"represents":{"regionType":"DistrictRegion","regionCode":"MA"}}}],"creativeWork":[],"researchRecord":[{"name":"1833. 10 letters.","recordType":["Papers"],"recordLocation":{"name":"Manuscript Division","location":{"addressLocality":"Washington","addressRegion":"DC"},"parentRecordLocation":{"name":"Library of Congress","location":{"addressLocality":"Washington","addressRegion":"DC"}}}}]}}
