{"data":{"usCongressBioId":"W000531","familyName":"Williams","givenName":"Nathan","honorificPrefix":"Mr.","unaccentedFamilyName":"Williams","unaccentedGivenName":"Nathan","birthDate":"1773-12-19","birthCirca":false,"birthDateUnknown":false,"deathDate":"1835-09-25","deathCirca":false,"deathDateUnknown":false,"profileText":"A Representative from New York; was born in Williamstown, Mass., December 19, 1773; attended the common schools in Bennington, Vt.; moved with his parents to Troy, N.Y., in 1786; studied law; was admitted to the bar in 1795 and commenced practice in Utica, N.Y.; assisted in the establishment of Utica Public Library, of which he was librarian for a number of years; president of the village corporation; president of the Manhattan Bank; district attorney for the sixth district 1801-1813; elected as a Democratic Republican to the Ninth Congress (March 4, 1805-March 3, 1807); served in the War of 1812; member of the State assembly 1816-1818 and in 1819; regent of the University of the State of New York from January 28, 1817, to February 13, 1824; district attorney of Oneida County 1818-1821; delegate to the State constitutional convention in 1821; judge of the circuit court 1823-1833; appointed clerk of the State supreme court in 1834 and moved to Geneva, Ontario County, N.Y., where he died September 25, 1835; interment in the ``Burying Ground,'' Utica, Oneida County, N.Y.; reinterment in Forest Hill Cemetery.","relationship":[],"asset":[],"jobPositions":[{"job":{"name":"Representative","jobType":"CongressMemberJob"},"startDate":"1805-12-02","startCirca":false,"endCirca":false,"congressAffiliation":{"congress":{"name":"The 9th United States Congress","congressNumber":9,"congressType":"USCongress","startDate":"1805-12-02","endDate":"1807-03-03"},"partyAffiliation":[{"party":{"name":"Democratic Republican"},"startCirca":false,"endCirca":false}],"caucusAffiliation":[{"party":{"name":"Democratic Republican"},"startCirca":false,"endCirca":false}],"represents":{"regionType":"DistrictRegion","regionCode":"NY"}}}],"creativeWork":[],"researchRecord":[{"name":"In the Richard Wallach Family Papers, 1800-1868, 40 items.","recordType":["Papers"],"description":"Correspondents include Nathan Williams.","recordLocation":{"name":"Manuscript Division","location":{"addressLocality":"Washington","addressRegion":"DC"},"parentRecordLocation":{"name":"Library of Congress","location":{"addressLocality":"Washington","addressRegion":"DC"}}}},{"name":"1814, 1 page.","recordType":["Papers"],"description":"A letter from Jacob Jennings Brown to Nathan Williams or Thomas Childs written on August 30, 1814. In the letter, Jacob Brown writes Nathan Williams or Thomas Childs that he is on his way to Buffalo. He fears his militia will be deficient in arms, and asks that the keeper of the arsenal forward sufficient equipment. Jacob Brown was in command at the Battle of Niagara during the War of 1812.","recordLocation":{"name":"J. S. Copley Library","location":{"addressLocality":"La Jolla","addressRegion":"CA"},"parentRecordLocation":{"name":"Copley Press, Inc.","location":{"addressLocality":"La Jolla","addressRegion":"CA"}}}}],"deleted":false}}
