{"data":{"usCongressBioId":"W000241","familyName":"Webster","givenName":"Taylor","honorificPrefix":"Mr.","unaccentedFamilyName":"Webster","unaccentedGivenName":"Taylor","birthDate":"1800-10-01","birthCirca":false,"birthDateUnknown":false,"deathDate":"1876-04-27","deathCirca":false,"deathDateUnknown":false,"profileText":"a Representative from Ohio; born in Pennsylvania October 1, 1800; moved with his parents to Ohio in 1806, where he received a limited schooling; attended Miami University, Oxford, Ohio, for a short time; editor and publisher of the Western Telegraph, Hamilton, Ohio, 1828-1836; clerk of the State house of representatives in 1829; member of the State house of representatives in 1830 and served as speaker; elected as a Jacksonian candidate to the Twenty-third and Twenty-fourth Congresses and as a Democrat to the Twenty-fifth Congress (March 4, 1833-March 3, 1839); clerk of court of Butler County, Ohio, 1842-1846; resumed his former business pursuits; moved to New Orleans, La., in 1863 and was employed in a clerical position; died in New Orleans, La., April 27, 1876; interment in Lafayette Cemetery No. 1.","relationship":[],"asset":[],"jobPositions":[{"job":{"name":"Representative","jobType":"CongressMemberJob"},"startDate":"1833-12-02","startCirca":false,"congressAffiliation":{"congress":{"name":"The 23rd United States Congress","congressNumber":23,"congressType":"USCongress","startDate":"1833-12-02","endDate":"1835-03-03"},"partyAffiliation":[{"party":{"name":"Jacksonian"}}],"caucusAffiliation":[{"party":{"name":"Jacksonian"}}],"represents":{"regionType":"DistrictRegion","regionCode":"OH"}}},{"job":{"name":"Representative","jobType":"CongressMemberJob"},"startDate":"1835-03-04","startCirca":false,"congressAffiliation":{"congress":{"name":"The 24th United States Congress","congressNumber":24,"congressType":"USCongress","startDate":"1835-12-07","endDate":"1837-03-03"},"partyAffiliation":[{"party":{"name":"Jacksonian"}}],"caucusAffiliation":[{"party":{"name":"Jacksonian"}}],"represents":{"regionType":"DistrictRegion","regionCode":"OH"}}},{"job":{"name":"Representative","jobType":"CongressMemberJob"},"startDate":"1837-03-04","startCirca":false,"congressAffiliation":{"congress":{"name":"The 25th United States Congress","congressNumber":25,"congressType":"USCongress","startDate":"1837-03-04","endDate":"1839-03-03"},"partyAffiliation":[{"party":{"name":"Democrat"}}],"caucusAffiliation":[{"party":{"name":"Democrat"}}],"represents":{"regionType":"DistrictRegion","regionCode":"OH"}}}],"creativeWork":[],"researchRecord":[],"deleted":false}}
