{"data":{"usCongressBioId":"W000245","familyName":"Weeks","givenName":"John","middleName":"Wingate","honorificPrefix":"Mr.","unaccentedFamilyName":"Weeks","unaccentedGivenName":"John","unaccentedMiddleName":"Wingate","birthDate":"1781-03-31","birthCirca":false,"birthDateUnknown":false,"deathDate":"1853-04-03","deathCirca":false,"deathDateUnknown":false,"profileText":"a Representative from New Hampshire; born in Greenland, Rockingham County, N.H., March 31, 1781; attended the common schools; learned the carpenter's trade; during the War of 1812 recruited a company for the Eleventh Regiment of United States Infantry and served as its captain; promoted to the rank of major; after the war resided in Coos County, N.H., where he held several local offices; elected as a Jacksonian candidate to the Twenty-first and Twenty-second Congresses (March 4, 1829-March 3, 1833); died in Lancaster, Coos County, N.H., April 3, 1853; interment in the Old Cemetery.","relationship":[{"relationshipType":"great-uncle","relatedTo":{"usCongressBioId":"W000246","familyName":"Weeks","givenName":"John","middleName":"Wingate","honorificPrefix":"Mr.","unaccentedFamilyName":"Weeks","unaccentedGivenName":"John","unaccentedMiddleName":"Wingate","birthDate":"1860-04-11","birthCirca":false,"deathDate":"1926-07-12","deathCirca":false}}],"asset":[],"jobPositions":[{"job":{"name":"Representative","jobType":"CongressMemberJob"},"startDate":"1829-12-07","startCirca":false,"congressAffiliation":{"congress":{"name":"The 21st United States Congress","congressNumber":21,"congressType":"USCongress","startDate":"1829-03-04","endDate":"1831-03-03"},"partyAffiliation":[{"party":{"name":"Jacksonian"}}],"caucusAffiliation":[{"party":{"name":"Jacksonian"}}],"represents":{"regionType":"StateRegion","regionCode":"NH"}}},{"job":{"name":"Representative","jobType":"CongressMemberJob"},"startDate":"1831-12-05","startCirca":false,"congressAffiliation":{"congress":{"name":"The 22nd United States Congress","congressNumber":22,"congressType":"USCongress","startDate":"1831-12-05","endDate":"1833-03-02"},"partyAffiliation":[{"party":{"name":"Jacksonian"}}],"caucusAffiliation":[{"party":{"name":"Jacksonian"}}],"represents":{"regionType":"StateRegion","regionCode":"NH"}}}],"creativeWork":[],"researchRecord":[{"name":"In Weeks family papers, 1669-1908. 1,143 items and 7 volumes.","recordType":["Papers"],"description":"Also on microfilm (2 reels).","recordLocation":{"name":"Dartmouth College","location":{"addressLocality":"Hanover","addressRegion":"NH"}}},{"name":"1804-1849, approximately 250 items.","recordType":["Papers"],"description":"The papers of John Wingate Weeks contain correspondence, together with a few documents, invitations, and printed circulars, relating chiefly to Weeks's routine affairs as an army captain in the War of 1812, as sheriff of Coos County, N.H., and as a member of Congress. .","recordLocation":{"name":"New Hampshire Historical Society","location":{"addressLocality":"Concord","addressRegion":"NH"}}},{"name":"1814, amount unknown.","recordType":["Papers"],"description":"The collection includes letters from Major John Wingate Weeks which were later transcribed. The letters document military actions include Camp Buffalo and Camp Queenstown, New York State in 1814.","recordLocation":{"name":"U.S. Army Military History Institute","location":{"addressLocality":"Carlisle Barracks","addressRegion":"PA"}}}],"deleted":false}}
