{"data":{"usCongressBioId":"W000220","familyName":"Weakley","givenName":"Robert","honorificPrefix":"Mr.","unaccentedFamilyName":"Weakley","unaccentedGivenName":"Robert","birthDate":"1764-07-20","birthCirca":false,"birthDateUnknown":false,"deathDate":"1845-02-04","deathCirca":false,"deathDateUnknown":false,"profileText":"A Representative from Tennessee; born in Halifax County, Va., July 20, 1764; attended Princeton (N.J.) schools; joined the Revolutionary Army at the age of sixteen and served until the close of the Revolutionary War; moved in 1785 to that part of North Carolina which later became Tennessee and engaged in agricultural pursuits; member of the North Carolina convention that ratified the Constitution of the United States in 1789; member of the first State house of representatives in 1796; elected as a Democratic Republican to the Eleventh Congress (March 4, 1809-March 3, 1811); appointed United States commissioner to treat with the Chickasaw Indians in 1819; member of the State senate in 1823 and 1824, serving as president in 1823; member of the State constitutional convention in 1834; died near Nashville, Tenn., February 4, 1845; interment in the family vault at ``Lockland,'' on his estate in the suburbs of Nashville.","relationship":[],"asset":[],"jobPositions":[{"job":{"name":"Representative","jobType":"CongressMemberJob"},"startDate":"1809-05-22","startCirca":false,"endCirca":false,"congressAffiliation":{"congress":{"name":"The 11th United States Congress","congressNumber":11,"congressType":"USCongress","startDate":"1809-03-04","endDate":"1811-03-03"},"partyAffiliation":[{"party":{"name":"Democratic Republican"},"startCirca":false,"endCirca":false}],"caucusAffiliation":[{"party":{"name":"Democratic Republican"},"startCirca":false,"endCirca":false}],"represents":{"regionType":"StateRegion","regionCode":"TN"},"note":[{"type":"Note","content":"Represented Mero district.","noteType":"FootNote"}]}}],"creativeWork":[],"researchRecord":[],"deleted":false}}
