{"data":{"usCongressBioId":"W000417","familyName":"Whiting","givenName":"William","unaccentedFamilyName":"Whiting","unaccentedGivenName":"William","birthDate":"1813","birthCirca":false,"deathDate":"1873","deathCirca":false,"profileText":"A Representative from Massachusetts; born in Concord, Mass., on March 3, 1813; attended Concord Academy and was graduated from Harvard University in 1833; taught school in Plymouth and Concord, Mass.; was graduated from the law department of Harvard University in 1838; was admitted to the bar the same year and commenced practice in Boston; solicitor of the War Department 1862-1865; elected as a Republican to the Forty-third Congress and served from March 4, 1873, until death in Boston, Mass., June 29, 1873; interment in Sleepy Hollow Cemetery, Concord, Mass.","relationship":[],"asset":[],"jobPositions":[{"job":{"name":"Representative","jobType":"CongressMemberJob"},"congressAffiliation":{"congress":{"name":"The 43rd United States Congress","congressNumber":43,"congressType":"USCongress","startDate":"1873-03-04","endDate":"1875-03-03"},"partyAffiliation":[{"party":{"name":"Republican"}}],"caucusAffiliation":[{"party":{"name":"Republican"}}],"represents":{"regionType":"StateRegion","regionCode":"MA"}}}],"creativeWork":[{"freeFormCitationText":"Whiting, William. <i>Address delivered on the twenty-second of July, 1872, before the combined literary societies of Colby University</i>. Boston: Lee and Shepard; New York: Lee, Shepard, and Dillingham, 1872."},{"freeFormCitationText":"---. <i>An address delivered to the members of the Historic-genealogical society, by William Whiting ... on Wednesday, January 12, 1853</i>. Boston: Dutton and Wentworth, printers, 1853."},{"freeFormCitationText":"------.<i> Application of John C. Tucker and others for a charter for the Mystic River Rail Road</i>. Boston: J. M. Hewes &amp; Co., 1851."},{"freeFormCitationText":"------. <i>Argument of William Whiting, Esq</i>. Boston: J. M. Hewes &amp;Co., printers, 1853."},{"freeFormCitationText":"------. <i>Binney vs. Hollingsworth et al.</i> Boston: A. Mudge &amp; Son, 1868."},{"freeFormCitationText":"------. <i>Memoir of Rev. Joseph Harrington</i>. Boston: Crosby, Nichols, and Company, 1854."},{"freeFormCitationText":"------. <i>Memoir of Rev. Samuel Whiting</i>. 2d ed. Boston: Press of Rand, Avery &amp; Company, 1873."},{"freeFormCitationText":"------. <i>Military arrests in time of war</i>. Washington: Government Printing Office, 1863."},{"freeFormCitationText":"------. <i>Military government of hostile territory in time of war</i>. Boston: J. L. Shorey, 1864."},{"freeFormCitationText":"------. <i>The return of rebellious states to the union: A letter from Hon. Wm. Whiting to the Union League of Philadelphia</i>. Philadelphia: C. Sherman, Son &amp; Co., printers, 1864."},{"freeFormCitationText":"------. <i>To the Hon. George W. Williams, Attorney General of the United States, Washington, D.C., December 28, 1872</i>. [Washington, D.C.: N.p., 1872?]"},{"freeFormCitationText":"------. <i>War claims against the United States</i>. Boston: Little, Brown, 1866."},{"freeFormCitationText":"------. <i>The war powers of the President and the legislative powers of Congress in relation to rebellion, treason and slavery</i>. 7th ed. Boston: J. L. Shorey, 1863."},{"freeFormCitationText":"------.<i> The war powers of the President, military arrests, and reconstruction of the Union</i>. 8th ed. Boston: John L. Shorey, 1864."},{"freeFormCitationText":"------. <i>War Powers Under the Constitution of the United States</i>. 1871. Reprint, Union, N.J.: Lawbook Exchange, 2002."}],"researchRecord":[{"name":"In the Benjamin Robbins Curtis Letters Received, 1838-1872, 3 items.","recordType":["Papers"],"description":"Other authors include William Whiting.","recordLocation":{"name":"Boston Athenaeum","location":{"addressLocality":"Boston","addressRegion":"MA"}}},{"name":"1867, 1 item.","recordType":["Papers"],"description":"A letter from William Whiting to William H. Seward, written on Mar. 29, 1867. In the letter, Whiting discusses General Andrews.","recordLocation":{"name":"Special Collections Research Center","location":{"addressLocality":"Chicago","addressRegion":"IL"},"parentRecordLocation":{"name":"University of Chicago Library","location":{"addressLocality":"Chicago","addressRegion":"IL"}}}},{"name":"1862-1865. ca. 1 foot of record books.","recordType":["Papers"],"description":"Records relating to cases of claims against U.S. Department of War decided in Solicitor's Office under Whiting.","recordLocation":{"name":"Center for American History","location":{"addressLocality":"Austin","addressRegion":"TX"},"parentRecordLocation":{"name":"University of Texas at Austin","location":{"addressLocality":"Austin","addressRegion":"TX"}}}}]}}
