{"data":{"usCongressBioId":"W000411","familyName":"Whiteside","givenName":"Jenkin","unaccentedFamilyName":"Whiteside","unaccentedGivenName":"Jenkin","birthDate":"1772","birthCirca":false,"deathDate":"1822","deathCirca":false,"profileText":"A Senator from Tennessee; born in Lancaster, Pa., in 1772; pursued preparatory studies; studied law and was admitted to the bar; moved to Tennessee and commenced practice in Knoxville; one of the commissioners of Knoxville in 1801 and 1802; elected as a Democratic Republican to the United States Senate in 1809 to fill the vacancy caused by the resignation of Daniel Smith; reelected the same year and served from April 11, 1809, to October 8, 1811, when he resigned; resumed the practice of law; died in Nashville, Tenn., September 25, 1822; interment was probably in the Old Cemetery west of the Nashville sulphur spring.","relationship":[],"asset":[],"jobPositions":[{"job":{"name":"Senator","jobType":"CongressMemberJob"},"congressAffiliation":{"congress":{"name":"The 11th United States Congress","congressNumber":11,"congressType":"USCongress","startDate":"1809-03-04","endDate":"1811-03-03"},"partyAffiliation":[{"party":{"name":"Democratic Republican"}}],"caucusAffiliation":[{"party":{"name":"Republican"}}],"represents":{"regionType":"StateRegion","regionCode":"TN"}},"startCirca":false,"startDate":"1809-04-11"},{"job":{"name":"Senator","jobType":"CongressMemberJob"},"congressAffiliation":{"congress":{"name":"The 12th United States Congress","congressNumber":12,"congressType":"USCongress","startDate":"1811-11-04","endDate":"1813-03-03"},"partyAffiliation":[{"party":{"name":"Democratic Republican"}}],"caucusAffiliation":[{"party":{"name":"Republican"}}],"represents":{"regionType":"StateRegion","regionCode":"TN"}},"endCirca":false,"endDate":"1811-10-08"}],"creativeWork":[{"freeFormCitationText":"McKellar, Kenneth. \"Jenkin Whiteside,\" in <i>Tennessee Senators as seen by one of their Successors</i>. Kingsport, Tenn.: Southern Publishers, Inc., 1942, 121-128."}],"researchRecord":[{"name":"Miscellaneous letters in various collections.","recordType":["Papers"],"recordLocation":{"name":"Tennessee Historical Society","location":{"addressLocality":"Nashville","addressRegion":"TN"}}},{"name":"1 letter and biographical sketches.","recordType":["Papers"],"recordLocation":{"name":"Tennessee State Library and Archives","location":{"addressLocality":"Nashville","addressRegion":"TN"}}},{"name":"In Preston family papers. Finding aid.","recordType":["Papers"],"recordLocation":{"name":"Virginia Historical Society","location":{"addressLocality":"Richmond","addressRegion":"VA"}}}]}}
