{"data":{"usCongressBioId":"W000442","familyName":"Wickliffe","givenName":"Charles","middleName":"Anderson","honorificPrefix":"Mr.","unaccentedFamilyName":"Wickliffe","unaccentedGivenName":"Charles","unaccentedMiddleName":"Anderson","birthDate":"1788-06-08","birthCirca":false,"birthDateUnknown":false,"deathDate":"1869-10-31","deathCirca":false,"deathDateUnknown":false,"profileText":"a Representative from Kentucky; born near Springfield, Washington County, Ky., June 8, 1788; completed preparatory studies; studied law; was admitted to the bar in 1809 and commenced practice in Bardstown; served in the War of 1812; was aide to General Winlock; member of the Kentucky state house of representatives in 1812 and 1813; again entered the Army as aide to General Caldwell; again a member of the Kentucky state house of representatives in 1822, 1823, and 1833-1835, and served as speaker in 1834; elected as a Jackson Republican to the Eighteenth Congress; reelected as a Jacksonian candidate to the Nineteenth and to the three succeeding Congresses (March 4, 1823-March 3, 1833); chairman, Committee on Public Lands (Twenty-first and Twenty-second Congresses); was not a candidate for renomination; one of the managers appointed by the House of Representatives in 1830 to conduct the impeachment proceedings against James H. Peck, United States judge for the district of Missouri; Lieutenant Governor in 1836; became Governor upon the death of Governor Clark and served from October 5, 1839, to September 1840; Postmaster General from October 13, 1841, to March 6, 1845; sent on a secret mission by President Polk to the Republic of Texas in 1845; member of the State constitutional convention in 1849; member of the peace conference held at Washington, D.C., in 1861 in an effort to devise means to prevent the impending war; elected as a Unionist to the Thirty-seventh Congress (March 4, 1861-March 3, 1863); did not seek renomination; unsuccessful candidate for Governor in 1863; delegate to the Democratic National Convention in 1864; died near Ilchester, Md., October 31, 1869; interment in Bardstown Cemetery, Bardstown, Ky.","relationship":[{"relationshipType":"grandfather","relatedTo":{"usCongressBioId":"W000443","familyName":"Wickliffe","givenName":"Robert","middleName":"Charles","honorificPrefix":"Mr.","unaccentedFamilyName":"Wickliffe","unaccentedGivenName":"Robert","unaccentedMiddleName":"Charles","birthDate":"1874-05-01","birthCirca":false,"deathDate":"1912-06-11","deathCirca":false}},{"relationshipType":"grandfather","relatedTo":{"usCongressBioId":"B000293","familyName":"Beckham","givenName":"John","middleName":"Crepps Wickliffe","unaccentedFamilyName":"Beckham","unaccentedGivenName":"John","unaccentedMiddleName":"Crepps Wickliffe","birthDate":"1869","birthCirca":false,"deathDate":"1940","deathCirca":false}}],"asset":[],"jobPositions":[{"job":{"name":"Representative","jobType":"CongressMemberJob"},"startDate":"1823-12-01","startCirca":false,"congressAffiliation":{"congress":{"name":"The 18th United States Congress","congressNumber":18,"congressType":"USCongress","startDate":"1823-12-01","endDate":"1825-03-03"},"partyAffiliation":[{"party":{"name":"Jackson Republican"}}],"caucusAffiliation":[{"party":{"name":"Jacksonian"}}],"represents":{"regionType":"DistrictRegion","regionCode":"KY"}}},{"job":{"name":"Representative","jobType":"CongressMemberJob"},"startDate":"1825-12-05","startCirca":false,"congressAffiliation":{"congress":{"name":"The 19th United States Congress","congressNumber":19,"congressType":"USCongress","startDate":"1825-03-04","endDate":"1827-03-03"},"partyAffiliation":[{"party":{"name":"Jacksonian"}}],"caucusAffiliation":[{"party":{"name":"Jacksonian"}}],"represents":{"regionType":"DistrictRegion","regionCode":"KY"}}},{"job":{"name":"Representative","jobType":"CongressMemberJob"},"startDate":"1827-12-03","startCirca":false,"congressAffiliation":{"congress":{"name":"The 20th United States Congress","congressNumber":20,"congressType":"USCongress","startDate":"1827-12-03","endDate":"1829-03-03"},"partyAffiliation":[{"party":{"name":"Jacksonian"}}],"caucusAffiliation":[{"party":{"name":"Jacksonian"}}],"represents":{"regionType":"DistrictRegion","regionCode":"KY"}}},{"job":{"name":"Representative","jobType":"CongressMemberJob"},"startDate":"1829-12-07","startCirca":false,"congressAffiliation":{"congress":{"name":"The 21st United States Congress","congressNumber":21,"congressType":"USCongress","startDate":"1829-03-04","endDate":"1831-03-03"},"partyAffiliation":[{"party":{"name":"Jacksonian"}}],"caucusAffiliation":[{"party":{"name":"Jacksonian"}}],"represents":{"regionType":"DistrictRegion","regionCode":"KY"}}},{"job":{"name":"Representative","jobType":"CongressMemberJob"},"startDate":"1831-12-05","startCirca":false,"congressAffiliation":{"congress":{"name":"The 22nd United States Congress","congressNumber":22,"congressType":"USCongress","startDate":"1831-12-05","endDate":"1833-03-02"},"partyAffiliation":[{"party":{"name":"Jacksonian"}}],"caucusAffiliation":[{"party":{"name":"Jacksonian"}}],"represents":{"regionType":"DistrictRegion","regionCode":"KY"}}},{"job":{"name":"Representative","jobType":"CongressMemberJob"},"startDate":"1861-03-04","startCirca":false,"congressAffiliation":{"congress":{"name":"The 37th United States Congress","congressNumber":37,"congressType":"USCongress","startDate":"1861-03-04","endDate":"1863-03-03"},"partyAffiliation":[{"party":{"name":"Unionist"}}],"caucusAffiliation":[{"party":{"name":"Unionist"}}],"represents":{"regionType":"DistrictRegion","regionCode":"KY"}}}],"creativeWork":[{"freeFormCitationText":"Wickliffe, Charles Anderson. <i>Speech of Mr. Wickliffe, of Ky. Delivered in the House of Representatives, on the mission to Panama, April 5, 1826</i>. [Washington: N.p., 1826]."}],"researchRecord":[{"name":"1862, 2 items.","recordType":["Papers"],"description":"Letters from C.A. Wickliffe.","recordLocation":{"name":"Manuscript Division","location":{"addressLocality":"Washington","addressRegion":"DC"},"parentRecordLocation":{"name":"Library of Congress","location":{"addressLocality":"Washington","addressRegion":"DC"}}}},{"name":"In the Wyse-Wickliffe-Phillips Family Papers, 1810-1894, 250 items.","recordType":["Papers"],"description":"Persons represented include C.A. Wickliffe.","recordLocation":{"name":"Manuscript Division","location":{"addressLocality":"Washington","addressRegion":"DC"},"parentRecordLocation":{"name":"Library of Congress","location":{"addressLocality":"Washington","addressRegion":"DC"}}}},{"name":"January 11, 1844. 1 official letter.","recordType":["Papers"],"description":"Finding aid in repository.","recordLocation":{"name":"New-York Historical Society","location":{"addressLocality":"New York","addressRegion":"NY"}}},{"name":"1818-1828, 2 items.","recordType":["Papers"],"description":"This collection consists of two letters addressed to Charles A. Wickliffe of Bardstown, Kentucky. One, dated Jan. 7, 1818, from William Henry Harrison in Washington discusses Harrison's nephew, Benjamin Harrison, and certain \"conveyances.\" The other letter was written by Andrew Jackson, August 2, 1828, at the Hermitage in Tennessee and concerns Jackson's opinions of the current administration and their \"ignorance of the american character.\"","recordLocation":{"name":"Special Collections","location":{"addressLocality":"Louisville","addressRegion":"KY"},"parentRecordLocation":{"name":"The Filson Historical Society","location":{"addressLocality":"Lexington","addressRegion":"KY"}}}},{"name":"ca. 1820s, 4 items.","recordType":["Papers"],"description":"Political posters attacking and supporting C.A. Wickliffe and his record during his terms in the Kentucky House of Representatives; charges include bribery, lying, and attempting to ruin an opponents campaign.","recordLocation":{"name":"Special Collections","location":{"addressLocality":"Louisville","addressRegion":"KY"},"parentRecordLocation":{"name":"The Filson Historical Society","location":{"addressLocality":"Lexington","addressRegion":"KY"}}}},{"name":"1826-1863, 8 items.","recordType":["Papers"],"description":"Papers include a 17 Aug. 1840 letter to Governor James T. Morehead seeking his opinion of when Robert P. Letcher should be sworn in as governor; a 25 July 1842 letter of introduction to J.L. Grayham for three commissioners of the French government studying American postal regulations and making arrangements for steamboat service between the U.S. and France; a 13 Nov. 1860 letter to Lewis E. Harvie suggesting a grand mass convention of all Kentuckians opposed to the disunion movement and hoping that Kentucky will proclaim it will stand by the Union or perish with it; a 22 Sept. 1861 letter to General Robert Anderson recommending Joseph Brown for the position of quartermaster at New Haven; a 3 May 1862 letter to H.S. Randall discussing the growth of wool; and a 29 Jan. 1863 subscription list for copies of Wickliffe's speech in opposition to the bill to raise black regiments.","recordLocation":{"name":"Special Collections","location":{"addressLocality":"Louisville","addressRegion":"KY"},"parentRecordLocation":{"name":"The Filson Historical Society","location":{"addressLocality":"Lexington","addressRegion":"KY"}}}},{"name":"1839-1840, approximately 1.5 cubic feet.","recordType":["Papers"],"description":"Gubernatorial papers. Finding aid in repository.","recordLocation":{"name":"Kentucky Department for Libraries and Archives","location":{"addressLocality":"Frankfort","addressRegion":"KY"}}},{"name":"In the Appointments by the governor - military appointments, 1840, 0.1 cubic foot.","recordType":["Papers"],"description":"This file documents Governor Charles Wickliffe's role as commander-in-chief of the Kentucky militia and his power to appoint and commission Kentucky militia officers to the rank of lieutenant or above. This is one commission of an officer in the Kentucky Militia.","recordLocation":{"name":"Kentucky Department for Libraries and Archives","location":{"addressLocality":"Frankfort","addressRegion":"KY"}}},{"name":"In the Beckham-Wickliffe collection, 1818-1974, 0 .95 cubic foot, and 2 volumes.","recordType":["Papers"],"description":"These are papers of the family of Governor J. C. W. Beckham including his grandfather Governor Charles Wickliffe. These were collected by Governor Beckham's daughter, Eleanor. Among the Wickliffe papers are an 1818 political letter to Wickliffe from William Henry Harrison and an 1828 political letter to Wickliffe from Andrew Jackson. Other items include a copy of Wickliffe's will; a copy of a survey for the Wickland estate near Bardstown established by Governor Wickliffe.","recordLocation":{"name":"Kentucky Department for Libraries and Archives","location":{"addressLocality":"Frankfort","addressRegion":"KY"}}},{"name":"In the Kentucky Governor (1839-1840: Wickliffe), Governor's official correspondence file, 1839-1840, 0.1 cubic foot.","recordType":["Papers"],"description":"These are incoming letters to Governor Charles Wickliffe which document administrative activities of the chief executive. Included are letters from the superintendent of public instruction to Bishop Flaget of the Roman Catholic Diocese of Bardstown, requesting support for the common school system, and from the secretary of state to the president of the Bank of Kentucky concerning state financial matters.","recordLocation":{"name":"Kentucky Department for Libraries and Archives","location":{"addressLocality":"Frankfort","addressRegion":"KY"}}},{"name":"In the Kentucky Governor (1836-1839: Clark), Governor's official correspondence file - enrolled bills, 1836-1839), 3 volumes, and 3 microfilm reels.","recordType":["Papers"],"description":"Two of the volumes contain some bills signed by Acting Governor Charles Wickliffe.","recordLocation":{"name":"Kentucky Department for Libraries and Archives","location":{"addressLocality":"Frankfort","addressRegion":"KY"}}},{"name":"In the Kentucky Governor (1839-1840: Wickliffe), Governor's official correspondence file - enrolled bills, 1839-1840, 1 volume and 1 microfilm reel.","recordType":["Papers"],"recordLocation":{"name":"Kentucky Department for Libraries and Archives","location":{"addressLocality":"Frankfort","addressRegion":"KY"}}},{"name":"In the Kentucky Governor (1839-1840: Wickliffe), Governor's official correspondence file - executive journal, 1839-1840), 1 volume and 1 partial microfilm reel.","recordType":["Papers"],"recordLocation":{"name":"Kentucky Department for Libraries and Archives","location":{"addressLocality":"Frankfort","addressRegion":"KY"}}},{"name":"In the Kentucky Governor (1839-1840: Wickliffe), Governor's official correspondence file - letter book, 1839-1840, 1 volume and 1 partial microfilm reel.","recordType":["Papers"],"description":"This book contains transcripts of official letters to and from Governor Charles Wickliffe during his term in office. Included is a reply to the request of the governor of North Carolina for information on the Kentucky State Penitentiary and on the Lunatic Asylum, in which Governor Wickliffe describes the functions and facilities of both of these institutions. Also in this volume is the transcription of one official letter from Governor John J. Crittenden to the directors of the Southern Bank of Kentucky, dated July 1850.","recordLocation":{"name":"Kentucky Department for Libraries and Archives","location":{"addressLocality":"Frankfort","addressRegion":"KY"}}},{"name":"In the Kentucky Governor (1839-1840: Wickliffe), Governor's official correspondence file - petitions for pardons and remissions, 1839-1840, 0.2 cubic foot.","recordType":["Papers"],"description":"These files document Governor Charles Wickliffe's use of the governor's power and privilege to pardon convicts and to remit fines. Included are requests for pardons and remissions of fines for such crimes as breach of the peace and keeping a tippling house to assault and murder.","recordLocation":{"name":"Kentucky Department for Libraries and Archives","location":{"addressLocality":"Frankfort","addressRegion":"KY"}}},{"name":"1830-1859, 3 items.","recordType":["Papers"],"description":"This collection consists of three letters, dated 1830-1859, of Charles A. Wickliffe. The letter dated July 14, 1830, was written by Wickliffe to Capt. William Taylor, Ballardsville (Oldham County), Kentucky, and concerns political matters. A second letter, dated Feb. 5, 1835, written by Wickliffe to Corneles Commiges of Philadelphia discusses financial matters. The third letter written on Nov. 25, 1859 by Wickliffe to the editor of the Bardstown (Ky.) Gazette provides an eyewitness account of the Battle of the Thames and the killing of Tecumseh.","recordLocation":{"name":"Kentucky Historical Society Library","location":{"addressLocality":"Frankfort","addressRegion":"KY"}}},{"name":"In the Haycraft Family Papers, ca. 1808-1915, 134 items.","recordType":["Papers"],"description":"Persons represented include C.A. Wickliffe.","recordLocation":{"name":"Kentucky Historical Society Library","location":{"addressLocality":"Frankfort","addressRegion":"KY"}}}],"deleted":false}}
