{"data":{"usCongressBioId":"W000133","familyName":"Ward","givenName":"Hamilton","honorificPrefix":"Mr.","unaccentedFamilyName":"Ward","unaccentedGivenName":"Hamilton","birthDate":"1829-07-03","birthCirca":false,"deathDate":"1898-12-28","deathCirca":false,"profileText":"A Representative from New York; born in Salisbury, Herkimer County, N.Y., July 3, 1829; attended the common schools and was privately tutored; studied law; was admitted to the bar and commenced practice in Phillipsville (now Belmont), N.Y., in 1851; district attorney of Allegany County 1856-1859 and 1862-1865; appointed in 1862 by the Governor as commissioner to raise and equip troops for the Civil War; elected as a Republican to the Thirty-ninth, Fortieth, and Forty-first Congresses (March 4, 1865-March 3, 1871); chairman, Committee on Revolutionary Claims (Fortieth Congress); was not a candidate for renomination in 1870; delegate to nearly all State conventions from 1858 to 1890; attorney general of New York in 1880 and 1881; member of the State constitutional commission in 1890; appointed and subsequently elected justice of the State supreme court and served from 1891 until his death in Belmont, Allegany County, N.Y., December 28, 1898; interment in Forest Hill Cemetery.","relationship":[],"asset":[],"jobPositions":[{"job":{"name":"Representative","jobType":"CongressMemberJob"},"startDate":"1865-03-04","startCirca":false,"congressAffiliation":{"congress":{"name":"The 39th United States Congress","congressNumber":39,"congressType":"USCongress","startDate":"1865-03-04","endDate":"1867-03-03"},"partyAffiliation":[{"party":{"name":"Republican"}}],"caucusAffiliation":[{"party":{"name":"Republican"}}],"represents":{"regionType":"DistrictRegion","regionCode":"NY"}}},{"job":{"name":"Representative","jobType":"CongressMemberJob"},"startDate":"1867-03-04","startCirca":false,"congressAffiliation":{"congress":{"name":"The 40th United States Congress","congressNumber":40,"congressType":"USCongress","startDate":"1867-03-04","endDate":"1869-03-03"},"partyAffiliation":[{"party":{"name":"Republican"}}],"caucusAffiliation":[{"party":{"name":"Republican"}}],"represents":{"regionType":"DistrictRegion","regionCode":"NY"}}},{"job":{"name":"Representative","jobType":"CongressMemberJob"},"startDate":"1869-03-04","startCirca":false,"congressAffiliation":{"congress":{"name":"The 41st United States Congress","congressNumber":41,"congressType":"USCongress","startDate":"1869-03-04","endDate":"1871-03-03"},"partyAffiliation":[{"party":{"name":"Republican"}}],"caucusAffiliation":[{"party":{"name":"Republican"}}],"represents":{"regionType":"DistrictRegion","regionCode":"NY"}}}],"creativeWork":[{"freeFormCitationText":"Ward, Hamilton, Jr. <i>Life and Speeches of Hamilton Ward. 1829-1898</i>. Buffalo, N.Y.: Press of A. H. Morey, 1902."}],"researchRecord":[]}}
