{"data":{"usCongressBioId":"W000051","familyName":"Walker","givenName":"Francis","honorificPrefix":"Mr.","unaccentedFamilyName":"Walker","unaccentedGivenName":"Francis","birthDate":"1764-06-22","birthCirca":false,"deathDate":"1806-03","deathCirca":false,"profileText":"A Representative from Virginia; born at ``Castle Hill,'' near Cobham, Albemarle County, Va., June 22, 1764; magistrate of Albemarle County; colonel of the Eighty-eighth Regiment, Virginia Militia; member of the state house of delegates 1788-1791 and 1797-1801; elected to the Third Congress (March 4, 1793-March 3, 1795); died at ``Castle Hill,'' near Cobham, Va., in March 1806; interment in the family cemetery at ``Castle Hill.''","relationship":[{"relationshipType":"brother","relatedTo":{"usCongressBioId":"W000059","familyName":"Walker","givenName":"John","unaccentedFamilyName":"Walker","unaccentedGivenName":"John","birthDate":"1744","birthCirca":false,"deathDate":"1809","deathCirca":false,"deleted":false}}],"asset":[],"jobPositions":[{"job":{"name":"Representative","jobType":"CongressMemberJob"},"startDate":"1793-12-02","startCirca":false,"endCirca":false,"congressAffiliation":{"congress":{"name":"The 3rd United States Congress","congressNumber":3,"congressType":"USCongress","startDate":"1793-03-04","endDate":"1795-03-03"},"partyAffiliation":[{"party":{"name":"Anti-Administration"},"startCirca":false,"endCirca":false}],"represents":{"regionType":"DistrictRegion","regionCode":"VA"}}}],"creativeWork":[],"researchRecord":[{"name":"In the William C. Rives Papers, ca. 1674-1939, approximately 50,400 items.","recordType":["Papers"],"description":"The papers include the papers of Francis Walker 1760-1795. These are microfilm copies of the originals at the University of Virginia.","recordLocation":{"name":"Manuscript Division","location":{"addressLocality":"Washington","addressRegion":"DC"},"parentRecordLocation":{"name":"Library of Congress","location":{"addressLocality":"Washington","addressRegion":"DC"}}}},{"name":"In the Thomas Jefferson Papers, 1781, 1 item.","recordType":["Papers"],"description":"Commission to Francis Walker from May 26, 1781, appointing him ensign in the Virginia militia.","recordLocation":{"name":"Albert and Shirley Small Special Collections Library","location":{"addressLocality":"Charlottesville","addressRegion":"VA"},"parentRecordLocation":{"name":"University of Virginia Library","location":{"addressLocality":"Charlottesville","addressRegion":"VA"}}}},{"name":"In the Thomas Jefferson Papers, 1790, 1 item.","recordType":["Papers"],"description":"A letter from Thomas Jefferson to Francis Walker written on November 3, 1790.","recordLocation":{"name":"Albert and Shirley Small Special Collections Library","location":{"addressLocality":"Charlottesville","addressRegion":"VA"},"parentRecordLocation":{"name":"University of Virginia Library","location":{"addressLocality":"Charlottesville","addressRegion":"VA"}}}},{"name":"In the Page and Walker Families Papers, 1742-1886, amount unknown.","recordType":["Papers"],"description":"Persons represented include Francis Walker.","recordLocation":{"name":"Albert and Shirley Small Special Collections Library","location":{"addressLocality":"Charlottesville","addressRegion":"VA"},"parentRecordLocation":{"name":"University of Virginia Library","location":{"addressLocality":"Charlottesville","addressRegion":"VA"}}}},{"name":"In the William C. Rives Papers, ca. 1674-1939, approximately 50,400 items.","recordType":["Papers"],"description":"The papers include the papers of Francis Walker, 1760-1795.","recordLocation":{"name":"Albert and Shirley Small Special Collections Library","location":{"addressLocality":"Charlottesville","addressRegion":"VA"},"parentRecordLocation":{"name":"University of Virginia Library","location":{"addressLocality":"Charlottesville","addressRegion":"VA"}}}},{"name":"In Thomas Walker papers, 1742-1886. ca. 250 items.","recordType":["Papers"],"description":"Unpublished guide in repository.","recordLocation":{"name":"Albert and Shirley Small Special Collections Library","location":{"addressLocality":"Charlottesville","addressRegion":"VA"},"parentRecordLocation":{"name":"University of Virginia Library","location":{"addressLocality":"Charlottesville","addressRegion":"VA"}}}}],"deleted":false}}
