{"data":{"usCongressBioId":"W000765","familyName":"Wright","givenName":"John","middleName":"Vines","honorificPrefix":"Mr.","unaccentedFamilyName":"Wright","unaccentedGivenName":"John","unaccentedMiddleName":"Vines","birthDate":"1828-06-28","birthCirca":false,"deathDate":"1908-06-12","deathCirca":false,"profileText":"A Representative from Tennessee; born in Purdy, McNairy County, Tenn., June 28, 1828; completed preparatory studies; attended the University of Tennessee at Knoxville, where he pursued courses in medicine and law, graduating from the law department; was admitted to the bar and commenced practice in Purdy, Tenn.; elected as a Democrat to the Thirty-fourth, Thirty-fifth, and Thirty-sixth Congresses (March 4, 1855-March 3, 1861); during the Civil War served in the Confederate Army as colonel of the Thirteenth Regiment, Tennessee Infantry, in 1861; elected to the First and Second Confederate Congresses; judge of the circuit court of Tennessee; chancellor and judge of the State supreme court; practiced law in Nashville, Tenn., 1865-1886; unsuccessful candidate as an Anti-Repudiation Democrat for Governor of Tennessee in 1880; was chairman of the Northwest Indian Commission in 1886 and member of the commission to treat with the Great Sioux Nation in Dakota; appointed to the law division of the General Land Office in 1887 and served until his death in Washington, D.C., June 12, 1908; interment in Rock Creek Cemetery.","relationship":[],"asset":[],"jobPositions":[{"job":{"name":"Representative","jobType":"CongressMemberJob"},"startDate":"1855-03-04","startCirca":false,"congressAffiliation":{"congress":{"name":"The 34th United States Congress","congressNumber":34,"congressType":"USCongress","startDate":"1855-12-03","endDate":"1857-03-03"},"partyAffiliation":[{"party":{"name":"Democrat"}}],"caucusAffiliation":[{"party":{"name":"Democrat"}}],"represents":{"regionType":"DistrictRegion","regionCode":"TN"}}},{"job":{"name":"Representative","jobType":"CongressMemberJob"},"startDate":"1857-03-04","startCirca":false,"congressAffiliation":{"congress":{"name":"The 35th United States Congress","congressNumber":35,"congressType":"USCongress","startDate":"1857-03-04","endDate":"1859-03-03"},"partyAffiliation":[{"party":{"name":"Democrat"}}],"caucusAffiliation":[{"party":{"name":"Democrat"}}],"represents":{"regionType":"DistrictRegion","regionCode":"TN"}}},{"job":{"name":"Representative","jobType":"CongressMemberJob"},"startDate":"1859-03-04","startCirca":false,"congressAffiliation":{"congress":{"name":"The 36th United States Congress","congressNumber":36,"congressType":"USCongress","startDate":"1859-03-04","endDate":"1861-03-03"},"partyAffiliation":[{"party":{"name":"Democrat"}}],"caucusAffiliation":[{"party":{"name":"Democrat"}}],"represents":{"regionType":"DistrictRegion","regionCode":"TN"}}}],"creativeWork":[],"researchRecord":[{"name":"1907-1920. 2 volumes.","recordType":["Papers"],"description":"Scrapbooks of clippings and an autobiographical sketch.","recordLocation":{"name":"Southern Historical Collection","location":{"addressLocality":"Chapel Hill","addressRegion":"NC"},"parentRecordLocation":{"name":"University of North Carolina","location":{"addressLocality":"Chapel Hill","addressRegion":"NC"}}}}],"deleted":false}}
