{"data":{"usCongressBioId":"W000136","familyName":"Ward","givenName":"Jonathan","honorificPrefix":"Mr.","unaccentedFamilyName":"Ward","unaccentedGivenName":"Jonathan","birthDate":"1768-09-21","birthCirca":false,"birthDateUnknown":false,"deathDate":"1842-09-28","deathCirca":false,"deathDateUnknown":false,"profileText":"A Representative from New York; born in the town of Eastchester, N.Y., September 21, 1768; received a limited schooling; assessor of Eastchester in 1791; sheriff of Westchester County 1802-1806; served in the State senate in 1807; member of the council of appointment in 1809; elected as a Democratic Republican to the Fourteenth Congress (March 4, 1815-March 3, 1817); member of the State constitutional convention in 1821; surrogate of Westchester County 1828-1840; died in the town of Eastchester, N.Y., September 28, 1842.","relationship":[],"asset":[],"jobPositions":[{"job":{"name":"Representative","jobType":"CongressMemberJob"},"startDate":"1815-12-04","startCirca":false,"endCirca":false,"congressAffiliation":{"congress":{"name":"The 14th United States Congress","congressNumber":14,"congressType":"USCongress","startDate":"1815-12-04","endDate":"1817-03-03"},"partyAffiliation":[{"party":{"name":"Democratic Republican"},"startCirca":false,"endCirca":false}],"caucusAffiliation":[{"party":{"name":"Democratic Republican"},"startCirca":false,"endCirca":false}],"represents":{"regionType":"DistrictRegion","regionCode":"NY"}}}],"creativeWork":[],"researchRecord":[],"deleted":false}}
