{"data":{"usCongressBioId":"W000696","familyName":"Wood","givenName":"John","honorificPrefix":"Mr.","unaccentedFamilyName":"Wood","unaccentedGivenName":"John","birthDate":"1816-09-06","birthCirca":false,"deathDate":"1898-05-28","deathCirca":false,"profileText":"A Representative from Pennsylvania; born in Philadelphia, Pa., September 6, 1816; attended the Friends Society schools of Philadelphia; employed by his father in the manufacture of tools and agricultural machinery 1832-1840; engaged in the manufacture of iron and steel near Wilmington, Del., 1841-1844; moved to Conshohocken, Montgomery County, Pa., in 1844 and engaged in the milling of iron and steel; first burgess of Conshohocken, Pa.; elected as a Republican to the Thirty-sixth Congress (March 4, 1859-March 3, 1861); was not a candidate for renomination in 1860; resumed his former manufacturing pursuits; died in Conshohocken, Pa., May 28, 1898; interment in Montgomery Cemetery, Norristown, Montgomery County, Pa.","relationship":[{"relationshipType":"uncle","relatedTo":{"usCongressBioId":"W000688","familyName":"Wood","givenName":"Alan","honorificSuffix":"Jr.","unaccentedFamilyName":"Wood","unaccentedGivenName":"Alan","birthDate":"1834-07-06","birthCirca":false,"birthDateUnknown":false,"deathDate":"1902-10-31","deathCirca":false,"deathDateUnknown":false,"deleted":false}}],"asset":[],"jobPositions":[{"job":{"name":"Representative","jobType":"CongressMemberJob"},"startDate":"1859-03-04","startCirca":false,"congressAffiliation":{"congress":{"name":"The 36th United States Congress","congressNumber":36,"congressType":"USCongress","startDate":"1859-03-04","endDate":"1861-03-03"},"partyAffiliation":[{"party":{"name":"Republican"}}],"caucusAffiliation":[{"party":{"name":"Republican"}}],"represents":{"regionType":"DistrictRegion","regionCode":"PA"}}}],"creativeWork":[],"researchRecord":[]}}
