{"data":{"usCongressBioId":"W000126","familyName":"Ward","givenName":"Andrew","middleName":"Harrison","honorificPrefix":"Mr.","unaccentedFamilyName":"Ward","unaccentedGivenName":"Andrew","unaccentedMiddleName":"Harrison","birthDate":"1815-01-03","birthCirca":false,"deathDate":"1904-04-16","deathCirca":false,"profileText":"A Representative from Kentucky; was born near Cynthiana, Harrison County, Ky., on January 3, 1815; attended the county schools and Transylvania University, Lexington, Ky.; clerk on a steamboat on the Tombigbee River for several years; studied law; was admitted to the bar in 1844 and commenced practice in Cynthiana, Ky.; city attorney of Cynthiana in 1860; unsuccessful candidate for election to the State house of representatives in 1861; member of the State house of representatives 1863-1865; unsuccessful candidate for election in 1864 to the Thirty-ninth Congress; elected as a Democrat to the Thirty-ninth Congress to fill the vacancy caused by the resignation of Green Clay Smith and served from December 3, 1866, to March 3, 1867; was not a candidate for renomination in 1866; resumed the practice of law and subsequently became president of the National Bank of Cynthiana; died in Cynthiana, Ky., April 16, 1904; interment in Battle Grove Cemetery.","relationship":[],"asset":[],"jobPositions":[{"job":{"name":"Representative","jobType":"CongressMemberJob"},"startDate":"1866-12-03","startCirca":false,"congressAffiliation":{"congress":{"name":"The 39th United States Congress","congressNumber":39,"congressType":"USCongress","startDate":"1865-03-04","endDate":"1867-03-03"},"partyAffiliation":[{"party":{"name":"Democrat"}}],"caucusAffiliation":[{"party":{"name":"Democrat"}}],"represents":{"regionType":"DistrictRegion","regionCode":"KY"},"note":[{"type":"Note","noteType":"FootNote","content":"Elected to fill vacancy caused by resignation of Green Clay Smith, and took his seat December 3, 1866."}]}}],"creativeWork":[],"researchRecord":[]}}
