{"data":{"usCongressBioId":"W000536","familyName":"Williams","givenName":"Sherrod","honorificPrefix":"Mr.","unaccentedFamilyName":"Williams","unaccentedGivenName":"Sherrod","birthDate":"1804","birthCirca":false,"birthDateUnknown":false,"deathCirca":false,"deathDateUnknown":true,"profileText":"a Representative from Kentucky; born in Pulaski County, Ky., in 1804; moved with his parents to Wayne County; received a limited education; learned the trade of brickmaker in Monticello when about fifteen years of age; studied law; admitted to the bar and practiced; member of the State house of representatives 1829-1834 and in 1846; elected as a Whig to the Twenty-fourth, Twenty-fifth, and Twenty-sixth Congresses (March 4, 1835-March 3, 1841); chairman, Committee on Invalid Pensions (Twenty-sixth Congress); was not a candidate for reelection; moved to one of the Southern States, where he died; death date unknown.","relationship":[],"asset":[],"jobPositions":[{"job":{"name":"Representative","jobType":"CongressMemberJob"},"startDate":"1835-12-07","startCirca":false,"congressAffiliation":{"congress":{"name":"The 24th United States Congress","congressNumber":24,"congressType":"USCongress","startDate":"1835-12-07","endDate":"1837-03-03"},"partyAffiliation":[{"party":{"name":"Whig"}}],"caucusAffiliation":[{"party":{"name":"Whig"}}],"represents":{"regionType":"DistrictRegion","regionCode":"KY"}}},{"job":{"name":"Representative","jobType":"CongressMemberJob"},"startDate":"1837-03-04","startCirca":false,"congressAffiliation":{"congress":{"name":"The 25th United States Congress","congressNumber":25,"congressType":"USCongress","startDate":"1837-03-04","endDate":"1839-03-03"},"partyAffiliation":[{"party":{"name":"Whig"}}],"caucusAffiliation":[{"party":{"name":"Whig"}}],"represents":{"regionType":"DistrictRegion","regionCode":"KY"}}},{"job":{"name":"Representative","jobType":"CongressMemberJob"},"startDate":"1839-03-04","startCirca":false,"congressAffiliation":{"congress":{"name":"The 26th United States Congress","congressNumber":26,"congressType":"USCongress","startDate":"1839-12-02","endDate":"1841-03-03"},"partyAffiliation":[{"party":{"name":"Whig"}}],"caucusAffiliation":[{"party":{"name":"Whig"}}],"represents":{"regionType":"DistrictRegion","regionCode":"KY"}}}],"creativeWork":[],"researchRecord":[],"deleted":false}}
