{"data":{"usCongressBioId":"W000606","familyName":"Wilson","givenName":"Nathan","honorificPrefix":"Mr.","unaccentedFamilyName":"Wilson","unaccentedGivenName":"Nathan","birthDate":"1758-12-23","birthCirca":false,"birthDateUnknown":false,"deathDate":"1834-07-25","deathCirca":false,"deathDateUnknown":false,"profileText":"A Representative from New York; born in Bolton, Worcester County, Mass., December 23, 1758; moved with his family to Greenwich, Hampshire County, Mass., where he attended school; served two enlistments in Massachusetts regiments during the Revolutionary War in 1777 and 1780; moved to New Perth (now Salem), Washington County, N.Y.; enlisted as a private in the Sixteenth Regiment, Albany County Militia; appointed by Governor George Clinton in 1791 adjutant in Washington County Militia Regiment; town collector in 1801 and 1802; sheriff of Washington County 1802-1806; elected as a Democratic Republican to the Tenth Congress to fill the vacancy caused by the resignation of David Thomas and served from June 3, 1808, to March 3, 1809; justice of the peace 1808-1816; engaged in agricultural pursuits; died near Salem, Washington County, N.Y., July 25, 1834; interment in Evergreen Cemetery, Salem, N.Y.","relationship":[],"asset":[],"jobPositions":[{"job":{"name":"Representative","jobType":"CongressMemberJob"},"startDate":"1807-10-26","startCirca":false,"endCirca":false,"congressAffiliation":{"congress":{"name":"The 10th United States Congress","congressNumber":10,"congressType":"USCongress","startDate":"1807-10-26","endDate":"1809-03-03"},"partyAffiliation":[{"party":{"name":"Democratic Republican"},"startCirca":false,"endCirca":false}],"caucusAffiliation":[{"party":{"name":"Democratic Republican"},"startCirca":false,"endCirca":false}],"represents":{"regionType":"DistrictRegion","regionCode":"NY"},"note":[{"type":"Note","content":"Elected to fill vacancy caused by death of David Thomas, and took his seat November 7, 1808.","noteType":"FootNote"}]}}],"creativeWork":[],"researchRecord":[],"deleted":false}}
