{"data":{"usCongressBioId":"W000625","familyName":"Winans","givenName":"Edwin","middleName":"Baruch","unaccentedFamilyName":"Winans","unaccentedGivenName":"Edwin","unaccentedMiddleName":"Baruch","birthDate":"1826","birthCirca":false,"deathDate":"1894","deathCirca":false,"profileText":"A Representative from Michigan; born in Avon, Livingston County, N.Y., May 16, 1826; moved with his parents to Michigan in 1834; attended Albion College, Michigan; went to California and engaged in mining on the North Yuba River, near Placerville, in 1850; worked in different parts of the State until 1857; returned to Michigan in 1858 and settled in Hamburg, Livingston County, where he engaged in agricultural pursuits; member of the State house of representatives 1861-1865; delegate to the State constitutional convention of May 15, 1867; probate judge of Livingston County 1877-1881; elected as a Democrat to the Forty-eighth and Forty-ninth Congresses (March 4, 1883-March 3, 1887); resumed agricultural pursuits in Livingston County, Mich.; Governor of Michigan 1891-1893; died in Hamburg, Mich., July 4, 1894; interment in Hamburg Cemetery.","relationship":[],"asset":[],"jobPositions":[{"job":{"name":"Representative","jobType":"CongressMemberJob"},"congressAffiliation":{"congress":{"name":"The 48th United States Congress","congressNumber":48,"congressType":"USCongress","startDate":"1883-12-03","endDate":"1885-03-04"},"partyAffiliation":[{"party":{"name":"Democrat"}}],"caucusAffiliation":[{"party":{"name":"Democrat"}}],"represents":{"regionType":"StateRegion","regionCode":"MI"}}},{"job":{"name":"Representative","jobType":"CongressMemberJob"},"congressAffiliation":{"congress":{"name":"The 49th United States Congress","congressNumber":49,"congressType":"USCongress","startDate":"1885-03-04","endDate":"1887-03-03"},"partyAffiliation":[{"party":{"name":"Democrat"}}],"caucusAffiliation":[{"party":{"name":"Democrat"}}],"represents":{"regionType":"StateRegion","regionCode":"MI"}}}],"creativeWork":[],"researchRecord":[{"name":"In the Oliver Lyman Spaulding Papers, 1861-1921, 3 linear feet, approximately 35 items [outsize], and 1 volume [outsize].","recordType":["Papers"],"description":"Other authors include Edwin Baruch Winans. A finding aid is available in the library.","recordLocation":{"name":"Bentley Historical Library","location":{"addressLocality":"Ann Arbor","addressRegion":"MI"},"parentRecordLocation":{"name":"University of Michigan","location":{"addressLocality":"Ann Arbor","addressRegion":"MI"}}}},{"name":"In the Peter White Papers, 1848-1915, 30 linear feet and 14 volumes.","recordType":["Papers"],"description":"Other authors include Edwin B. Winans. A finding aid is available in the library.","recordLocation":{"name":"Bentley Historical Library","location":{"addressLocality":"Ann Arbor","addressRegion":"MI"},"parentRecordLocation":{"name":"University of Michigan","location":{"addressLocality":"Ann Arbor","addressRegion":"MI"}}}}]}}
