{"data":{"usCongressBioId":"W000070","familyName":"Walker","givenName":"William","middleName":"Adams","honorificPrefix":"Mr.","unaccentedFamilyName":"Walker","unaccentedGivenName":"William","unaccentedMiddleName":"Adams","birthDate":"1805-06-05","birthCirca":false,"deathDate":"1861-12-18","deathCirca":false,"profileText":"A Representative from New York; born in New Hampshire June 5, 1805; attended the common schools and Northampton Law School; was admitted to the bar but never engaged in the practice of law; moved to New York City in 1832; appointed principal of a public school in New York City; county superintendent of common schools 1843-1847; member of the board of aldermen in 1846; defeated for reelection in 1847; served as commissioner of jurors until elected to Congress; elected as a Democrat to the Thirty-third Congress (March 4, 1853-March 3, 1855); declined to be a candidate for renomination in 1854 to the Thirty-fourth Congress; defeated for election to the board of aldermen in 1857; died in Irvington, West Chester County, N.Y., December 18, 1861; interment in Sleepy Hollow Cemetery, Tarrytown, N.Y.","relationship":[],"asset":[],"jobPositions":[{"job":{"name":"Representative","jobType":"CongressMemberJob"},"startDate":"1853-03-04","startCirca":false,"congressAffiliation":{"congress":{"name":"The 33rd United States Congress","congressNumber":33,"congressType":"USCongress","startDate":"1853-03-04","endDate":"1855-03-03"},"partyAffiliation":[{"party":{"name":"Democrat"}}],"caucusAffiliation":[{"party":{"name":"Democrat"}}],"represents":{"regionType":"DistrictRegion","regionCode":"NY"}}}],"creativeWork":[],"researchRecord":[]}}
