{"data":{"usCongressBioId":"W000693","familyName":"Wood","givenName":"Ernest","middleName":"Edward","honorificPrefix":"Mr.","unaccentedFamilyName":"Wood","unaccentedGivenName":"Ernest","unaccentedMiddleName":"Edward","birthDate":"1875-08-24","birthCirca":false,"deathDate":"1952-01-10","deathCirca":false,"profileText":"A Representative from Missouri; born in Chico, Butte County, Calif., August 24, 1875; attended the public schools and was graduated from the Stockton (Calif.) High School in 1892; appointed as a cadet to the United States Military Academy at West Point in 1893 and remained two years; studied law; was admitted to the bar in 1898 and commenced practice in St. Louis, Mo.; presented credentials as a Democratic Member-elect to the Fifty-ninth Congress and served from March 4, 1905, to June 23, 1906, when he was succeeded by Harry M. Coudrey, who contested his election; moved to Los Angeles, Calif., in 1907 and resumed the practice of law; died in Los Angeles, Calif., January 10, 1952; interment in Hollywood Cemetery, Hollywood, Calif.","relationship":[],"asset":[],"jobPositions":[{"job":{"name":"Representative","jobType":"CongressMemberJob"},"startDate":"1905-03-04","startCirca":false,"endDate":"1906-06-23","endCirca":false,"departureReason":"OtherDepartureReason","congressAffiliation":{"congress":{"name":"The 59th United States Congress","congressNumber":59,"congressType":"USCongress","startDate":"1905-03-04","endDate":"1907-03-04"},"departureReason":"OtherDepartureReason","partyAffiliation":[{"party":{"name":"Democrat"}}],"caucusAffiliation":[{"party":{"name":"Democrat"}}],"represents":{"regionType":"DistrictRegion","regionCode":"MO"},"note":[{"type":"Note","noteType":"FootNote","content":"Served until June 23, 1906; succeeded by Harry M. Coudrey who contested his election."}]}}],"creativeWork":[],"researchRecord":[]}}
