{"data":{"usCongressBioId":"W000727","familyName":"Woods","givenName":"William","honorificPrefix":"Mr.","unaccentedFamilyName":"Woods","unaccentedGivenName":"William","birthDate":"1790","birthCirca":false,"birthDateUnknown":false,"deathDate":"1837-08-07","deathCirca":false,"deathDateUnknown":false,"profileText":"a Representative from New York; born in Washington County, N.Y., in 1790; received a limited schooling; moved to Bath, Steuben County, N.Y., in 1813; studied law; was admitted to the bar and practiced in Bath, N.Y.; member of the State assembly 1823-1825; elected as an Adams-Clay Republican to the Eighteenth Congress to fill the vacancy caused by the resignation of William B. Rochester and served from November 3, 1823, to March 3, 1825; resumed the practice of his profession; surrogate of Steuben County 1827-1835; died in Bath, N.Y., August 7, 1837; interment in Grove Cemetery.","relationship":[],"asset":[],"jobPositions":[{"job":{"name":"Representative","jobType":"CongressMemberJob"},"startDate":"1823-12-01","startCirca":false,"endCirca":false,"congressAffiliation":{"congress":{"name":"The 18th United States Congress","congressNumber":18,"congressType":"USCongress","startDate":"1823-12-01","endDate":"1825-03-03"},"partyAffiliation":[{"party":{"name":"Adams-Clay Republican"},"startCirca":false,"endCirca":false}],"caucusAffiliation":[{"party":{"name":"Adams-Clay Republican"},"startCirca":false,"endCirca":false}],"represents":{"regionType":"DistrictRegion","regionCode":"NY"},"note":[{"type":"Note","content":"Elected to fill the vacancy caused by resignation of William B. Rochester, and took his seat December 1, 1823.","noteType":"FootNote"}]}}],"creativeWork":[],"researchRecord":[],"deleted":false}}
