{"data":{"usCongressBioId":"W000688","familyName":"Wood","givenName":"Alan","honorificSuffix":"Jr.","unaccentedFamilyName":"Wood","unaccentedGivenName":"Alan","birthDate":"1834-07-06","birthCirca":false,"birthDateUnknown":false,"deathDate":"1902-10-31","deathCirca":false,"deathDateUnknown":false,"profileText":"a Representative from Pennsylvania; born in Philadelphia, Pa., July 6, 1834; attended private schools; employed in his father's mill at Delaware Iron Works, near Wilmington, Del.; moved to Conshohocken, Montgomery County, Pa., in 1857; engaged in iron manufacturing and banking; elected as a Republican to the Forty-fourth Congress (March 4, 1875-March 3, 1877); was not a candidate for renomination in 1876; resumed his former business activities and also engaged in agricultural pursuits; president of the Alan Wood Iron &amp; Steel Co.; died in Philadelphia, Pa., October 31, 1902; interment in Woodland Cemetery.","relationship":[{"relatedTo":{"usCongressBioId":"W000696","familyName":"Wood","givenName":"John","honorificPrefix":"Mr.","unaccentedFamilyName":"Wood","unaccentedGivenName":"John","birthDate":"1816-09-06","birthCirca":false,"deathDate":"1898-05-28","deathCirca":false},"relationshipType":"nephew"}],"asset":[],"jobPositions":[{"job":{"name":"Representative","jobType":"CongressMemberJob"},"congressAffiliation":{"congress":{"name":"The 44th United States Congress","congressNumber":44,"congressType":"USCongress","startDate":"1875-03-05","endDate":"1877-03-04"},"partyAffiliation":[{"party":{"name":"Republican"}}],"caucusAffiliation":[{"party":{"name":"Republican"}}],"represents":{"regionType":"StateRegion","regionCode":"PA"}}}],"creativeWork":[],"researchRecord":[],"deleted":false}}
