{"data":{"usCongressBioId":"W000616","familyName":"Wilson","givenName":"Thomas","honorificPrefix":"Mr.","unaccentedFamilyName":"Wilson","unaccentedGivenName":"Thomas","birthDate":"1772","birthCirca":false,"birthDateUnknown":false,"deathDate":"1824-10-04","deathCirca":false,"deathDateUnknown":false,"profileText":"A Representative from Pennsylvania; born near Sunbury, Northumberland County, Pa., in 1772; attended the common schools; had the contract for supplying the western forts of the United States from Niagara to New Orleans; engaged in shipbuilding in Erie, Pa., in 1805; built vessels for commerce on the Great Lakes; burgess of Erie in 1807; town clerk in 1808; treasurer of Erie County 1809-1812; county commissioner in 1811; justice of the peace; elected as a Democratic Republican to the Thirteenth Congress to fill the vacancy caused by the resignation of Abner Lacock; reelected to the Fourteenth Congress and served from May 4, 1813, to March 3, 1817; member of the Pennsylvania state house of representatives 1817-1820; prothonotary and clerk of court of Erie County 1819-1824; died in Erie, Pa., October 4, 1824.","relationship":[],"asset":[],"jobPositions":[{"job":{"name":"Representative","jobType":"CongressMemberJob"},"startDate":"1813-05-24","startCirca":false,"endCirca":false,"congressAffiliation":{"congress":{"name":"The 13th United States Congress","congressNumber":13,"congressType":"USCongress","startDate":"1813-05-24","endDate":"1815-03-03"},"partyAffiliation":[{"party":{"name":"Democratic Republican"},"startCirca":false,"endCirca":false}],"caucusAffiliation":[{"party":{"name":"Democratic Republican"},"startCirca":false,"endCirca":false}],"represents":{"regionType":"DistrictRegion","regionCode":"PA"},"note":[{"type":"Note","content":"Elected to fill vacancy caused by resignation of Representative-elect Abner Lacock in preceding Congress, and took his seat May 28, 1813.","noteType":"FootNote"}]}},{"job":{"name":"Representative","jobType":"CongressMemberJob"},"startDate":"1815-12-04","startCirca":false,"endCirca":false,"congressAffiliation":{"congress":{"name":"The 14th United States Congress","congressNumber":14,"congressType":"USCongress","startDate":"1815-12-04","endDate":"1817-03-03"},"partyAffiliation":[{"party":{"name":"Democratic Republican"},"startCirca":false,"endCirca":false}],"caucusAffiliation":[{"party":{"name":"Democratic Republican"},"startCirca":false,"endCirca":false}],"represents":{"regionType":"DistrictRegion","regionCode":"PA"}}}],"creativeWork":[],"researchRecord":[],"deleted":false}}
