{"data":{"usCongressBioId":"Y000017","familyName":"Yell","givenName":"Archibald","honorificPrefix":"Mr.","unaccentedFamilyName":"Yell","unaccentedGivenName":"Archibald","birthDate":"1797","birthCirca":false,"birthDateUnknown":false,"deathDate":"1847-02-22","deathCirca":false,"deathDateUnknown":false,"profileText":"a Representative from Arkansas; born in North Carolina in 1797; moved to Tennessee in his youth and settled in Bedford County; took part in the Creek campaign; participated in the War of 1812 and served under General Jackson at the Battle of New Orleans; studied law; was admitted to the bar of Tennessee and commenced practice in Fayetteville, Lincoln County, Tenn., and continued until 1832; declined the governorship of the Territory of Florida; appointed judge of the Territory of Arkansas by President Jackson in 1832, with residence at Fayetteville, Ark., and served until 1835; upon the admission of Arkansas as a State into the Union was elected as a Jacksonian candidate to the Twenty-fourth Congress; reelected as a Democrat to the Twenty-fifth Congress and served from August 1, 1836, to March 3, 1839; Governor of Arkansas 1840-1844; resigned in 1844; elected as a Democrat to the Twenty-ninth Congress and served from March 4, 1845, to July 1, 1846, when he resigned to take part in the Mexican War; served as colonel of the First Regiment, Arkansas Volunteer Cavalry, and was killed in the Battle of Buena Vista February 22, 1847; interment in Fayetteville Cemetery, Fayetteville, Ark.","relationship":[],"asset":[],"jobPositions":[{"job":{"name":"Representative","jobType":"CongressMemberJob"},"startDate":"1837-03-04","startCirca":false,"congressAffiliation":{"congress":{"name":"The 25th United States Congress","congressNumber":25,"congressType":"USCongress","startDate":"1837-03-04","endDate":"1839-03-03"},"partyAffiliation":[{"party":{"name":"Democrat"}}],"caucusAffiliation":[{"party":{"name":"Democrat"}}],"represents":{"regionType":"StateRegion","regionCode":"AR"}}},{"job":{"name":"Representative","jobType":"CongressMemberJob"},"startDate":"1836-08-01","startCirca":false,"congressAffiliation":{"congress":{"name":"The 24th United States Congress","congressNumber":24,"congressType":"USCongress","startDate":"1835-12-07","endDate":"1837-03-03"},"partyAffiliation":[{"party":{"name":"Jacksonian"}}],"caucusAffiliation":[{"party":{"name":"Jacksonian"}}],"represents":{"regionType":"StateRegion","regionCode":"AR"},"note":[{"type":"Note","noteType":"FootNote","content":"Took his seat December 5, 1836."}]}},{"job":{"name":"Representative","jobType":"CongressMemberJob"},"startDate":"1845-03-04","startCirca":false,"endDate":"1846-07-01","endCirca":false,"departureReason":"Resigned","congressAffiliation":{"congress":{"name":"The 29th United States Congress","congressNumber":29,"congressType":"USCongress","startDate":"1845-03-04","endDate":"1847-03-03"},"departureReason":"Resigned","partyAffiliation":[{"party":{"name":"Democrat"}}],"caucusAffiliation":[{"party":{"name":"Democrat"}}],"represents":{"regionType":"StateRegion","regionCode":"AR"},"note":[{"type":"Note","noteType":"FootNote","content":"Resigned July 1, 1846, having been appointed colonel in the Army in Mexico."}]}}],"creativeWork":[{"freeFormCitationText":"Hughes, William W. <i>Archibald Yell</i>. Fayetteville: University of Arkansas Press, 1988."},{"freeFormCitationText":"Yell, Archibald. <i>Speech ... on the Oregon question ... February 7, 1846</i>. Washington: Printed at the Union Office, 1846."},{"freeFormCitationText":"Meek, Melinda. \"The Life of Archibald Yell.\" <i>Arkansas Historical Quarterly</i> 26 (Spring 1967): 11-23; (Summer 1967): 162-84; (Autumn 1967): 226-43; (Winter 1967): 353-78."},{"freeFormCitationText":"------. <i>To the freemen of Arkansas</i>. [Washington City, Ark.?: N.p., 1838?]"}],"researchRecord":[{"name":"In the James K. Polk Papers, ca. 1775-1891, 39 linear feet.","recordType":["Papers"],"description":"Correspondents include Archibald Yell.","recordLocation":{"name":"Manuscript Division","location":{"addressLocality":"Washington","addressRegion":"DC"},"parentRecordLocation":{"name":"Library of Congress","location":{"addressLocality":"Washington","addressRegion":"DC"}}}},{"name":"1836-1847, 11 items.","recordType":["Papers"],"description":"Papers of Archibald Yell.","recordLocation":{"name":"Manuscript Division","location":{"addressLocality":"Washington","addressRegion":"DC"},"parentRecordLocation":{"name":"Library of Congress","location":{"addressLocality":"Washington","addressRegion":"DC"}}}},{"name":"March 26 and 28, 1845. 2 letters.","recordType":["Papers"],"description":"Finding aid in repository.","recordLocation":{"name":"New-York Historical Society","location":{"addressLocality":"New York","addressRegion":"NY"}}},{"name":"In the Edward E. Ayer Manuscript Collection, 1843, 1 item.","recordType":["Papers"],"description":"A letter written by Gov. Archibald Yell to Major Gen. Winfield Scott, commander of the U.S. Army, regarding the unprotected state of the Arkansas frontier. Yell writes that \"there are not less than 50,000 Warriors within striking distance and but the skeletons of two Infantry Regiments to keep them in check.\" In order to protect the western Arkansas frontier, Yell requests that the government provide additional military force from Fort Leavenworth to the Red River and that Fort Wayne, Oklahoma be regarrisoned, a post that was abandoned in 1842 by the War Department. He also requests that the 2nd Regiment of Dragoons be posted on the frontier.","recordLocation":{"name":"Special Collections","location":{"addressLocality":"Chicago","addressRegion":"IL"},"parentRecordLocation":{"name":"Newberry Library","location":{"addressLocality":"Chicago","addressRegion":"IL"}}}},{"name":"1840-1915, 0.25 cubic feet.","recordType":["Papers"],"description":"The Archibald Yell Papers contain correspondence, a will, and newsclippings related to the Yell family. A finding aid is available online.","findingAid":false,"recordLocation":{"name":"Arkansas State Archives","location":{"streetAddress":"1 Capitol Mall","addressLocality":"Little Rock","addressRegion":"Arkansas","postalCode":"72201"}}}],"deleted":false}}
