{"data":{"usCongressBioId":"Y000016","familyName":"Yeates","givenName":"Jesse","middleName":"Johnson","unaccentedFamilyName":"Yeates","unaccentedGivenName":"Jesse","unaccentedMiddleName":"Johnson","birthDate":"1829","birthCirca":false,"deathDate":"1892","deathCirca":false,"profileText":"A Representative from North Carolina; born near Murfreesboro, Hertford County, N.C., May 29, 1829; attended private schools and Emory and Henry College, Emory, Va.; studied law; was admitted to the bar in 1855 and commenced practice in Murfreesboro; prosecuting attorney of Hertford County 1855-1860; member of the State house of commons 1860-1862; solicitor of the first judicial district 1860-1866; served in the Confederate Army as captain and major of the Thirty-first North Carolina Infantry during the Civil War; member of the Governor's council during Governor Worth's administration; declined appointment by Governor Holden as judge of the first judicial district in 1868; delegate to the Democratic State convention in 1871; member of the State constitutional convention in 1871; elected as a Democrat to the Forty-fourth and Forty-fifth Congresses (March 4, 1875-March 3, 1879); successfully contested the election of Joseph J. Martin to the Forty-sixth Congress and served from January 29 to March 3, 1881; declined to be a candidate for renomination in 1880; resumed the practice of his profession in Washington, D.C., and died there on September 5, 1892; interment in Glenwood Cemetery.","relationship":[],"asset":[],"jobPositions":[{"job":{"name":"Representative","jobType":"CongressMemberJob"},"congressAffiliation":{"congress":{"name":"The 44th United States Congress","congressNumber":44,"congressType":"USCongress","startDate":"1875-03-05","endDate":"1877-03-04"},"partyAffiliation":[{"party":{"name":"Democrat"}}],"caucusAffiliation":[{"party":{"name":"Democrat"}}],"represents":{"regionType":"StateRegion","regionCode":"NC"}}},{"job":{"name":"Representative","jobType":"CongressMemberJob"},"congressAffiliation":{"congress":{"name":"The 45th United States Congress","congressNumber":45,"congressType":"USCongress","startDate":"1877-03-05","endDate":"1879-03-03"},"partyAffiliation":[{"party":{"name":"Democrat"}}],"caucusAffiliation":[{"party":{"name":"Democrat"}}],"represents":{"regionType":"StateRegion","regionCode":"NC"}}},{"job":{"name":"Representative","jobType":"CongressMemberJob"},"congressAffiliation":{"congress":{"name":"The 46th United States Congress","congressNumber":46,"congressType":"USCongress","startDate":"1879-03-18","endDate":"1881-03-03"},"partyAffiliation":[{"party":{"name":"Democrat"}}],"caucusAffiliation":[{"party":{"name":"Democrat"}}],"represents":{"regionType":"StateRegion","regionCode":"NC"}}}],"creativeWork":[],"researchRecord":[{"name":"1847-1861, 5 items.","recordType":["Papers"],"description":"The papers include two letters, 1860-1861, while Jesse Yeates was a member of the legislature, to his wife chiefly about family matters and Civil War news, and daguerreotypes of Yeates and his wife.","recordLocation":{"name":"Southern Historical Collection","location":{"addressLocality":"Chapel Hill","addressRegion":"NC"},"parentRecordLocation":{"name":"University of North Carolina","location":{"addressLocality":"Chapel Hill","addressRegion":"NC"}}}}]}}
