{"data":{"usCongressBioId":"Y000037","familyName":"Young","givenName":"Hiram","middleName":"Casey","unaccentedFamilyName":"Young","unaccentedGivenName":"Hiram","unaccentedMiddleName":"Casey","birthDate":"1828","birthCirca":false,"deathDate":"1899","deathCirca":false,"profileText":"A Representative from Tennessee; born in Tuscaloosa, Tuscaloosa County, Ala., December 14, 1828; moved with his parents to a farm near Byhalia, Marshall County, Miss., in 1838; attended the local schools and was tutored by his father and also attended Marshall Institute in Marshall County, Miss.; studied law; was admitted to the bar in 1859 and commenced practice in Memphis, Tenn.; served in the Civil War 1861-1865 as lieutenant colonel of Cavalry and on the brigade staff; Assistant Inspector General, First Division of Cavalry, in 1864; elected as a Democrat to the Forty-fourth, Forty-fifth, and Forty-sixth Congresses (March 4, 1875-March 3, 1881); unsuccessful candidate for reelection in 1880; elected to the Forty-eighth Congress (March 4, 1883-March 3, 1885); chairman, Committee on Expenditures in the Department of the Interior (Forty-eighth Congress); was not a candidate for renomination; resumed the practice of law; died in Memphis, Tenn., August 17, 1899; interment in Elmwood Cemetery.","relationship":[],"asset":[],"jobPositions":[{"job":{"name":"Representative","jobType":"CongressMemberJob"},"congressAffiliation":{"congress":{"name":"The 44th United States Congress","congressNumber":44,"congressType":"USCongress","startDate":"1875-03-05","endDate":"1877-03-04"},"partyAffiliation":[{"party":{"name":"Democrat"}}],"caucusAffiliation":[{"party":{"name":"Democrat"}}],"represents":{"regionType":"StateRegion","regionCode":"TN"}}},{"job":{"name":"Representative","jobType":"CongressMemberJob"},"congressAffiliation":{"congress":{"name":"The 45th United States Congress","congressNumber":45,"congressType":"USCongress","startDate":"1877-03-05","endDate":"1879-03-03"},"partyAffiliation":[{"party":{"name":"Democrat"}}],"caucusAffiliation":[{"party":{"name":"Democrat"}}],"represents":{"regionType":"StateRegion","regionCode":"TN"}}},{"job":{"name":"Representative","jobType":"CongressMemberJob"},"congressAffiliation":{"congress":{"name":"The 46th United States Congress","congressNumber":46,"congressType":"USCongress","startDate":"1879-03-18","endDate":"1881-03-03"},"partyAffiliation":[{"party":{"name":"Democrat"}}],"caucusAffiliation":[{"party":{"name":"Democrat"}}],"represents":{"regionType":"StateRegion","regionCode":"TN"}}},{"job":{"name":"Representative","jobType":"CongressMemberJob"},"congressAffiliation":{"congress":{"name":"The 48th United States Congress","congressNumber":48,"congressType":"USCongress","startDate":"1883-12-03","endDate":"1885-03-04"},"partyAffiliation":[{"party":{"name":"Democrat"}}],"caucusAffiliation":[{"party":{"name":"Democrat"}}],"represents":{"regionType":"StateRegion","regionCode":"TN"}}}],"creativeWork":[{"freeFormCitationText":"Young, Hiram Casey. <i>Bureau of Labor Statistics</i>. Washington: [Government Printing Office], 1884."},{"freeFormCitationText":"------.<i> Mexican war pensions. Speech of Hon. Casey Young, of Tennessee, in the House of Representatives, Saturday, July 5, 1884</i>. [Washington: Government Printing Office, 1884]."},{"freeFormCitationText":"------. <i>Public building at Chattanooga, Tennessee. Speech of Hon. Casey Young, of Tennessee, in the House of Representatives, Thursday, April 10, 1884</i>. Washington: [Government Printing Office], 1884."}],"researchRecord":[{"name":"1876, 1 item.","recordType":["Papers"],"description":"A letter from Hiram Casey Young to the President written on August 8, 1876. In the letter, Hiram Young recommends Edmund Dillabunty Baxter as a U. S. Circuit Judge.","recordLocation":{"name":"Department of Literary and Historical Manuscripts","location":{"addressLocality":"New York","addressRegion":"NY"},"parentRecordLocation":{"name":"The Morgan Library","location":{"addressLocality":"New York","addressRegion":"NY"}}}}]}}
