{"data":{"usCongressBioId":"Y000056","familyName":"Young","givenName":"William","middleName":"Albin","honorificPrefix":"Mr.","unaccentedFamilyName":"Young","unaccentedGivenName":"William","unaccentedMiddleName":"Albin","birthDate":"1860-05-17","birthCirca":false,"deathDate":"1928-03-12","deathCirca":false,"profileText":"A Representative from Virginia; born in Norfolk, Va., May 17, 1860; attended the public schools and St. Mary's Academy at Norfolk; studied law, but abandoned it before obtaining a license and devoted himself to mercantile pursuits; clerk of the circuit and corporation courts of the city of Norfolk for six years; delegate to the Democratic National Convention in 1892; presented credentials as a Member-elect to the Fifty-fifth Congress and served from March 4, 1897, to April 26, 1898, when he was succeeded by Richard A. Wise, who contested his election; presented credentials as a Member-elect to the Fifty-sixth Congress and served from March 4, 1899, to March 12, 1900, when he was again succeeded by Richard A. Wise, who contested his election; engaged in the real estate business at Norfolk, Va., where he died March 12, 1928; interment in St. Mary's Cemetery.","relationship":[],"asset":[],"jobPositions":[{"job":{"name":"Representative","jobType":"CongressMemberJob"},"startDate":"1897-03-15","startCirca":false,"endDate":"1898-04-26","endCirca":false,"departureReason":"OtherDepartureReason","congressAffiliation":{"congress":{"name":"The 55th United States Congress","congressNumber":55,"congressType":"USCongress","startDate":"1897-03-15","endDate":"1899-03-04"},"departureReason":"OtherDepartureReason","partyAffiliation":[{"party":{"name":"Democrat"}}],"caucusAffiliation":[{"party":{"name":"Democrat"}}],"represents":{"regionType":"DistrictRegion","regionCode":"VA"},"note":[{"type":"Note","noteType":"FootNote","content":"Served until April 26, 1898; succeeded by Richard A. Wise who contested his election."}]}},{"job":{"name":"Representative","jobType":"CongressMemberJob"},"startDate":"1899-03-04","startCirca":false,"endDate":"1900-03-12","endCirca":false,"departureReason":"OtherDepartureReason","congressAffiliation":{"congress":{"name":"The 56th United States Congress","congressNumber":56,"congressType":"USCongress","startDate":"1899-12-04","endDate":"1901-03-03"},"departureReason":"OtherDepartureReason","partyAffiliation":[{"party":{"name":"Democrat"}}],"caucusAffiliation":[{"party":{"name":"Democrat"}}],"represents":{"regionType":"DistrictRegion","regionCode":"VA"},"note":[{"type":"Note","noteType":"FootNote","content":"Served until March 12, 1900; succeeded by Richard A. Wise who contested his election"}]}}],"creativeWork":[],"researchRecord":[]}}
